6111035000430
6111035000058
3274080005003
3046920029759
5449000054227
3329770077003
3168930010265
3017620425035
5411188112709
8076809513753
5449000214799
8076809523547
3268840001008
8000500426494
20724696
20995553
3229820787015
5449000000996
3256540000698
5411188110835
3019081238643
80176800
20047238
5449000000439
5010029000023
3046920028363
3046920010047
16256163
16256866
3159470000120
5411188115366
5000168198491
8715700407760
3046920028004
5060042641000
3168930009078
50184453
5411188119098
3045140105502
3046920028721
80052760
5010477348630
8715035110106
87157215
5449000131805
8410076801180
5000157024671
5025125000006
5411188116592
54491472
3046920021043
5449000131836
5010029229110
4056489028109
5025125000037
8076800195057
5411188118961
5060088700112
5411188110842
5025125000112
5449000267412
8402001010873
5060042641406
8008698005576
20004132
8410076901026
80761761
3178530407396
3421557910203
5053990107339
5053990127726
5060042641420
8076800376999
6410500090014
7622210584724
8410076801197
4056489491217
7622210578464
5410126716016
8076802085981
7614500010013
6191509900671
8410076481597
3155250349793
8005110517006
8076809529419
20019907
5053990107384
5410126116953
5740900404465
8715035130104
5010029000016
50457243
3068320080000
4088600246291
20005832
5411188128311
13356194
5053990127740
50457236
8000500037560
3159470001424
20177218
5013665100065
5025125000129
5060088700105
16811207
3046920010603
5025125000150
90162602
80042563
20006105
5411188102809
10614594
4056489440116
3092718637927
20202392
7394376616228
8076809545440
8000430138719
5034467000216
3502110009357
8711327373105
8719200269743
5411188127697
8076809523509
20416690
4056489406679
5010003064744
5010044000701
5411188130055
3178530402988
7622201693916
0011210697003
5010029000801
5010265002911
8000500227848
50160884
8715035110809
8901063162914
4056489470847
50457250
3046920029674
5020364010113
5057967395088
5053990167807
20177201
5900951313592
3019081238704
5059319030517
5411188121213
5201054017418
4056489346364
5053827101424
8000500359488
8410076901033
8005110000775
0680569854124
4012359113108
5000168036755
01318180
20522605
4056489724070
8410076600837
8853662056012
5070000126579
8008343201179
5013665112273
5060042641437
4056489238072
5000426171518
5013665115373
5060228323799
20443375
5018357012497
5056051802419
5000184321064
5025125000105
5060042641413
4012359144003
4056489406662
5036589252450
4088600247519
5013665112235
8718114724485
4088600060941
5201004021328
4088600065991
5059697731860
5060337220415
5201054017432
8005110413520
8008343200660
5010029000504
3019081238650
4056489232872
5000129341041
5010044000404
4056489009191
5060317350033
5010029226188
5057967395071
75041670
8005110171710
4056489774747
5000157076410
4012359144102
5013665111610
5449000011527
0061232203072
3273220182574
5060055251548
5060088706534
4088600327587
5000157076397
8410076600790
5000157062673
5010044005126
5060337221085
5070000126548
8001250120342
8719200237902
20005771
20994945
4016241030573
5010265002836
3175460000017
5013665114017
8722700479475
6191509905058
8000500416938
8422174010029
5060088701478
5410126006353
8000500359815
5010003000339
5025125000174
8715035110502
4056489336136
5018095011271
3178530402995
5016084000374
5025125000198
5740900404779
7622201695521
8005110001673
4088600060880
5059697736582
5060088700082
5060092030977
5410126726947
8001060375109
8076809572897
8719200269828
4335619110335
5010029201246
5060283762199
5099801003339
8712566134144
5000108022152
5014213711290
5202390020407
8715035130302
5000111046244
5010044000121
5060198641251
5711953176609
20471613
40822938
5010044002552
5201054017517
7613287194374
8801073110502
8901063092853
5050974505259
5060367180758
8720182592446
3045320094008
5000159557771
5010044007588
5060367181311
8410076901019
8852018101017
10596975
5010029229035
5018357804764
5059697684616
5060482840179
3046920028370
5000157143037
5010029000061
5010044000251
5411188130031
7622201386597
4056489687641
8003753900438
8410076600479
4088600251806
6921804700269
0612322000127
5000436857112
5060092690331
5201054017531
7613031473113
3415581101928
40144382
4056489920045
5000295008069
50184385
5059697710001
5449000130389
5701977000097
4088600072517
4335619014459
5013803991982
5034467000223
5060201621805
8000430135268
80177616
20936600
4056489135623
5000129341034
5014213711306
3270160339945
4056489258346
4056489685937
5013665116738
5018095004341
5060088705940
5391532121710
7300400118101
8000430132267
8000500359556
8005110630408
5000373704289
5036034406193
5056053308742
5057753158422
5060337222143
5060878780386
5099077004306
5018095196596
5060198642760
8005110551215
4056489438564
5010092736614
5054781498063
7394376123337
7622202018701
4033634061020
4088600056135
4335619201859
5025125000075
5034660021582
5051399182506
5060198645617
5410126116236
5410126836066
0612322000202
5013665108801
5018095011318
5060198643156
5449000028921
5701977550554
8000500309469
8001250120076
8005110519000
8719200269934
3451790941610
5000328192871
5036589255598
5060088701447
5060367181274
5410126006360
7311071330815
7622201824334
0039047011304
20511296
4012359133007
5027952012573
7613287152183
8005110004674
87157239
3046920010382
4056489258353
5018357012534
5449000004840
5740900404540
8715035210301
10001295
4000417702005
4056489159506
5000119117342
5010092093441
5060853640131
8008698007303
90162800
5000436589457
5010029231212
5060283760072
5060283760669
5035139217604
8001250120120
8076809523738
8853662056005
40874302
4088600276267
5018357804849
5060490400242
20072360
3068320084602
4056489182528
4088600132334
5000127062092
5000168001104
5000184321071
5010003000131
5010029202410
5010292961182
5018357012350
5052910706706
5059319029702
5060043225353
5060482841565
8711327370708
20103286
4088600041445
4088600184197
5000129341157
5012121004336
5017764128104
5050974000822
5060362070474
5391528180073
0061232201948
5000119095282
5000137121994
5000232902450
5055958705427
5060040253724
5449000020987
0898999010007
4056489530091
5000295142893
5011157888101
5050974503712
5050974505297
5060198640261
5060482840766
8801043150620
3045320094084
4088600003429
5000354908248
5010477353115
5013665108344
5023762000113
5036829756328
5053827199469
5055958706288
5056053305703
5711953068881
80042532
8445291301948
4012359111104
4056489135524
5000157079602
5000181039580
5010477347312
5013665112259
5059604656255
5060198645624
8076809521581
20534479
4056489009184
4088600272696
5010338013714
5056215600103
5060317350040
5391532124162
7394376620157
0078895126396
4056489215226
5014213001049
5055940101145
5060853640049
8002210500204
0043647868039
29204861
3073780918763
3161710000128
4056489416951
4335619014480
5011273014903
50147588
5060198820052
5411188124702
5740900402751
8410076801203
3019081238681
3178530423839
5000116111978
5000246728749
5013683305589
5053990175949
5059319029016
5060283760812
8005110518003
0898999000022
20487942
20577391
4056489104230
4056489440628
4088600161686
5018357012411
5055958704161
5060228323980
54492790
5900531000010
8719200252332
20103354
4056489467953
4056489480037
5000108884231
5000157078773
5000184201199
5000187130946
5000354800931
5000436616443
5010477364654
5013665109389
5023762000137
5054775188239
5902057001748
80751151
01784060
3497917000914
4061464727830
4088600169934
5000111041836
5010338014339
5025125000181
5055958701054
5060367181977
7290104507045
7394376665035
7622210580092
7622300315269
8717677339914
0061232200545
0061232202556
20060831
3800082900567
4056489703990
4100290080389
5000108022176
5000157024886
5010067373417
5017764128128
5021185201223
5034467000650
5053990167845
5059697729072
5740900404496
80050278
8718692786820
8719200255333
8853662056661
9322969000015
0041500888125
0046000283265
13297703
3254550014704
4056489412175
4056489757825
4088600225425
4088600247458
5000165024014
5010044010144
5011986004505
5013665113133
5013683305466
5013803001070
5022019090204
8002210112445
01208610
4088600132341
5011157888132
5011835101690
5013665107538
5018374350930
5020364010151
50457878
5053990175888
5060482840209
1103086260005
4088600046648
5000328741581
5000342000398
5018374285577
5056315500891
5059512738814
5391511420209
5391532124179
0041500007229
01117011
4056489102977
4056489104254
4056489126669
4088600326252
4335619101067
5010029208610
5013665103134
5060120281975
5060337222334
8001585008155
8005110060007
8076809574082
00938150
20917609
4056489239901
4056489759096
4056489898924
4088600206714
5000119117359
5000159555500
5000246728725
5000328024240
5000354924712
5060088700822
5060139434362
8001665705073
00672566
0072417196379
1230000168007
3046920084000
3175460001625
3178530413977
3254474018635
4008100151611
5000157140920
5013635330010
50157709
5060088702000
5060198820847
5060367181984
50663569
8001060000933
8719200207974
01206111
10600425
3017624010701
3228020481426
4056489787136
5000127142190
5000442007594
5010092736812
5057373749130
5059319033501
5060088705230
5060198640360
5060719920001
5099801003315
7622210445346
8000380153442
20449100
4056489825623
50184439
5036034406186
5052003786561
5060139430104
5060198641183
5060317351474
5060482841992
51000005
5411188119753
1230000168045
20719326
3178530407983
4056489825586
5010578008020
5017764003395
5022374051872
5022824240061
5035251000191
5057172736669
5060283762212
5411188543381
5412514350000
5711953121234
5900085011012
5900531001130
7610400070577
8719200276581
00277679
00351546
01504972
20425609
3046920011013
3176582040103
4056489559795
4056489636601
4056489851387
4061459297959
4061459329834
4061461935283
4088600054513
4088600391977
5000108280941
5000116128921
5000128981330
5000246728800
5053990175826
5054775188321
5056053305802
5056138201807
5056315500884
7622210249661
7622210740427
8001060000926
8003753900520
00302661
0813636022953
20475604
3600900020497
4056489383444
5000157146342
5010029207880
5010171005006
5012262004011
5013665108320
5019503002157
5036589254836
5036829756342
5054402006486
5060362074342
5060406080452
5060490400396
7394376665028
7622201499679
8712566479665
0061232202952
20201838
3073780828628
4088600272689
5000111047517
5000119560445
5000237127261
5000328028873
5010029221091
5010044000275
5010821012033
50147311
5057545928769
5060362071594
5060362074373
5901520000059
8410076482495
8715035150300
00359047
1230000097048
20522612
4000417670915
4013159604551
4052917958390
4061464727755
4088600206721
4088600490458
5000328028361
5010044010854
5010115900596
5011157992662
5034467002029
5055958705342
5057545916049
5060120282019
5065009224302
8445290345608
0021000658831
0096619676811
0612322000387
0815074022915
0898999011288
3451790188718
4009900482967
4056489519706
4061459332896
4088600003610
5000159541374
5011013100156
50157655
5022019010202
5024530005293
5053827190046
5053827193368
5053990179060
5060088701980
5060198640643
5060337222174
5900396028167
8001060000261
8711327609082
8852018101079
9352042000298
0096619336753
01134742
0884912005502
4056489038627
4056489223368
4088600202433
4088600569598
5000157146298
5010477367570
5016084235516
5021812000656
5056215600721
5057172737147
5060495111587
5060878780713
7622300315283
8000320010095
8712429350100
0078895126389
01162622
0196633965912
04965802
0813636021932
0850004207390
20033347
3023290070628
3608580088486
4000417700001
4014400907902
4056489017479
4061463578013
5000168124643
5000232844217
5010029221701
5010044002378
5018297002008
5020364010144
5055958706721
5060088704097
5060337222150
5740900805309
6420211000332
7394376620713
8000500032237
8001250009999
8719200204768
00282123
0612322030087
4056489009207
4056489159773
4056489181415
4056489695318
4088600169859
5000354168550
5010029000856
5016887003060
5025878004887
5032439100070
5036589252597
5052004706292
5054781498070
5060069170033
5060362072102
5060925290752
5449000014535
8410076901002
8715000998630
8715700423951
8718868006004
00019101
0061232201047
09141209
3073781209891
3608580118886
4056489105169
4056489466598
4088600201825
5010043000917
5010477338679
5014271390420
5018357804863
5057172110827
5059319013473
5060495113291
7611100054713
7622201693954
8410076900302
00414234
4056489098591
4088600169866
4088600236377
4088600269634
4088600354965
5000108030904
5000111041843
5000118203503
5000119684257
5000354800870
5019503018974
5056215600738
5057545878798
5057967342044
5059319004051
5060088705179
5060132281796
5060183673915
5060235980589
7591002000547
7613287157201
0016000502666
0061232200293
0078895300024
01550368
20261368
3046920028400
4056489110149
4056489215233
4056489632078
4056489857334
4088600248752
5000157075154
5000157143075
5000328028392
5000328029146
5010477323194
5034467000872
5060087943947
5060088700136
5060088704882
5060108450003
5060198643583
7610100034084
7622201500573
8000500359884
8719979201470
8901719135217
00349222
0072417143700
01853315
0787099923204
20067274
20412074
4056489903703
4088600107998
5000116107810
5000119092502
5000127014084
5000157072023
5000354405099
5010003052949
5010044003955
5010044009650
5011544070034
5012818160154
5013665117551
5018735224924
5019503019056
5036589255710
5050974504139
5053990176168
5054775467549
5060337220149
5411188106814
6921180820025
8000320010118
8008698002070
8712429350407
8719200274365
8721800400884
00130509
0016229001711
00557825
01708752
0722252387530
10086988
20101268
3335880004112
4033634028689
4056489041917
4056489223351
4056489319238
4056489462828
4056489511182
4056489815785
4088600072029
4088600157962
4335619106758
5000108030553
5000116111947
5000295145054
5010477362735
5010477362759
5013665113157
5052910395559
5054269746884
5056053304706
5057545807132
5060092690461
5060853640698
5449000227409
54491069
5740900805408
8004030022010
8004030026018
8853662056029
00038317
0049733000215
20042974
20442767
4016241050199
4056489009412
4056489030959
4056489791973
4056489818175
4056489901105
4069365234716
5000157076427
5000168001210
5010029204247
5010044000039
5010238020355
5010338301507
5013665112372
5020580016999
5025840005195
5034660021445
5036589253273
5036589254874
5057545918777
5057967342082
5060262489598
5060360508733
5060430292760
5060482841978
5411188129899
5740700988349
7613287170989
7622202232633
8008698010259
80602316
8410076600806
8410376039733
8721800400808
96066829
00349215
17192008
20115685
29455614
3155250361825
4000417025005
4056489091936
4056489541813
4056489633341
4056489900344
4088600140889
4088600248783
4088600441672
5000137016955
5000157140227
5000159528511
5000328376677
5010034013995
5010044006536
5010265000801
5013683305527
5016451062110
5022019310203
5036829756304
5056053307684
5060139430364
5060262486931
5060336505209
5060337221931
5060430291848
5060526430601
5060719920285
5202406000041
5410126676037
54491014
5900512850290
5941047814005
7613033174667
7613287136053
7622202019265
7622210449276
8410076601704
8410076800510
8715035670808
8717677339938
00336789
0039047001442
00819459
01294231
01799095
20018931
20226909
20508111
29398003
3254381058694
4056489100553
4056489159797
4056489296454
4056489441403
4056489452775
4056489594512
4056489920069
40875125
4088600565019
5000127163096
5000128822107
5000237117446
5010003064768
5010822115078
5025125000433
5031021164032
5052675040206
5056051802266
5056053308803
5057172737154
5057967575824
5059319032931
5059697747953
5060040253731
5060183674011
5060201621812
5063089498866
7613287171009
7622201148782
8000500416983
8008698009024
8850620888012
20142360
20261351
20719395
29455607
4056489114727
4056489518075
4056489649687
4056489671435
4056489833475
4088600287805
41005514
5000168034928
5000232814500
5000232849816
5000237130612
5000354909924
5010029229158
5010498509218
5011038139766
5011308000314
5016887003503
5025840005447
50457014
5050083197840
5056053305727
5056053305826
5057008762893
5059319003931
5059319024165
5059319028958
5059512738302
5060238480765
5060360507897
5060430292784
5060490400259
5060853640032
7610900299072
8718114724430
8720182930231
0039047011496
00392754
20024727
20199876
4000539671005
4000539671104
40111490
4056489238997
4056489695332
4061459823226
4088600165455
4088600165486
4088600248592
4088600441689
5000137415970
5000232001108
5000232875303
5000436405719
5010003000353
50168101
5036589203896
50457137
5053526283131
5055958706349
5056215600561
5057545696439
5057753897413
5060042640744
5060088702307
5060139431842
5060367181281
5060678711252
5060811383254
5060878780409
5202390013836
5411188083191
5411188124191
5449000133724
8002270576829
8410076480637
8719189240177
8719200238657
8719200265455
8720182811578
8722700479451
01268423
20083892
20223281
20434861
29310524
29434725
29440689
3270160371983
3608580024408
4009900546089
4056489148975
4056489350804
4056489517511
4056489733645
4056489894735
4088600441658
5000111043991
5000119319906
5000157076434
5000168085593
5000169199183
5000237132296
5000362110206
5010044002446
5010338103767
5011476102223
5017764003142
5025840005454
50457656
5057545928806
5057753031664
5060040254622
5060055251234
5201054017012
5391115000302
5411188079996
6191509900862
6413300018042
7610900037360
8410076601445
8712429361106
8712566479368
8719200083899
00357937
01178395
01810325
10065891
1200288900002
1230000168021
20775995
20803360
29210039
3045320094015
4001724042105
4008400290423
4013159604599
4016241040503
4056489551911
4056489861744
4088600201832
5000157062680
5000159557658
5000187130908
5000354155024
5010044010137
5018357803842
5018922117718
5030101024679
5038862320108
5051140474201
5055958705526
5060088707975
5060221206860
5060283762427
5060406461701
5060470841485
5060482840759
5060482843422
5060489730046
5060678710583
50663811
5900385012573
7311070346916
7394376620720
7622201766375
7622210689382
7622210882974
8000500417195
8000500417539
8008698002025
8712566133987
00440783
00843430
0096619313952
01465204
20531805
20719319
3045320094053
4000417026002
4012359114204
4056489240846
4056489365310
4056489479475
4056489559801
4056489671442
4056489961833
5000137159614
5000157024855
5000168194189
5000181028133
5000246728787
5000254021313
5010029013047
5010044004679
5010044010175
5010338104054
5011308900928
5012427072206
5014008002237
5014067153833
5020411121151
5024121100475
5027952015994
5034660520191
5054269413625
5055940101169
5057753916428
5057753921668
5057753937133
5060042643325
5060139430241
5060198644177
5060202390359
5390691017919
5411188511137
5449000053879
7622201824198
7622202219214
8445290044822
8711200344130
8720182789662
00018166
00356251
00356282
00392778
00635684
01783230
01835588
20164072
20472313
20878979
3023290069042
3073781081909
4002971247503
4006424022365
4056489143888
4056489222446
4056489431039
4056489695363
4056489697381
4056489709992
4061459290349
4061459823141
40897837
5000159459228
5000168035031
5000169567555
5000328154893
5000328250687
5010029219494
5010044006529
5010061000098
5010102115491
5010115902941
5010204372204
5010228005157
5010928390508
5013635301454
5013635312160
5016887003893
5017764003371
5038862239615
5055958704123
5056215600431
5059319036373
5060043224561
5060198646034
5060430291909
5391528181070
5410228267171
6191509900664
7394376621673
8002210500303
8008440214065
8445290384874
8710532462505
8727200500209
00159111
01050974
01167177
01498257
0612322000219
0652655001156
20608668
21114731
3076820005188
3451790019142
4001686580332
4056489042396
4056489110118
4056489181293
4056489296461
4056489615958
4088600054520
4088600223612
4088600294063
4088600446387
4088600456461
4335619071223
5000112545326
5000175411187
5000184161028
5010003000247
5010115900718
5010228001869
5010228005195
5011038135126
5013665117537
5021638000434
5022019450107
5022313318332
5025125000259
5025840005430
5027324001839
5031021679253
5036034406803
5050974503736
5051008067439
5051399535838
5054781500421
5059319033136
5060136250194
5060198821295
5060262485286
5060262489741
5060283761529
5060283762366
5060337221948
5060362071525
5060719920162
5060853640124
5070000126562
5070000313801
5088722225852
5449000006004
6413300018028
7610900296682
8001060024649
8410422111048
8445290146434
8711327626386
8715700123691
8722700750185
00392730
00408950
10576403
1402016760005
20174552
20752859
20891329
29210053
3023290018354
3608580124887
4056489159780
4056489416791
4056489441281
4056489822790
4056489857358
4061461662097
4061464857711
4088600169842
4088600179131
4088600248646
4088600305592
4088600402970
4088600526072
4335619070806
4335619071179
5000111047371
5000157150431
5000159562034
5000171010025
5000232901422
5000328270548
5010061001613
5010975030020
5013665111917
5018374442215
5018735224948
5019503034165
5022374046663
5036589204121
5052675030009
5053990162765
5056142400029
5056215600486
5057545918814
5057753181369
5057753893958
5060088700129
5060088701966
5060092696470
5060120285331
5060146372756
5060178070866
5060262485583
5060362072263
5060406080223
5060878780539
5063089498828
5411188094159
5740900404571
5900531007019
8000500417287
8719200083905
8853662056067
00358910
00412896
01787306
09051209
20422684
3073780225960
3228020481167
3329770051584
3524130003177
4000417214003
4056489233725
4056489240853
4056489334538
4056489647799
4061461867041
4088600338620
4335619071643
5000111001007
5000118047817
5000157140241
5000168002286
5000169305348
5000184161165
5000237127285
5000295148154
5000328015897
5010228001838
5010338103781
5013665115953
5014067133804
5018297006464
5022019480203
5033665208639
5034124007626
5038862238854
5051140150471
5053827185738
5053990167982
5056053305789
5060040110010
5060108450089
5060120285706
5060198642289
5060198643088
5060335635174
5060384262918
5060482840186
7394376620867
7613036077514
7622201694104
7622210602053
8001060002319
8002210560000
8005110140013
8410076610355
8410376045017
8711327529793
8714100590430
8715035150102
8720182592132
9417986941806
00255998
0034000470693
00370950
00636186
00938112
01162615
20024796
20118174
3161911364531
3760192492614
4000405005033
4016241030580
4056489920052
4061461403775
4088600214672
4088600214689
4335619113381
4335619289796
5000127521056
5000169608036
5000187120862
5000436338826
5010477367457
5011157120706
5011308000994
5014276701139
5018374181121
5019503002133
5019503023022
5021991938771
5025840000978
5030101031882
5030343004330
5036589200178
5036589255093
5052675000224
5053990176007
5057545745946
5059697266034
5060055251272
5060088707937
5060198640407
5060198641169
5060292308203
5060317350408
5060482843729
5060604010046
5063089316764
5201219046154
5425038430394
5449000120960
5740900404502
6003770009178
7622201693930
8000500416921
8001665705042
8004030044005
8722700268772
00415668
01789621
1230000097055
20057022
20155896
29310456
29434756
29447909
3329770062467
3415581113921
4056489020189
4056489239666
4056489239918
4056489353508
4056489762416
4061462501135
4088600031644
4088600109602
4088600260679
5000111044202
5000119003867
5000119082985
5000127141193
5000157026071
5000157146281
5000159537858
5000159558396
5000159560832
5000168036991
5000234049795
5000328015927
5000328020792
5000354168543
5000373702315
5010034015098
5010044008615
5010044008707
5010338404383
5012121005241
5017764003319
5020934001008
5023762000632
50457366
5052910751676
5055534301180
5056215600752
5057545619483
5057545619520
5057545696651
5057545928899
5057753912857
5059319002781
5059319016450
5060088700815
5060132281857
5060178332216
5060337221986
5060337222310
5060360506128
5060367180383
5060367180819
5060544130279
5063089498842
51000009
5202390021640
7310130010354
7613035366749
8002210112704
8003753900469
87343397
8901491100533
00343473
00440127
20149918
20720018
20891299
29062140
29310609
3451790562631
4001686522424
4056489582892
4056489851721
4056489901112
4061461422974
4061461724146
4088600008110
4088600043364
4088600253961
4088600354835
4088600551968
40891699
4335619092792
5000108022190
5000108703174
5000111044226
5000168164045
5000232844231
5000295006829
5000295136793
5000328020822
5000354919534
5010034014152
5010338301316
5011038139483
5013665103776
5013803000509
50157969
5016887003367
5017764130787
5038862233996
5050974508311
5052004706261
5052909539339
5053827111348
5053990179039
5054267003378
5057373546791
5060055251852
5060088700549
5060088701942
5060120285683
5060139434386
5060151180766
5060198644238
5060336505025
5060336505247
5060406461831
5060426812828
5060490010496
5060504310000
5391532122168
7311311020636
7394376617164
7622201734848
8007990002306
8076809529457
8710532462482
8714100536186
8719200255418
8722700750116
8853662056333
00234931
00255752
00461498
03231845
0612322030018
0702382999100
1230000097024
1230000097062
20242152
20408466
20434878
29428892
3046920028417
3073781161298
3341502000110
4002359019999
4002359634529
4056489067788
4056489510680
4056489517528
4056489518853
4056489822806
4061461422981
4061462190681
4088600107677
4088600498980
4088600506340
4088600544618
4088600564357
4100290077617
4251097402888
4335619100787
5000116123919
5000157146311
5000159570701
5000168137605
5000197541893
5000232919953
5000328028651
5000328435756
5010003000292
5010044005577
5010061241699
5010102245143
5010228001845
5011308505024
5011835101058
5011835102390
5015168000026
5017764003111
5018095011431
5022019560202
5033060100149
5034467001961
5051790270581
5054402919854
5057967395651
5059319024196
5060043224486
5060120286420
5060283760652
5060426813313
5060482841510
5063089498811
5410126656022
5411188091912
5900012000232
5941006101566
7290105690005
7622201786373
8000500363539
8000500417225
90357473
00208000
00284493
00894531
0612322001063
20018924
20018986
20072377
20402167
20622701
29310616
29436637
4056489097280
4056489181286
4056489239642
4056489596240
4056489799009
4056489857341
4056489897590
4056489965923
4061461425005
4088600107806
4088600111193
4088600259246
5000159562430
5000168197586
5000169154496
5000169567579
5000169603550
5000237127322
5000328028613
5010003063457
5010029212464
5010044010861
5010338013363
5011428100048
5011766778008
5012121009003
5013683305442
5014008002497
5019503025668
5030343834098
5034033000220
5036034406650
5037166010944
5052909896579
5056053304720
5057008918245
5057545929582
5059319035741
5059697770203
5060040250945
5060055252132
5060084340237
5060136255939
5060178070149
5060178333022
5060198820694
5060283760034
5060367450578
5060376790047
5060482843194
5391532121758
5908260250515
7622202030635
7622202230998
7622300845759
8001585001330
8001665705066
8005110000454
8005110550508
8008698011294
8410376049602
8715700218427
9350271000164
0016229912437
00393645
00410205
00722803
0078895300017
01142945
01273588
0612322000028
0722252387479
20024666
20044794
20512156
3076820010373
3560071495749
4017100207136
4056489632061
4056489818410
4056489825579
4061461631406
4061463723178
4088600043357
4088600226736
4088600247601
4088600249407
4088600311357
4088600526089
4088600551975
4335619020979
4335619071025
5000116124596
5000118203664
5000157062734
5000157147516
5000159561808
5000169566558
5000181024043
5000205046990
5000328015873
5000328333731
5000358754346
5010026505170
5010044002316
5010044010571
5010067306774
5010228006987
5010251720072
5010292956744
5011013100118
5011835101065
5014276701504
5017764004019
5018357804788
5034660021537
5035251001310
5036589254270
5038862236911
5050974000655
5052449437362
5053827209762
5053990167692
5054269805611
5057753083922
5057753899417
5057753924553
5057753940317
5059319024479
5059697256110
5060055255102
5060058330868
5060088700563
5060088709047
5060108450546
5060120282347
5060149576069
5060221201810
5060262485309
5060292308500
5060321390407
5060482842234
5060770730267
5060853640391
5063089498835
5099077005013
5391528040216
5425038430417
5900085011180
5900649081192
7613031473090
7622201730352
7622202017346
7622210695390
8000320990113
8000500290415
8001440126802
8008343880664
80177128
8410076491602
8718166007628
8719200274747
00374743
00405799
00411424
0041570080146
00427920
00515221
0058449771890
00852166
0096619482016
0096619955886
01121124
01219098
0850004207413
20035846
20071097
20086855
20491543
20691776
20843434
3068320055008
3664346304863
4056489042570
4056489175209
4056489518624
4056489528005
4056489896364
4056489965114
4060800103307
4088600107004
4088600190105
4088600201658
4088600284910
4088600574530
4335619016217
4335619122147
4335619136908
5000129361629
5000157062741
5000157078797
5000159537834
5000168037011
5000225005816
5010029227451
5010044009124
5010044010557
5010046001003
5010292961229
5010338000295
5010975070095
5011157888163
5011308505017
5012035927608
5012845032660
5014276701115
50168064
5018374442277
5019503047615
5025840005294
5033060100040
5050083459825
5051399183589
5051898384029
5052003557963
5055958706301
5057373748423
5059697706981
5060042640690
5060043225261
5060149576052
5060262489932
5060283763097
5060310781346
5060560280804
5060853640025
50823093
5425038430455
5900085011029
5900531004018
5997523315535
6410500091868
7394376617980
8003740125363
8008698031032
8715000934720
8717677339877
8718166007635
8722700268727
0005100000100
00192125
00322768
00322775
00436151
00487641
00502566
01002553
01135626
0612322000394
0612322001131
1703543090000
20009847
20010300
29308217
29398065
3273227081023
3415581114928
3664346348706
4021700800000
4025500277031
4056489175322
4056489203667
4056489239895
4056489462200
4056489479390
4056489851370
4056489883616
4088600003863
4088600068367
4088600090849
4088600251615
4088600338637
4088600463575
5000108589945
5000108675495
5000116128945
5000129339925
5000129361612
5000137440903
5000169061046
5000184221241
5010003001169
5010044010045
5010046001102
5010338301491
5010459005025
5010745055864
5011157888156
5013683306715
5019503034189
5021016990999
5023528000036
5032722309791
5036589254218
5038862139991
5039303005677
5051140474263
5052909736189
5054269960853
5055958706561
5059697263682
5060084345539
5060139436618
5060262485262
5060262485408
5060317355687
5060360506166
5060362072072
5060403010315
5060482840513
5060604012774
5060878780614
5063334015725
5063445801545
5065008402114
5201054057346
54491496
7613287169990
7622202219306
80001218
8001060012578
8410031132519
8719200284418
8720182812650
9557129008819
00316286
00355858
00426800
00461481
11117780
20983451
29294343
29295982
29308750
29413010
4056489542926
4056489556923
4056489609490
4069365229156
4088600031620
4088600157924
4088600247571
4088600276250
4335619092846
5000116124640
5000147030125
5000157062758
5000168124858
5000169618868
5000205048277
5000232005915
5000232902351
5000234054478
5000237134603
5000246728794
5000354404009
5000462979826
5010044000305
5010044000312
5010044010878
5010204049458
5010477346032
5010477367471
5011273005444
5011308900935
5011476100175
5012121009133
5018297012151
5019503025842
5022313000251
5033665209773
5035660138782
5038862102704
5050974000556
5051008865622
5055958701078
5055958704215
5056138202583
5057008100947
5057545928783
5057753918163
5057967014163
5059319021218
5059697261985
5059697687792
5059697717314
5060088709269
5060139430647
5060292308708
5060336505063
5060406461725
5060430551690
5060489730657
5060560280811
5060878780416
5070000120713
5070003103201
5099801000352
51001233
5391511420780
5391528180271
5711953184796
5902884461319
7610036002744
7614500035788
7622201694777
7622201824563
8001665705059
8002270506833
8003753900490
8410076621030
8711327629394
8712566479528
00181495
00356268
00797016
00851985
01115215
01175424
01810387
0612322030209
0722252387578
10001363
20054830
20622930
29060702
29204892
29306480
29435197
3045320094022
3270190023562
3451790019159
3564700670941
4056489159988
4056489340355
4056489594536
4056489822813
4056489898818
4088600041476
4088600074948
4088600100432
4088600100449
4088600111827
4088600268781
4088600401096
4088600448480
4088600463582
4088600564869
4335619015005
4335619071216
4335619272606
5000116102709
5000119809902
5000128605113
5000159553018
5000168036670
5000169567418
5000328015552
5000358218312
5010026512840
5010029204209
5010034013674
5010477323118
5010525258713
5010928459502
5011003000237
5011308325776
5014213000929
5016805010156
5018374085238
5018735224931
5019503018110
5019503047554
5026489477459
5028482101140
5032722312920
5034467001275
5036589255659
5038862137522
5051140851460
5051399183640
5052003594449
5052910759092
5053526799779
5054781841210
5056053305741
5056053308780
5057545713419
5057545744741
5057753910822
5057753934996
5057967395033
5059319035895
5059697270109
5059697385087
5060040253915
5060054134033
5060088701607
5060088703168
5060136250064
5060139435550
5060337220071
5060360506104
5060446800409
5060811384466
5060878780379
5202178002335
5202390031007
5202390031014
5411188123132
5711953081354
6003770009130
7394376616587
7610900296668
7622202287510
8001250120939
8002210125070
8076802085837
8711327374324
8711327532359
8718300876042
8719200255395
9000331697048
0024000124023
00254243
00384322
00423946
00497121
0049733123457
0071475740012
0078895710922
00961035
01705461
01774221
0612322001698
0702382999223
10051108
1103749230000
1230000097017
1405149170000
20113476
20534462
29296071
29428878
29436156
3036817800141
3236240070313
4000512015062
4000539670503
4002359630330
4017100287343
4056489127284
4056489175599
4056489217435
4056489239888
4056489257967
4056489518860
4056489762720
4056489822752
4056489844693
4061461161705
4088500698268
4088600046662
4088600206462
4088600248899
4088600257266
4088600268873
4088600475851
4088600505992
4088600526010
5000137002965
5000157076403
5000157079756
5000157140869
5000157147868
5000159451666
5000159541312
5000168194127
5000175411217
5000181024050
5000184321552
5000189120563
5000254020323
5000342000459
5000354910678
5000354924729
5000358776508
5000436734345
5010003001176
5010003054226
5010112006161
5010338071134
5010438013638
5010822115061
5011157996738
5011273015108
5011273044757
5011766999991
5013665116172
5013665116233
5013803000080
5018297012199
5019520001508
5027952012986
5031021069665
5031021139801
5032439100179
5033060100125
5036034406476
5036589200918
5036589257530
5038862003438
5039303006872
5051140455736
5053990167531
5054267003477
5056053309336
5056138202545
5057172578825
5057753223847
5057753898397
5059697767647
5059697767913
5059697770616
5060043224684
5060100601861
5060120285744
5060178332209
5060198648366
5060198820717
5060283762359
5060360508757
5060367181946
5060384263076
5060426813382
5060430292746
5060482840216
5060604010015
5060678710057
5063089498873
5202390015878
5391511420421
5900820001353
7622201734862
7622210303646
8000139910227
8002210115422
8002210501201
8005110516009
80310167
8721161463115
9350271000225
0011210115255
00146098
00159425
00246231
00268189
00313254
00381635
00433228
0070177075101
0072417161575
00972376
01217155
01771879
01774207
0637793001008
0702811594777
0777777111122
1230000097031
1302371760002
20024703
20337179
20428761
20448554
20851897
21069703
29339181
3023290037577
3045320512823
3046920028424
3052910013677
3052910013776
3161911393210
3178530408027
3329770051577
4056489240228
4056489383529
4056489753919
4056489823964
4088600011899
4088600041582
4088600042435
4088600043340
4088600054469
4088600054537
4088600072500
4088600108063
4088600132327
4088600165417
4088600206615
4088600216638
4088600229911
4088600492629
4088600539768
40889221
4335619015371
5000119118615
5000159571401
5000168197609
5000169051658
5000169199152
5000232192202
5000237127308
5000237138342
5000295141612
5000328228402
5000354923692
5000358462043
5000462162617
5010034013803
5010102240490
5010102245150
5010251430896
5010251750611
5010292967214
5010477367495
5012035927592
5013665103028
5013665116158
5013665117872
5015326450069
5017764003258
5018357012572
5021812002742
5021991943492
5022313395401
5022313729824
5024121804120
5027952012511
5036589250838
5038862230506
5038862304504
5039303005004
5052909539698
5053990107353
5054775467525
5054775579587
5056269000300
5057008101036
5057172695645
5057373870810
5059319031170
5059697694509
5060054134132
5060088700556
5060088703885
5060106170002
5060283762649
5060298573902
5060360507309
5060406461855
5060406462296
5060482843736
5060489730206
5063250549274
5063270101766
5063334012687
5070000206868
5391115000821
5391527000952
5410126076936
5410976140122
5411188300328
5900020042538
5900320001303
5900783000424
5901713021991
5908230521508
7622210148483
7622210584717
8000500416990
8001830533012
8002210500105
8008698040126
8076809569101
8410261612140
8436024720037
8445290044891
8600114000020
8710532469511
8712100889288
8715700118734
87170788
8718868006080
8801052435015
8994963002800
9300641001079
00122030
00280457
0031200452009
00435154
00819589
00964371
01835151
0287042003750
0667803000707
20026554
29434787
3033491377006
3329770043633
4000417028006
4000417701008
4002103248118
4009900522120
4012359130006
4025700001023
4056489150572
4056489257318
4056489367611
4056489705192
4056489713425
4056489855057
4056489965893
4061462693410
4088600057712
4088600058306
4088600205724
4088600344270
4088600451558
4088600490243
4088600550848
4088600551739
4088600551951
4335619011625
4335619036345
4973652025614
5000108030539
5000116128914
5000119002402
5000119003843
5000119018663
5000119511027
5000119532305
5000157147851
5000159556781
5000169070857
5000169288832
5000169491256
5000169595336
5000169618806
5000171033635
5000181036312
5000183501108
5000184321606
5000193140946
5000205046983
5000232819109
5000328428581
5000354159589
5000354919602
5000354922831
5010003063440
5010026518163
5010029227116
5010029231199
5010035068383
5010067371130
5010084103677
5010092840717
5010092840816
5010102114135
5010228005287
5010251850403
5011273040209
5012121006330
5012427212404
5013683305503
5014067332450
5014271300429
5016887007273
5018297012175
5018374363251
5018374717221
5024115330055
5024121100499
5025125000242
5025840004815
5026489494104
5032722317437
5033665206864
5038695000796
5050854476051
5051008205732
5051140350352
5052004163866
5052910759214
5053990182909
5054267000681
5055958705977
5056053305673
5057753917920
5057967396795
5059512727047
5059697266027
5059697687150
5060088709030
5060166690007
5060262487341
5060298881601
5060337220163
5060367181564
5060375300124
5060384262901
5060391626888
5060425720025
5060430292920
5060482841770
5060495118074
5060770730281
5060960661258
5063089499245
5711953081330
5900120005013
5900242001566
7340001804546
7610400067324
7612100053607
7613287598998
7622201416140
7622201811150
8000320010026
8000430133172
8000500417348
8001665717892
8005110004704
8410179100036
8410376027693
8410660049769
8410793066138
8422229110308
8850025000026
8906010503451
9350271002601
9556041780629
96119341
00159388
00286558
00302838
0031200452603
00395496
0043647680037
00508230
0070177259075
0078895141849
01050578
01142976
01261448
01381184
01399653
01538229
01774047
01898811
03012369
03297537
0612322001414
0612322001612
0832697000595
20025953
20425661
20719159
29149834
29310494
29310760
29379521
29436002
3023290025338
3068320114460
3073781173468
3265475011006
3415581105926
3451790188831
3560071263317
3608580082767
3608580968597
4009900546102
4017100290008
4018077620003
4056489005568
4056489038641
4056489203551
4056489321170
4056489440512
4056489594277
4056489666011
4056489710844
4056489822561
4056489855040
4056489895039
4056489898856
4061459300239
4088600052922
4088600111209
4088600206479
4088600248585
4088600249506
4088600259444
4088600346854
4088600370842
4088600526065
4088600552668
4088600554983
5000108281238
5000111043106
5000116107827
5000116111954
5000127010093
5000147030149
5000147030699
5000157156150
5000168210360
5000169567388
5000169597293
5000232024602
5000295157408
5000328020853
5000328250762
5000328697796
5000354919732
5000396037937
5010003070127
5010044003559
5010044008714
5010092093243
5010102240384
5010228000145
5010228001081
5010525258737
5011157670119
5012262004516
5012427141100
5012427142503
5016805010255
5018095008141
5018811000015
5019503026887
5020580021122
5022313395586
5024121617300
5027952014621
5032722301214
5034124005325
5035272937469
5038862102506
5051140851385
5051399536071
5054267000216
5056142400043
5056215600714
5056315500983
5056315501027
5057545864302
5057545918791
5057753654504
5059319002811
5059319030708
5059697737428
5060042641444
5060072970019
5060337220408
5060360507590
5060362071242
5060367182110
5060391626864
5060470841584
5060482843170
5060504310116
5060504310918
5060660910588
5060751995364
5060878780454
5060930820043
5060960661371
5061056620197
5063210015849
5065008402152
5202390030321
5391526414422
5410228313861
5411188114666
5900649081178
5901939103099
6921180820087
7622201386757
8001250120236
8001250120502
8008343880039
8008698010402
8410660049981
8715035280304
8719200208100
8727200501046
8888056603862
96134856
00044196
00075473
0013409918104
00251303
00252751
00278317
00345033
00358484
00607537
00973342
01136654
01145915
01147551
01180992
01642605
01693607
01729313
01766820
01774214
01875546
03340936
03403112
0637793000902
10001691
10066980
10595125
20018191
20037604
20047696
20072414
20080198
20319618
20891305
21062513
29027200
29482733
3023290018415
3023290041703
3045320094091
3045320094169
3273221110965
3329770051539
3608580082699
3608580968580
3830074230365
4002359014819
4014400910063
4052917794233
4056489113133
4056489124177
4056489139713
4056489184652
4056489296324
4056489825524
4056489885757
4056489943594
4061459179002
4061459768732
4061462555282
4061463891679
4061463958617
4061464139749
4061464172388
4061464422834
4088600052854
4088600083995
4088600169088
4088600169873
4088600206486
4088600216645
4088600248769
4088600285573
4088600316536
4088600365077
4088600541778
4088600555577
4335619124332
4335619214675
5000119014436
5000128624152
5000128654517
5000147026593
5000157062659
5000157158598
5000159535182
5000159561204
5000169055472
5000169181744
5000169410738
5000232879677
5000237127346
5000326010030
5000354159558
5000354160882
5000354909702
5000354910920
5000354919282
5000354922848
5010029217766
5010044002743
5010044002958
5010044009643
5010251523192
5010477362773
5010525167671
5011157671222
5011157996752
5011273000678
5012389005014
5012427142701
5012427642102
5015168000019
5017764003159
5021812005569
5022374054255
5025840003689
5026489494111
5027952012863
5032722317444
5035272937483
5035660138775
5036589201601
5036589255451
5036589255475
5038862302500
5038961002318
5039303003772
5050179325812
5050179762099
5051399183664
5051399457208
5052003785939
5052449483161
5052675000200
5053526005757
5053947859342
5054269711073
5054402114105
5056053309978
5056215600820
5056315501089
5057373699688
5057545579008
5057545744468
5057545987162
5057753264093
5057753915698
5057753927844
5059319021836
5059319036137
5059697699368
5059697724442
5059697726699
5059697769313
5060042640768
5060113919359
5060136256134
5060137770691
5060183673922
5060198640001
5060198640247
5060283762793
5060321390315
5060336500044
5060346831008
5060360507538
5060360507873
5060367181953
5060413263152
5060426812583
5060430292944
5060482843156
5060482843217
5060495116988
5060509390007
5060660910038
5060660910557
5060719920636
5060853640315
5060878780447
5060925290899
5060960662309
5070000140100
50761142
51000012
5201054057339
5410126676747
5411188139607
5449000034335
5900531011016
5901882110014
5997523315511
7612100005569
7613287228338
7622210269249
8002270000515
8014601036100
8410076482501
8410076601254
8713621140858
87170146
8720182674937
8801043031011
8850389106280
8851876201549
96169544
0000200010279
00163514
00220552
00330954
0037600106436
00553179
00671729
0078895100013
0078895141924
00940863
00972512
0111121111121
0112111211111
01179101
01454437
01679793
01731323
0196633939791
03341186
0612322001841
10065877
1220000450097
20012182
20067281
20164027
21115196
29306497
29386062
29445189
3023290624012
3046920021005
3073780828642
3092718638986
3288130600070
4000539671203
4025500278113
4025500294618
4056489126867
4056489128427
4056489183686
4056489210160
4056489239017
4056489353492
4056489411505
4056489519812
4056489710837
4056489757030
4056489790457
4056489851790
4056489898146
4056489903147
4061461442286
4061463723192
4061463872265
4088600043333
4088600101125
4088600225302
4088600294292
4088600316529
4088600331584
4088600451565
4088600556161
4251097419244
4335619151741
5000108883951
5000116111848
5000119001467
5000119004000
5000119309235
5000127049307
5000128635011
5000157062666
5000157140234
5000157140876
5000157156044
5000159556897
5000169020067
5000169022900
5000169037393
5000169090336
5000169251201
5000169579633
5000169632727
5000169653517
5000232003478
5000232828750
5000237124673
5000237204085
5000328373362
5000328490557
5000354923722
5000358399073
5000436802389
5010034014206
5010044002460
5010044008349
5010046002017
5010067321630
5010115811205
5010204612287
5010228071329
5010338202798
5010338301385
5010438013683
5011157888125
5011308505062
5012389900159
5012427642201
5013499000036
5013635312108
5015285811123
5018297008055
5020580021085
5022019010110
5022313318417
5022374059861
5022463450944
5029578000200
5032722304413
5033450000585
5035251000146
5036589201557
5036589201618
5038862001090
5038862104708
5050668011066
5050974504115
5052004706353
5052320708338
5054070234136
5054070479155
5054070479179
5054678300011
5056138201821
5057545828847
5057753932992
5060055255591
5060075672774
5060084346185
5060088701690
5060132284308
5060139431019
5060139436144
5060139436564
5060139436625
5060150940002
5060198820892
5060262489833
5060337221955
5060360507477
5060366570901
5060367182424
5060430292548
5060512670943
5060560280835
5060604012415
5060651990308
5060878780546
5060878780874
5060940940182
5060941970379
5063334010768
5063334012236
5065008402121
5065009224319
5070000120706
5391526414385
5391528181216
5391532123950
5410126656145
5411188128977
5449000073587
5900783000417
5997523315832
6001048000902
6003770000953
6921804700757
7290005307089
7394376614552
7394376620737
7394376620874
7610900037346
7613031513031
7622201747558
7622210575012
7622300489434
8000500026731
8001060032002
8001420009118
8003340090535
8008440246004
8008698002100
8411320801055
8422229110100
8711327373013
8711327539624
8713108000835
8718868006059
8719200070714
8850389103142
00031059
00074742
00132589
00196819
00272513
00318976
00358477
00369626
00381819
00392211
00409780
0041500888200
00434010
00816298
00850995
01098037
01147636
01268584
01304336
01409840
01468175
01773163
01781182
01817966
0282939002250
0604565083791
0612322000790
0612322030193
10067819
1204835920000
20003364
20018207
20066062
20068196
20265816
20462628
20802332
20952983
29308835
29310562
29420216
29428885
29432172
29448081
3073780897358
3073781160031
3154230045984
3415581176025
4002359019661
4002359020223
4009900477413
4009900547680
40144405
4056489044109
4056489240099
4056489240327
4056489240792
4056489354086
4056489491224
4056489491248
4056489542919
4056489798552
4056489860983
4056489904373
4056489917366
4061458015516
4061461614973
4061461951771
4061462760808
4061462910449
4088600007885
4088600016405
4088600080536
4088600108568
4088600134086
4088600162997
4088600169927
4088600227368
4088600249414
4088600249421
4088600262529
4088600304663
4088600315775
4088600401270
4088600412177
4088600426990
4088600563893
4251097401669
4251097402918
4251097405391
4335619092822
4901002075415
5000108030591
5000116124688
5000119002297
5000119007247
5000128104524
5000128967242
5000147030156
5000147030682
5000157062697
5000157063441
5000157078780
5000159533546
5000168035079
5000168040028
5000169126974
5000169247266
5000169386927
5000169671030
5000171050656
5000171061492
5000181030938
5000184161066
5000232844279
5000237117460
5000237126806
5000237134580
5000295109094
5000328014937
5000328033730
5010026515605
5010035167697
5010044009384
5010092093045
5010115902064
5010251450252
5010251624561
5010251920113
5010251958178
5010525126524
5011157888316
5011157995403
5011308510264
5011766300223
5011826420205
5012035952174
5013427015620
5013665116974
5013803001131
5014276512025
5016887004906
5021554989172
5021638100097
5024121222207
5026489487083
5027952015727
50300839
5032722309906
5033665208912
5033665211110
5034124007725
5035272937520
5038862104500
5038862634106
5038961001144
5039303003789
5050974508359
5051790493904
5052004654777
5052320703883
5052910758996
5052910760050
5054267003460
5054402919830
5054775467501
5054781745228
5055958706707
5056053308827
5056142400005
5056142401804
5057373126719
5057545092514
5057753125769
5057753253240
5057753653989
5057753928063
5057753937904
5057967394784
5057967621057
5059319021300
5059604610295
5059697385681
5059697705632
5059697744303
5060042640751
5060042640782
5060132284322
5060139435246
5060139436151
5060183673892
5060201621829
5060238480345
5060317322146
5060337220545
5060362072133
5060367181328
5060430292104
5060470842130
5060482841985
5060482842418
5060482842852
5060490400051
5060563220173
5060678710590
5060770730274
5060853640063
5060878780607
5060925292138
5063334010621
5063334012250
5063334012694
5070002576600
5088722227061
5099077001572
5202390029592
5411188106852
5411188119586
5449000601971
5900259133311
7290106572294
7312082002104
7613287195234
7622202037528
7622210592996
7898678662056
8001420011883
8001665723466
8003340802428
8053178940045
8410076472083
8410076610362
8426944001071
8710482070621
8719200070738
8719200265578
8850389103166
9350271002021
9556041780612
00074988
00185363
0024000001669
0031200005571
00328678
00367615
00389327
00392990
0041500763675
00456814
00470698
00491181
00496223
0052600751219
00816243
00816304
0096619338696
01016369
01061345
01138061
01138467
01147537
01167078
01304893
0288762003754
03446171
0610563356843
0612322000776
0631803000425
0702382999179
0737452885298
20122522
20148508
20889463
20897666
20995195
29032617
29098354
29217120
29285976
29376681
29405992
3045320518283
3073780865661
3073781159936
3155250361818
3161910238710
3451790011917
3560071227661
3608580169871
4005906003724
4008007017799
4009900489119
4025500277055
4056489027188
4056489091738
4056489105138
4056489126287
4056489156208
4056489219484
4056489354079
4056489410843
4056489479604
4056489519720
4056489617891
4056489625919
4056489633112
4056489650638
4056489664826
4056489712459
4056489763055
4056489822608
4056489822745
4056489826743
4056489845492
4056489898139
4056489977681
4061459249149
4061459298888
4061459659597
4061459803570
4061459957396
4061461631383
4061461867027
4061462479687
4061464462472
4088600003412
4088600101163
4088600112510
4088600140872
4088600157887
4088600157931
4088600163703
4088600172958
4088600179148
4088600213019
4088600247564
4088600258775
4088600528021
4088600540412
4088600541860
4088600551722
4088600556901
4260426832104
4335619062993
4335619180659
5000108022824
5000108763024
5000111044240
5000116123902
5000118047794
5000119003034
5000119274960
5000127421257
5000128830201
5000128947589
5000157075253
5000157144362
5000157146816
5000168038780
5000168176833
5000169125076
5000169149508
5000169324684
5000169677933
5000171053015
5000181035179
5000197153959
5000227000185
5000232414700
5000328013305
5000354909689
5000354914829
5000354925474
5010003000254
5010034013681
5010034013735
5010035002486
5010251268192
5010251494041
5010251618997
5010338304089
5010498509232
5010525126500
5010793380116
5011273002160
5011308000338
5011308000901
5012427141209
5012427212503
50127504
5012869542015
5013665115397
5013665117858
5013683307385
5014271360423
5014276700453
5016084123455
5016887004999
5016887007280
5018095010113
5018357803866
5018374023513
5018374928993
5021812000694
5024121100536
5027324001860
5031581300512
5032722315334
5033022002269
5033060100057
5033665211028
5034467001985
5036589254553
5036589255512
5036589255635
5037166010968
5038512005041
5038862306508
50409709
5050179136500
5050665038820
5051140150457
5051140449377
5051898719357
5051898971137
5052319376135
5054267002333
5056215600097
5057008079335
5057172220830
5057172706204
5057373027627
5057545735527
5057545877678
5057753891367
5057753900335
5057753902384
5057753909550
5057753927646
5059319013503
5059319022437
5059319036588
5059319037516
5059512730856
5059697393471
5059697712784
5059697739514
5060001830001
5060058331735
5060084345591
5060084349346
5060108450324
5060136250170
5060150940576
5060221201391
5060230050423
5060245600507
5060262489956
5060317321767
5060337223041
5060362074281
5060367181540
5060375300162
5060391624532
5060406460216
5060419860126
5060469988474
5060853640704
5060853640834
5060940940243
5063334012359
5065015507000
5070000550022
5099077001848
51000646
5202234620329
5391521690494
5391528040469
5900259127600
5900567001746
5908230515903
5996071650648
5997523312176
5997523315856
7622201719562
7622201770419
7622202253133
7622202254291
7622210695406
7630486408699
8001665722650
8002270396885
8410076611246
8410376039719
8445290856296
8711200576425
8711327589360
8712800143772
8714100536209
8714685000010
8715700131139
8718166064812
8719200255319
8850389103159
8850620888203
9312336049013
00080477
00163019
00219426
00239592
0024000124962
00340960
00355827
0037600209571
00388030
00392785
00405249
00429849
0043647380012
0043647440013
00439183
00451369
00485081
00724159
0075172079246
00816359
01187489
01208450
01221008
01222685
01255027
01371918
01539622
01644432
03236420
03278116
0612322001766
0898999010144
10100295
29296057
3017627101604
3178530410365
3228023190042
4000417704009
4007933855987
4025500278120
4033634061006
4056489028772
4056489198529
4056489217411
4056489221678
4056489308294
4056489410850
4056489466635
4056489479598
4056489639145
4056489647317
4056489649694
4056489713012
4056489720164
4056489884880
4056489901587
4056489903291
4061459385779
4061459965919
4061462209802
4061462510809
4061463723215
4061464848979
4061464857926
4061464927902
4088600042411
4088600104751
4088600140261
4088600148571
4088600165707
4088600169064
4088600209906
4088600294278
4088600313146
4088600398358
4088600408521
4088600465371
4088600511368
4088600545363
4088600550572
4088600553801
4088600564340
4335619035843
4335619129030
4335619202238
4901515114564
5000108002192
5000108942108
5000116102464
5000116128938
5000118203480
5000119794819
5000128104494
5000128581820
5000128609043
5000157062635
5000157062864
5000157140258
5000157156518
5000159600903
5000168040097
5000169145500
5000169252086
5000169552346
5000169579794
5000169595176
5000169647561
5000184321842
5000232828736
5000232844255
5000232901392
5000234052825
5000237139394
5000237139400
5000246728756
5000316001413
5000328202389
5000328270890
5000328288529
5000354203695
5010029229899
5010035064798
5010035068352
5010061001019
5010092097944
5010102242869
5010105001760
5010162000164
5010204699462
5010217223838
5010251523208
5010251907510
5010292956720
5010292963094
5010338000523
5010338104023
5010477320858
5010578008068
5011766010139
5013665107552
5013665116998
5013665117193
5014067345337
5014276130038
5014276308505
5014276701245
5016786001792
5016786002294
5016805010217
5016860837354
5017764003128
5018374363237
5019503012019
5019989101801
5021185041072
5021638000007
5021638116753
5021638190005
5022374043778
5024530005316
5033060100156
5034467001251
5035272148001
5036034406469
5036589202929
5036589254850
5036589256298
50378289
5038695000062
5038862136174
5038862138697
5039303005691
5050179405767
5051277423325
5051399183435
5051413575994
5051790009976
5052003250970
5052319210767
5052320423460
5053990167494
5054070637067
5054267000704
5056053305864
5056138201463
5056138201869
5056486900636
5057008763104
5057008920361
5057172503575
5057172980789
5057545890691
5057753437909
5057753902308
5057753902803
5059697688850
5059697695735
5059697720895
5059697766954
5060045388384
5060051271069
5060088700181
5060088700532
5060088709948
5060107339811
5060120285843
5060139431545
5060151180773
5060178332995
5060198640018
5060198640070
5060198645167
5060198821219
5060202390373
5060235980527
5060243230362
5060283760003
5060283762786
5060283763004
5060283763011
5060292308104
5060360506388
5060367450356
5060419540028
5060430292715
5060482843163
5060482843200
5060490010502
5060626405189
5060678710453
5060699971253
5060719920681
5060811380901
5060811382394
5060853640711
5060878780072
5063210016747
5063334010782
5411188110859
5411188116615
5411188121947
5411188139683
5449000042101
5900862213530
5901135023245
5941132008739
5997523329013
6001048003323
6413300018035
7613031513062
7613287170149
7622210470126
7622210575036
8000500417270
8001665712590
8002270586835
8003340090276
8008343801171
8008698008157
8410076421081
8410134024957
8410376058093
8445291266100
8714100536148
8715000998647
8715035670501
8715700125886
8717496903990
8718300870354
8718868006073
8719200265097
8720701144538
8850038400080
8888082140706
8901047816178
8906151420389
9310072034607
9417986934839
96081280
96117156
00115292
00120920
00163521
00206310
00241908
00282086
0031200453334
00328586
00332071
00372749
00382052
0043647160010
00448383
00473682
0048000214065
00481533
00517638
00524841
00671330
00738767
00744607
0078895139785
00972321
00982184
01145908
01179095
01273601
01344899
01357295
01483246
01892987
04237877
0652655300006
0652655300044
0813047020050
10057728
11122111
20337148
20397418
20482077
20574338
20675165
20724252
20991371
29098330
29257386
29308378
29411894
3178530403459
3258831017477
3360100270107
3451790011856
3770018078168
3800087101921
4000539142567
4002359634826
4009900426039
4014400934496
4056489126416
4056489147855
4056489240808
4056489405337
4056489438281
4056489550068
4056489555056
4056489620860
4056489822943
4056489865469
4056489917908
4061459993844
4061462385100
4061462733130
4061464663763
4061464879638
40873954
4088600009773
4088600011844
4088600054445
4088600099576
4088600108643
4088600136318
4088600188362
4088600229928
4088600242033
4088600248431
4088600268859
4088600277219
4088600289007
4088600289137
4088600296715
4088600316499
4088600325293
4088600341828
4088600352244
4088600419947
4088600473314
4088600499000
4088600551715
4088600554990
4260556631165
4335619014411
5000111046763
5000116124114
5000118203695
5000119010643
5000119155818
5000119304940
5000128626613
5000128832519
5000129302677
5000129339833
5000129340167
5000129341874
5000157004017
5000157066312
5000159516211
5000159535243
5000168002330
5000168022758
5000168208749
5000169119990
5000169163894
5000169167236
5000197156851
5000221001386
5000232024725
5000232037558
5000232819116
5000232865106
5000234052801
5000237117484
5000237138625
5000237138700
5000237205433
5000328375373
5000354163869
5000354919565
5000382102168
5000436288282
5000436802433
5000436960065
5010026512055
5010029231281
5010034013582
5010044008875
5010102240421
5010204248202
5010228005317
5010251958154
5010338200039
5010338300999
5010392004109
5010477300508
5010477363435
5010477366290
5010477367013
5010525189680
5010718215011
5011273040605
5011766222211
5011826273207
5013635101818
5013665114659
5017397001935
5017600519387
5018095011448
5018297006471
5018374363411
5020580801496
5022240016103
5022313000282
5024121100451
5025840004761
5025840004846
5025840005553
5026489498447
5026764253808
5030343834593
5034083004834
5036589253495
5037412002464
5038862003445
5050179965940
5050665015845
5050665034020
5052675000248
5052909349723
5052909824848
5053827209632
5053947703836
5054268932646
5054781841197
5056053308667
5056053309770
5056357909812
5057008025165
5057008234574
5057172338122
5057172859672
5057373226471
5057373620309
5057545807217
5057545828861
5057753211844
5057753931735
5057753932664
5059319015279
5059697390418
5059697392672
5059697397264
5059697712609
5059697759765
5060043224585
5060048309003
5060054134323
5060055251883
5060084349360
5060088700150
5060088700174
5060092690355
5060102662686
5060112547508
5060132284360
5060198640063
5060198648168
5060201625841
5060234310431
5060360501758
5060360508818
5060362071204
5060362071600
5060419860003
5060452360782
5060482843484
5060482843989
5060490401423
5060699970164
5060940940236
5060960663245
5060961650121
5063250535369
5063250551345
5063334012366
5065017882037
5070000313863
5070000550008
5201168215649
5391511421466
5411188135289
5411188137498
5411188511328
5449000124999
5690516915902
5690527911801
5740900402768
5902180470336
5908230524226
5942321000213
6001092500052
6921804700764
7290008415439
7310860560983
7340001804751
7340150800444
7613036147651
7622202029394
7622210344205
7622210379801
7640110700075
8000500312971
8001585008117
8008343880510
8008698026540
8410076491893
8410376040739
8711327665873
8715035590304
8719200263178
8722700479499
8906127550010
8908002506969
9350271002632
9508366632640
0000200010400
00053327
00089609
00159340
00176422
00234924
00244473
00246255
00256056
00358767
00434966
00487610
00489959
0049733830119
00505680
00545037
00635677
00636056
0070177198435
0070177229573
0071106061776
0072417162985
00741095
00819602
00828079
00843423
0087666052802
0094360010113
01134735
01327229
01463491
01537925
01550412
01642636
01681611
01697063
01758726
01787092
01787573
01830958
01851465
0281243002505
03257340
03284193
0612322001742
0612322001858
0612322030315
0799439110564
0834183007125
10066959
10100925
11211112
1240000017717
1905480620009
20046217
20096809
20336929
20449667
20824662
20892623
20977757
21045646
21115202
29156245
3092718637453
3092718638924
3329770062511
3360100090101
3451790886256
3608580023807
3608580128397
3608580169840
4000417012005
4000417107107
4000607854606
4001724022398
4002359634628
4002359642234
4025500277239
40255774
4056489017493
4056489150398
4056489189107
4056489335481
4056489411680
4056489441410
4056489479413
4056489520016
4056489557579
4056489594710
4056489615910
4056489656425
4056489687634
4056489710592
4056489762683
4056489822769
4056489829621
4056489883623
4056489887812
4056489902812
4056489903680
4061458066419
4061459790016
4061462073496
4061462368233
4061462462887
4061462479724
4061462532504
4061462656125
40884783
4088600004167
4088600057248
4088600099071
4088600109411
4088600111841
4088600140056
4088600145112
4088600173108
4088600187273
4088600201849
4088600212548
4088600212746
4088600247649
4088600250663
4088600253305
4088600277202
4088600277974
4088600296722
4088600316543
4088600348056
4088600353289
4088600354828
4088600363646
4088600387031
4088600438085
4088600478425
4088600501871
4088600528014
4088600528038
40891712
4260556631158
4335619062894
4335619100824
4335619123229
4335619123236
4335619124349
4335619180567
4335619272675
5000108028697
5000108650713
5000118203497
5000119004048
5000119277794
5000128752558
5000128884525
5000129340051
5000129365917
5000157074829
5000157144379
5000157147592
5000157147882
5000157150981
5000169016671
5000169073353
5000169261163
5000169567548
5000169599044
5000169634868
5000169634950
5000169647554
5000181024029
5000181041170
5000197156868
5000197503969
5000205048284
5000213024959
5000232030382
5000232875235
5000234050319
5000328015910
5000328347790
5000354160233
5000354800887
5000358963328
5000362000002
5000396001730
5000436101925
5000436868941
5000442007938
5010026512864
5010034013810
5010034013957
5010034015647
5010044002293
5010044007830
5010067331509
5010092843015
5010102243705
5010251743392
5010338015763
5010338200084
5010338404314
5010525189673
5010693601960
5010793382066
5011157630113
5011157630229
5011308001922
5011308505048
5011308505093
5011403997670
5011424500026
5011766778169
5011766991216
5011826118003
5011826273009
5012262004028
5012389670373
5012427141407
5013635755059
5013665113553
5013665113577
5013665117797
5014442014964
5016887023365
5017764115074
5017764128142
50183364
5018374121035
5018374566867
5019101303151
5019989101818
5021185700658
5022019480111
5022313000718
5023528000210
5026489483047
5026489494609
5027952012559
50295401
5030101031899
5032722302754
5032722308053
5034033000008
5035272202499
5035272216878
5036589254751
5038695000505
5039303005905
5050083393693
5050974503750
5051277885833
5051277917565
50513024
5051399360447
5051898312268
5051898381325
5052109860752
5052109897819
5052320642212
5052320752782
5052449507867
5052675000989
5052909678823
5052910791481
5052910791542
5053947312168
5054268868662
5054269746730
5054402818102
5054775980437
5054781527374
5054781624691
5055540043555
5056036508893
5056138201845
5056138202729
5056357999677
5057172135820
5057172342099
5057172406418
5057172859696
5057545756690
5057624796999
5057753304041
5057753892142
5057753901165
5057753917012
5057753926762
5057967395057
5059319031521
5059512735172
5059604647604
5059697390012
5059697391101
5059697693564
5059697724855
5060011816149
5060036016210
5060040250938
5060054134118
5060120282040
5060120283061
5060127360116
5060132280867
5060139431033
5060198642562
5060198820090
5060228323997
5060238480048
5060283761994
5060317320432
5060360506180
5060360506203
5060367181991
5060384262932
5060391624433
5060406461718
5060406462272
5060482842142
5060482842388
5060489730732
5060490400037
5060490401690
5060504310154
5060504311748
5060517885137
5060525200137
5060604010428
5060614800118
5060719920049
5060878780461
5060878780485
5063089112427
5063089498903
5063210015351
5063250544910
5063270105818
5063334012700
5063334012724
5063445782226
5070000222417
50991716
51000598
5201054921746
5391528040483
5391528181100
5391528181865
54051256
5410438036482
5411188091660
5449000006011
5449000669902
54491397
5711953070266
5902057003285
5903034425762
5997523315559
5997523315733
5997523329037
6006507005023
6413300018332
7312930000382
7613036193047
7622201499617
7622202013522
7622210020130
7622210496645
7622210593009
8000070012783
8000320995606
8000380192670
8008698001325
8008698032114
8076809569118
8410076602190
8410376039702
8445290856272
8445291140950
8445291609181
8691707090122
8711327483071
8712100891779
8712566065714
8715700116631
8720182622785
8721161716419
8901047610578
8901512144805
8901719135767
8909081005053
9310072001524
00024815
00047708
00140164
00156318
00177436
00185370
00185677
00220576
00242615
00251136
00272896
0034000109418
00340908
00355841
00358149
00359542
00373272
0037600106726
00411417
0043647410016
00448482
00452960
00490160
00494168
00497053
00498593
00502290
00547475
0058449221333
00595445
00634526
0072417328985
0075172078966
00772303
0078895100020
0096619165049
0096619268238
01041859
01123654
01136470
01142457
01207743
01357318
01461954
01635706
01696844
01710083
01745566
01772876
01810295
03016954
0612322001834
0615357118775
09014947
11111221
1702881020007
20017750
20239305
20398521
20462123
20567330
20913892
27533888
29144600
29210084
29286188
29320646
29360642
29428861
29428984
29438259
3033710038381
3035542004206
3273221115670
3451790019166
3502110004192
3560071452841
3608580163985
3608580968603
4000417960009
4000539770708
4002359019678
4009900482806
4033634061181
4056489010104
4056489106319
4056489126508
4056489173656
4056489221661
4056489222491
4056489264705
4056489354093
4056489354512
4056489421719
4056489457633
4056489466628
4056489476283
4056489519713
4056489519997
4056489594529
4056489647492
4056489658597
4056489709589
4056489710851
4056489757047
4056489810360
4056489815778
4056489822585
4056489823957
4056489851714
4056489895572
4056489895589
4056489896043
4056489901211
4056489902386
4056489915034
4056489917397
4056489957270
4056489996736
4061459285017
4061459979190
4061461252649
4061461441746
4061462050893
4061462488528
4061462606298
4061463069115
4061463886408
40881935
4088600005027
4088600040004
4088600041858
4088600058313
4088600058320
4088600058795
4088600107011
4088600107813
4088600107837
4088600109886
4088600121987
4088600132280
4088600140841
4088600140858
4088600150796
4088600161891
4088600187563
4088600190051
4088600206400
4088600206608
4088600213293
4088600227351
4088600227382
4088600231921
4088600248905
4088600259390
4088600268941
4088600277967
4088600278148
4088600291123
4088600304717
4088600325217
4088600339351
4088600389752
4088600513126
4088600531342
4088600537450
40891729
4335619109070
4335619122130
4335619180666
4335619181373
4820179253313
4823077646287
5000108652304
5000111047364
5000128831581
5000128833813
5000129358384
5000137488905
5000147030651
5000157006899
5000157024954
5000157062727
5000157064448
5000157068750
5000157079015
5000157140210
5000159523752
5000159551823
5000159553834
5000159571043
5000159571203
5000168004143
5000168014104
5000169043257
5000169044353
5000169145104
5000169547670
5000169568545
5000169603185
5000169611920
5000169624463
5000171002808
5000171060075
5000201468611
5000221001058
5000234051521
5000237126820
5000237129739
5000237203033
5000243729091
5000295157569
5000328204048
5000328376240
5000342000992
5000354168536
5000354914409
5000354923968
5000354927249
5000436426356
5000436589419
5000436872542
5000462107601
5000462162655
5010003067684
5010003070134
5010024101077
5010029219326
5010035064859
5010044001012
5010044002309
5010067349504
5010102243309
5010238297115
5010251425953
5010251535478
5010251564119
5010251850434
5010292956768
5010292974694
5010338015817
5010338301651
5010338304072
5010388800166
5010478014510
5010525010175
5010975070408
5011157900025
5011157997346
5011308000307
5011476102131
5011546415482
5011766010054
5012427143906
5012427211506
5012818162035
5012876107313
5013665101598
5013665103554
50137992
5013803000097
5014271330426
5015326100087
5016887004036
5018095011059
5018374230775
5018374888341
50189779
5019503002508
5019503043792
5019503047578
5020580555641
5021991941757
5022019130207
5022463450968
5025125000426
5025820000738
5025840004754
5029223010165
5030343834807
5031021428721
5031021945235
5031021953612
5036589252412
5036589254232
5036820001342
5051399833019
5051622920516
5052003444355
5052320564019
5052675060204
5052910049766
5052910433244
5053526261702
5053526935313
5053827204569
5053947492563
5054070730188
5054269381122
5054269746952
5054678306006
5054781498087
5056025454088
5056053308704
5056142401477
5056285800151
5057008025042
5057008100909
5057008123311
5057172612833
5057373398444
5057373870902
5057373982964
5057545734872
5057545807316
5057545828458
5057545828946
5057753211769
5057753899387
5057753901387
5057753934453
5059697269325
5059697712487
5060040253700
5060042643509
5060055252293
5060069170040
5060088709283
5060092030601
5060107330368
5060108450959
5060120281890
5060120285867
5060120286246
5060121673809
5060132285190
5060136250828
5060136254352
5060136254833
5060139430265
5060191281195
5060198648380
5060202390410
5060238480727
5060238483087
5060302580001
5060362071709
5060367181151
5060367181823
5060367182585
5060391623139
5060391623764
5060430292845
5060468523324
5060482840520
5060482842241
5060482843507
5060549450143
5060558351363
5060604012408
5060674960050
5060678711245
5060896620817
5060940940175
5060963011906
5063210009459
5063210015399
5063250556463
5063334008406
5063445792980
5063445798159
5065009224340
5099077002265
51000062
51000640
5201704064243
5391521691309
5391532124155
5392000155503
5410673003744
5411188121305
5449000133380
5690527912808
5711953197529
5740900400986
5760466899925
5900120005648
5901414205256
5941223000079
5999860497646
6413300019421
6413300024357
7311312008145
75032814
7613031513611
7613035220065
7613287195449
7613287367143
7622201149611
7622201694791
7622210233721
7622210285485
8001060024823
8001585001101
8001665711791
8002210132085
8006070072512
8008698016756
8410076473974
8410134072804
8426944001019
8445291218703
8445291524545
8710522941058
8711327580244
8717163691496
8720182102201
96019955
0011370181121
00114417
00121279
00171915
00176996
00180078
00180252
00192781
00215336
00237628
00276832
00299138
00321518
00332408
00347358
00352574
00386012
00408752
00414258
00426725
0046000283234
00474030
00493840
00580311
00621847
0063211197549
00670227
0068437389716
0070177098940
0070920476339
0071106061844
00772600
0079200558338
00805476
00816229
00819541
00899710
01016154
01056129
01075045
01081213
01137637
01167351
01268478
01646429
01772852
01773934
01830767
01851083
01863826
0196633986542
0283838002105
0284808002354
03223734
03264690
03284216
0612322000783
0634158955907
0652655300037
0793052122713
0898999011073
10001417
10517905
1210002010481
1704877950008
20013189
20017958
20068189
20080211
20080662
20092238
20107277
20112622
20162511
20257415
20336097
20389970
20434397
20694180
20851200
21103858
29075782
29211913
29309184
29313013
29326273
29343997
29360932
29438235
3023290453674
3046920020305
3046920028035
3046921021882
3057640406843
3161910110801
3173320040241
3256224632023
3415581152920
3451790824326
3608580062790
3760049798005
4009900546249
4012200417409
4056489117506
4056489128267
4056489159766
4056489240761
4056489249672
4056489324966
4056489348092
4056489408178
4056489411703
4056489439301
4056489550938
4056489555872
4056489556930
4056489567714
4056489594291
4056489604471
4056489618751
4056489709268
4056489757832
4056489825111
4056489851356
4056489851523
4056489851578
4056489851868
4056489865476
4056489868965
4056489885764
4056489895701
4056489895770
4056489899747
4056489902607
4056489903727
4056489903963
4060800168344
4060800172396
4061459749717
4061459851670
4061459916959
4061461278250
4061461584788
4061462050930
4061462073502
4061462074547
4061462288722
4061462761478
4061462950612
4061463483560
4088600007878
4088600011783
4088600041995
4088600042268
4088600046785
4088600066899
4088600086309
4088600103730
4088600108476
4088600132297
4088600132365
4088600157948
4088600160023
4088600165684
4088600198392
4088600205557
4088600257402
4088600260280
4088600263441
4088600268880
4088600268958
4088600301181
4088600304694
4088600331980
4088600372716
4088600388779
4088600398174
4088600478371
4088600526027
4088600551999
4335619010666
4335619012929
4335619024014
4335619070714
4335619070899
4335619108660
4335619110823
4335619121928
4335619125414
5000108183778
5000111040273
5000116126309
5000119117182
5000119120656
5000119309228
5000128783279
5000128884549
5000129211412
5000129297812
5000157006875
5000157072900
5000159461122
5000159520089
5000159530736
5000159550079
5000159553278
5000159571357
5000159571463
5000168031064
5000168180045
5000169017678
5000169032510
5000169045879
5000169261170
5000169280508
5000169410752
5000169467800
5000169567432
5000169603314
5000169618790
5000169640371
5000169644539
5000169866719
5000171050434
5000171061522
5000175411118
5000175411194
5000178113040
5000193034559
5000197156714
5000201499776
5000218005670
5000225005885
5000232024428
5000234054485
5000237128978
5000295157422
5000328013329
5000328015941
5000328025797
5000328149035
5000328270715
5000328992402
5000342000275
5000342000428
5000342001005
5000354154645
5000354918926
5000354922459
5000358218152
5000358240146
5000358240160
5000436049135
5000436802402
5010029229318
5010034013568
5010067372533
5010092236541
5010102109643
5010102113282
5010204463353
5010251737841
5010251958086
5010292971853
5010338104047
5010338200060
5010338404772
5010477323071
5010477346612
5010477364692
5010525057026
5011157888170
5011177000064
5011273040650
5011308505055
5011308953009
5011766778060
5012427074002
5012427143708
5013683307019
5013803001087
5014276432705
5016887003794
5016887005187
5017397001942
5018095012544
5018374363459
5018735224955
5020580554880
5021554989196
5022824240030
5024121100550
5029223008889
5029396003018
5029396222334
5029617002684
5031021361226
5032722301160
5033060100064
5034033000497
5034467002234
5034467002319
5035272145246
5035766050100
5036040129000
5036829756281
5038862104302
5038862639163
5039303002386
5050083545191
5050179762112
5050665045354
5051399194349
5051898591489
5051898719333
5052004529389
5052004984836
5052320439744
5052909539292
5053526662318
5053526799427
5053526970215
5053526984939
5053947250057
5054070135822
5054267003385
5054267010710
5054269765687
5054402132888
5054781025702
5055958706745
5056053308957
5056215600813
5056297000051
5056486900650
5057172338665
5057172668427
5057172668441
5057172910328
5057373964694
5057545430538
5057545436219
5057545677858
5057545678930
5057545715963
5057545755716
5057545986745
5057753224325
5057753225452
5057753303877
5057753897437
5057753901769
5057753908744
5057753938048
5057753938963
5057967462919
5059319018782
5059319034997
5059512743092
5059697253966
5059697390814
5059697391125
5059697395857
5059697680106
5059697694912
5059697711695
5059697734205
5059697736124
5060023979498
5060088701829
5060088709412
5060092030397
5060092693813
5060136256011
5060139431231
5060139436687
5060178332223
5060183674028
5060198648373
5060202390397
5060208742794
5060221203753
5060235980510
5060243230386
5060283762236
5060291110029
5060292302201
5060317354543
5060321390438
5060342450296
5060362071198
5060362072195
5060367181359
5060384262925
5060384263335
5060426812484
5060430292906
5060430551676
5060446800683
5060455490240
5060482840889
5060482842524
5060482843248
5060482843439
5060494700294
5060512670929
5060517882976
5060558351325
5060560281016
5060587580109
5060678710361
5060719920667
5060878780478
5060925291056
5060960660725
5060960661999
5060961650695
5061031090014
5063089394922
5063089519776
5063089577585
5063210015375
5063334012243
5063334015312
5065012058437
5088722225449
5099077001862
5201054057353
5201360543205
5202390017834
5391521691026
5411188120681
5449000120984
5449000329691
5601312108771
5740900815308
5760466852470
5760466876872
5900242003089
5900951313226
5901696000051
5941000031944
5941132400090
6003770007488
6410500095668
7340001800494
7340001800975
7394376620850
7613287194367
7622201149574
7622201693831
7622202224201
7622400005190
8000070036864
8000500416884
8001665722643
8001665725156
8002210125209
8002210133211
8003340801827
8003340806600
8053178940021
8410076491596
8410076610829
8410087362946
8412700020820
8593893751743
8711327637696
8711327667020
8712566291144
8717677339792
8717677339815
8718564135206
8994963002794
9348207001200
00041089
00084260
00099233
0011210694002
00122061
00135443
00244480
00251297
0027000002643
00271493
00272629
00311304
00336710
00349246
00355803
00358262
00359566
00364317
00369848
00372084
00373425
00379953
00381659
0039047001138
0039047014473
00394697
00423427
00427913
00450850
00453875
00461603
00514316
00546447
00623711
00641128
00647458
00668002
00670319
00683470
00693769
00722810
00722834
00741316
0075172079123
00754545
00769730
0077330530057
0078895731033
00796828
00821964
00852067
00891615
00953023
01002942
01005912
01066777
01097122
01111323
01148299
01163575
01215380
01368888
01387544
01610215
01642582
01642629
01672787
01681383
01780284
01787429
01793635
01793710
01822557
01844184
01889468
01892062
01892406
0286622003753
0287919002008
03258743
03266052
03306161
03463222
0615357123403
0637793000919
0637793000995
0757528048112
0850040427066
1230000097000
20005474
20071974
20150631
20158439
20189341
20194987
20214043
20245726
20441609
20453930
20511586
20635183
27618868
29119042
29149339
29167791
29245994
29308071
29310753
29347193
29388066
29395538
29397839
29406005
3045320094114
3073781085976
3228023050353
3329770062481
3608580128427
3608580169819
3800224890404
4000349860088
4002359019647
4002359019739
4002359020278
40099361
4018077005435
4025500294465
4056489008248
4056489017141
4056489126652
4056489238935
4056489238942
4056489422945
4056489438373
4056489479260
4056489479406
4056489517979
4056489523970
4056489555186
4056489559528
4056489712909
4056489757894
4056489850878
4056489895541
4056489896050
4056489901679
4056489902737
4056489903239
4056489903451
4056489903697
4056489986805
4056489999683
4061461278243
4061461424831
4061461510527
4061462525261
4061462643606
4061463004253
4061464571808
4061464737747
4061464893849
4088600001883
4088600031637
4088600032245
4088600032283
4088600040073
4088600057811
4088600072487
4088600072494
4088600107646
4088600107714
4088600108681
4088600111667
4088600119700
4088600119953
4088600145082
4088600146683
4088600155005
4088600155869
4088600158587
4088600204598
4088600212388
4088600213095
4088600227108
4088600248523
4088600251677
4088600339344
4088600383705
4088600387024
4088600397139
4088600400273
4088600455532
4088600471778
4088600471785
4088600492643
4088600571799
4088600573694
4335619010673
4335619029200
4335619062979
4335619063006
4335619122154
4335619123250
4335619124912
4335619125926
4335619129573
4901002075354
5000116101641
5000116107933
5000116123926
5000118203541
5000118203688
5000119002501
5000119090645
5000119164599
5000128925228
5000128967273
5000128975865
5000154011650
5000157062703
5000157063236
5000157076021
5000157150356
5000159528399
5000159528696
5000168001067
5000168032085
5000168035659
5000168037035
5000168038810
5000168039268
5000169024812
5000169049105
5000169082676
5000169206621
5000169235997
5000169263594
5000169333273
5000169595183
5000169608043
5000169613436
5000169614846
5000169618844
5000169632703
5000169633823
5000169869116
5000171060051
5000187130915
5000197520973
5000197552516
5000208056644
5000221001119
5000221604846
5000232852908
5000232865229
5000232895608
5000237126875
5000237129753
5000237129913
5000306004301
5000328030340
5000328270630
5000328787251
5000328806181
5000328992594
5000342000312
5000354159473
5000354160899
5000354203640
5000354912337
5000354923975
5000358967296
5000382102144
5000436288350
5000436960171
5010003065604
5010024118082
5010035000802
5010044008264
5010044008332
5010067371994
5010102115521
5010102240506
5010142008685
5010228005218
5010251519584
5010251541264
5010251604372
5010251713623
5010251830351
5010251872627
5010338000158
5010338014964
5010459000457
5010459005179
5010477362797
5010525250007
5010578008037
5010975088205
5011157030401
5011157888323
5011273015115
5011308002400
5011766001007
5012121003834
5012121009515
5012876106521
5013635389568
5013665101413
5014276701023
5014491000017
5016084293660
5016769993724
5017764004736
5018095011264
5018374314253
5018420550031
5019503005875
5019503014013
50201600
5025840005928
5026489483221
5026489494128
5028482101690
5030101031097
5030756005795
5032722303607
5032722317345
5033665212407
5035139213644
5035139217505
5037166010951
5038512002637
5038862340106
5051008878592
5051140095703
5051413481905
5051413516133
5051413679968
5051790856990
5051873005253
5051898663643
5052109860981
5052319098280
5052320565191
5052675000972
5052910410306
5052910686268
5053947492624
5054070313572
5054070483626
5054269482874
5054269551273
5054775347735
5054775579167
5054781024842
5054781339991
5054781496700
5054781649526
5054781763529
5054781892168
5055940100513
5055940101121
5055958704239
5056025434523
5056555202760
5057008079403
5057008100664
5057008101180
5057008763128
5057008763142
5057172859467
5057172859665
5057373245403
5057373267146
5057373320520
5057373983060
5057545917176
5057545954805
5057753097431
5057753125981
5057753126940
5057753196165
5057753521813
5057753905989
5057753907761
5057753937997
5057753938390
5057753940010
5059319013442
5059321004698
5059604511660
5059604647246
5059604647598
5059697265716
5059697402029
5059697682568
5059697722523
5059697736384
5059697740046
5059697743474
5059697744624
5059697751028
5059697755637
5059697774706
5059697778353
5060002043165
5060027070115
5060040254639
5060055251296
5060081113735
5060086841602
5060088700143
5060088709276
5060092030687
5060107337237
5060113919366
5060136256059
5060136256349
5060139430913
5060142012366
5060156990971
5060178070286
5060198648069
5060198820922
5060230050157
5060238482189
5060238482516
5060262487143
5060343741607
5060360501819
5060360506265
5060360507491
5060376790054
5060384262895
5060426810114
5060430292883
5060468522815
5060482843705
5060489730053
5060551420653
5060560281214
5060587580055
5060884851223
5060896625669
5060925293265
5060960661296
5060980960645
5063089262801
5063089281857
5063089337820
5063334004118
5063334005566
5063334006884
5063334007584
5063334016883
5070000140117
5070002344773
5099077004368
5099801003018
5390248520015
5411188121237
5411188133094
5411188141198
5449000214744
5701116208223
5711953121258
5711953185755
5711953185786
5900512110158
5900951314537
5901664003749
5908230521485
5908260250973
6003770007464
6003770008867
6281007044417
6921804720410
7290000572109
7340001801088
7610900100514
7610900229420
7613031300655
7613031418947
7613031513000
7613038462646
7622201503635
7622201722166
7622201766344
7622202026409
7622202258480
7622210574992
7622210584847
7622300735838
7622400005947
8000139910845
8000500426159
8001310346118
8002210133235
8005110170348
8008343235723
8410076601971
8410076611239
8410376015515
8445290163790
8445291746879
8711200503896
8711299017267
8711327663695
8714685906398
8715700421360
8717677339891
8718300876981
8719200205109
8719200242197
8720608036707
8720701143586
8722700268741
8801043025256
8888056603961
8901047816208
8901764041259
8904004403633
9340224001102
9350271002649
9417986941783
9421902090349
96033180
00031615
00035934
00061575
00094436
00130912
00135337
00160612
00163071
00179768
00193764
00198707
0024000001683
00245128
00253444
00256568
00273886
00278355
00291491
00311120
00313414
00315289
00325462
00348294
00359573
0037600106689
00377904
0039047014589
0039047700154
00403566
00405256
0041780202680
00420129
00423069
00424783
00424820
00427722
00438353
00442862
00447010
0044738018340
0044738102353
00453097
00458061
00461795
00464741
00466691
00473699
00485272
00494625
00496070
00497091
00497657
00531092
00591379
0063211197532
00644846
00662789
0066613107109
0070177103088
0070177115227
0070177178543
0070650800121
0072417202797
0072600069145
00738330
00741538
00809368
00816397
0085696608044
01024388
01136562
01211597
01217117
01344905
01351293
01383362
01458121
01473544
01495652
01547146
01594577
01642599
01690972
01728637
01730173
01758702
01787535
01802016
01817942
01844146
01893953
0253703002752
0282399002005
03263983
03264683
03267585
03314500
0510000010000
0612322000417
0652655300013
0652655505814
0850005892007
10002230
10089156
1210002010443
16222007
20114459
20138158
20138462
20183790
20211318
20319342
20330743
20330750
20337087
20420055
20616366
20676568
20718121
20888831
20913465
20952976
20995201
21157028
2510000030559
29055821
29129546
29135431
29143511
29156238
29256297
29283170
29286195
29292998
29306466
29308149
29310623
29328734
29349821
29369843
29395453
29412082
29439935
29446087
3023290038918
3045320094145
3045320097863
3057640372513
3073781216677
3451790397868
3608580782063
3614070097876
3700417301598
4002359014673
4002359019968
4002359634925
4004199647561
4009900550949
4056489011293
4056489198871
4056489223153
4056489238812
4056489240778
4056489247142
4056489287247
4056489294726
4056489308300
4056489354048
4056489354918
4056489383352
4056489384700
4056489384755
4056489385202
4056489476276
4056489481171
4056489511151
4056489520009
4056489540557
4056489565673
4056489594260
4056489595830
4056489647980
4056489648604
4056489650201
4056489695356
4056489710738
4056489711452
4056489755883
4056489757580
4056489763024
4056489787587
4056489823933
4056489823971
4056489824190
4056489851363
4056489899976
4061459753080
4061459770629
4061459798883
4061459889505
4061459894226
4061459988888
4061462385117
4061462456565
4061462530050
4061462616761
4061464514027
4061464606890
4061464883680
4088600047157
4088600048437
4088600072562
4088600086293
4088600098753
4088600108445
4088600115467
4088600139050
4088600140254
4088600141596
4088600141824
4088600146195
4088600146232
4088600172941
4088600207032
4088600212531
4088600212593
4088600227993
4088600243054
4088600251653
4088600265933
4088600268545
4088600293417
4088600294285
4088600294520
4088600304649
4088600325224
4088600329031
4088600421612
4088600453477
4088600513119
4088600541884
4088600556024
4088600558240
4088600558608
4088600564333
4260189683609
4260334141015
4260335837344
4260556631196
4304493265448
4335619005754
4335619021877
4335619023154
4335619070882
4335619082977
4335619092716
4335619092853
4335619111950
4335619127968
4335619173125
4335619182172
4335619312968
4902663012733
5000108033561
5000108033783
5000108241584
5000108357841
5000108575443
5000112662092
5000116124848
5000116125838
5000119105394
5000119146472
5000119300102
5000119319845
5000119319883
5000128583954
5000128595636
5000128756327
5000128967709
5000129291063
5000129319385
5000129340129
5000129340235
5000129347715
5000129355772
5000157025050
5000157062710
5000157062772
5000157072931
5000157079589
5000157146335
5000159552998
5000168034409
5000168035055
5000168178097
5000168206462
5000169036457
5000169075449
5000169149805
5000169251232
5000169305355
5000169320495
5000169605073
5000169610442
5000169625842
5000169632710
5000169635247
5000169671047
5000169671054
5000169675977
5000175409122
5000193900861
5000197154239
5000197520386
5000205048208
5000225005038
5000232902597
5000234048262
5000246728596
5000254019310
5000254021542
5000295144972
5000295157446
5000306004240
5000328019345
5000328029115
5000328031750
5000328197685
5000328529660
5000328613956
5000342000435
5000354403347
5000354800948
5000354925399
5000358443479
5000358966671
5000358966862
5000436449515
5000436960157
5010003063518
5010034013544
5010034014176
5010034592605
5010034597501
5010044000565
5010052112700
5010102001978
5010102100015
5010102240483
5010112000053
5010204914275
5010251523246
5010251541226
5010251556305
5010251630937
5010251638056
5010251737032
5010251746546
5010251958130
5010292973123
5010338102104
5010338103774
5010338104030
5010338404376
5010392005250
5010438013027
5010477367532
5010775200661
5011157994352
5011273014941
5011308701532
5011308701631
5011766010207
5011835102215
5012035963002
5012121003193
5012389670762
5012427073302
5012845203725
5012876106439
5013635389520
5013665116257
5013665117032
5013803000486
5013803001186
5014442006754
50157648
50168545
5016887003046
5016887023006
50172511
5017600022184
5018357012435
5018357804726
5018357804801
5018357805242
5018374219718
5018374352910
5018605354492
5018929050919
5019087045908
5019503006018
5019503047653
5020580017057
5021554005278
5022019090112
5022019930111
5022313000343
5022313331607
5022374050301
5022463450913
5023746473377
5023762000120
5024121100642
5024121666216
5024121805127
5024121885303
5025840001807
5025840005256
5025840005409
5026489478678
5029223010882
5029396003292
5029728010004
50300853
5030756006143
5032722305823
5032722306530
5032722313057
5033060100163
5033060100347
5033665211066
5034033000886
5034467001091
5034467002371
5035272145345
5035272202710
5035660136627
5036854001486
5038862000789
5038862102308
5038862133555
5038862136181
5038862635837
50427109
50457854
5050179317305
5050665016477
5050665023741
5051008181975
5051140020507
5051399183565
5052004603010
5052004938068
5052319996036
5052320721207
5052449309584
5052675000965
5052909624615
5052909743354
5052910139979
5052910751942
5052910834508
5053526133825
5053526262419
5053947788154
5053947858932
5053947928697
5053990167739
5053990177653
5054070779262
5054267006102
5054268029049
5054268267717
5054269765052
5054269805581
5054269866902
5054402150875
5054402919816
5054775579068
5054775703593
5054781340126
5054781563129
5054781714705
5055534302903
5055958705465
5055958706622
5056025421387
5056053308643
5056053308971
5056138200459
5056142400036
5056215600455
5056215600837
5056315500877
5056486900667
5057172086405
5057172086573
5057172274680
5057172878833
5057373871572
5057373982513
5057373982988
5057545807170
5057545889619
5057545917275
5057753155896
5057753224301
5057753897796
5057753932404
5057967342105
5057967394760
5059321004636
5059512742965
5059604610318
5059604645761
5059697384349
5059697694394
5059697701559
5059697716270
5059697750892
5059697770395
5059697773440
5059883116631
5060024321708
5060036011581
5060040257890
5060042643363
5060043272081
5060044511059
5060058333128
5060058338925
5060088700167
5060088705926
5060113919373
5060120285195
5060136251009
5060136251719
5060139431484
5060139436427
5060142012397
5060228323065
5060238480734
5060253700527
5060262487518
5060262489970
5060283763509
5060319171261
5060321390476
5060336505223
5060337222785
5060356680030
5060360500362
5060360502960
5060360506302
5060360506838
5060360507699
5060362071679
5060366570918
5060367180970
5060391623092
5060391624518
5060403010438
5060430291534
5060430292678
5060430293026
5060444850208
5060482841527
5060504310932
5060512670806
5060512670905
5060516880041
5060530210329
5060560280828
5060567680195
5060604012323
5060651440728
5060678710460
5060709282768
5060746960513
5060771270489
5060844220038
5060853640773
5060878780515
5060878780683
5060878780744
5060901840506
5060925290776
5060925291339
5060925291568
5060940940168
5060960661524
5061013945837
5063089173183
5063089798782
5063210015825
5063270109441
5063334012748
5063334013103
5063334020835
5065012058765
51000636
5391526416044
5391528040292
5391528181599
5391528181872
5449000125019
5449000133373
5711953155017
5711953184871
5740902895803
5900120070059
5900320002614
5900334000880
5900531000041
5901135025737
5903895010237
5908230529290
5908260251574
5997523329051
6003770009123
6003770009154
6921804720304
7290115204476
7312161040911
7340001800470
7340001800944
7340001805390
7394376616600
7610900037483
7610900874521
7613031513093
7613037051179
7613039869123
7613287579706
7622201693688
7622201766405
7622202008740
7622202050749
7622202225192
7622202261602
7622210216861
7622210584687
8000245006784
8001310140792
8001440120152
8001440132520
8001665705035
8002210132313
8002210133877
8002210501607
8002270616839
80050094
8005110002083
8056737782032
8076809580717
8410031945737
8410376047035
8410422000670
8426944000296
8445290044877
8445290435712
8445290740854
8445291254107
8711000519448
8711327626638
8712566479481
8715035240308
8715700124575
8718300862946
8719200214293
8719956496646
8720892384096
8851876200412
8855702008289
8888002076009
8888056708109
8888056708512
9350271000126
9350271002052
96169001
00091244
00103190
00112321
0011732007960
00128704
00175470
00175661
00176477
00184908
00231671
00235624
0024000080947
00250238
00267564
00278331
00285438
0029700921415
00299985
0031200023094
00322751
00325431
00351010
00351195
00351560
00381437
00388023
00388511
0038900029746
00389259
0039047010475
00392891
00405287
0041196891027
00416764
00420044
00429405
00434164
0044738102346
0044738102377
00447874
00457811
00488464
00492461
00506984
00515467
00518949
00568296
00568364
00600248
00616263
00641142
00644075
00652216
00659871
00678773
0070177178567
00705882
00706858
00709569
00720564
0072417162978
0072417201530
00737111
00738361
00747004
0078895140927
0078895147087
0078895760026
00812726
00816236
00816434
00959063
0096619131518
0096619702480
00981293
01052305
01052480
01066005
01137613
01167160
01174410
01214895
01239423
01270105
01349573
01409864
01594591
01672800
01697704
01774498
01800074
01804799
01810318
01830651
01832839
01834635
01863819
01893946
03280249
03395707
03399835
03451007
0454500090014
0612322001391
0652655000654
0702403240297
0850008776373
10601075
1220000500112
1402124820004
20015589
20055363
20057794
20080525
20175092
20378905
20406103
20575007
20645137
20724733
20772741
20913137
20942021
20953997
2510000030610
29056415
29059454
29076604
29124251
29156269
29204878
29211784
29281602
29291472
29310555
29310630
29320547
29359707
29378814
29407958
29431144
29431168
29448739
3069538102027
3073781159912
3073781176483
3254550025977
3256540031029
3256540031814
3276170012762
3415581153026
3451790019135
3451790408892
3600900006460
3664346315272
3800232225458
4000349860101
4000417271006
4002359019937
4025500243579
4025500267148
4025500277079
4025500277253
4025500277482
4032600004337
4033634061075
4056489045847
4056489131106
4056489143895
4056489166696
4056489206859
4056489227359
4056489239000
4056489240785
4056489240839
4056489244707
4056489246053
4056489255239
4056489255246
4056489354529
4056489387893
4056489431046
4056489479833
4056489528012
4056489648598
4056489656388
4056489721604
4056489756163
4056489811275
4056489815600
4056489851066
4056489852186
4056489888741
4056489895114
4056489902355
4056489902768
4056489903307
4056489903659
4056489903666
4056489903673
4060800166531
4061459285253
4061461215132
4061461369231
4061461831400
4061462067730
4061462267062
4061462591082
4061462605505
4061462616754
4061462739507
4061464291652
4061464560581
4061464835924
40876276
4088600003665
4088600013312
4088600026008
4088600035185
4088600038209
4088600040684
4088600041728
4088600046440
4088600054452
4088600081182
4088600107868
4088600108230
4088600108667
4088600109589
4088600112527
4088600132068
4088600137032
4088600161013
4088600165677
4088600167145
4088600170619
4088600175867
4088600180298
4088600182766
4088600184098
4088600192468
4088600195063
4088600207230
4088600214375
4088600214382
4088600215532
4088600217178
4088600247328
4088600247465
4088600255101
4088600264479
4088600265957
4088600268774
4088600288161
4088600294261
4088600302560
4088600304632
4088600307916
4088600316482
4088600327488
4088600344782
4088600353272
4088600375137
4088600427003
4088600513102
4088600531359
4088600544922
4088600555256
4088600559735
4088600559759
4088600560298
4088600560328
4088600573595
4088600573687
4260639150460
4335619021860
4335619026360
4335619036338
4335619062665
4335619071810
4335619121461
4335619136748
4335619182271
5000108022510
5000108031185
5000108170846
5000116109357
5000119002945
5000119010674
5000119392206
5000119532282
5000127731257
5000128583534
5000128653442
5000128686419
5000128708425
5000128713511
5000128898997
5000128957076
5000129297737
5000129298024
5000129339819
5000129359770
5000129362923
5000157063243
5000157070845
5000157078766
5000157145413
5000157154262
5000159551694
5000159560764
5000159566971
5000159570084
5000168001814
5000168032252
5000168033693
5000168038056
5000168152035
5000168153391
5000168176819
5000168186610
5000168188713
5000168195148
5000168197104
5000168203393
5000169021538
5000169036440
5000169055571
5000169145920
5000169149843
5000169250792
5000169270226
5000169567401
5000169579336
5000169579756
5000169599969
5000169603420
5000169605141
5000169608074
5000169624432
5000169632680
5000169634851
5000169647547
5000169659045
5000169664483
5000169866702
5000171054456
5000175409061
5000181042139
5000205040875
5000208091140
5000221002338
5000221602606
5000225027955
5000232027306
5000232199706
5000232213013
5000232816306
5000234047296
5000234048248
5000234053990
5000234054775
5000237117583
5000237124697
5000237124758
5000237131435
5000237138601
5000237202371
5000295144422
5000295147782
5000328015903
5000328018942
5000328031729
5000328283807
5000328530055
5000328601380
5000328877655
5000342001319
5000354159572
5000354402067
5000354404368
5000354770005
5000354770302
5000354904820
5000354906657
5000354908910
5000354910654
5000354910913
5000354914850
5000354919077
5000354922589
5000354922855
5000354923838
5000358240344
5000358279658
5000358326642
5000358966084
5000436197232
5000436266044
5000436288473
5000436882787
5010003070752
5010026517104
5010029214444
5010035066334
5010035068376
5010044006574
5010044007809
5010044008622
5010067338072
5010084703297
5010084703327
5010102243859
5010115802760
5010204370552
5010204845647
5010204871868
5010204896489
5010228003252
5010251536925
5010251569190
5010251737094
5010338200077
5010338200091
5010338300982
5010438013621
5010478051140
5010525033761
5010525057019
5010525064246
5010525116600
5010525167640
5010525235950
5010589562801
5011157888118
5011157995427
5011273013005
5011308701655
5011308900942
5011546415468
5011766777988
5011835103823
5012035963484
5012246006444
5012427141308
5013635389544
5014213711344
5014276030383
5014276512018
5014276700828
5014442000578
5016143005449
5016451062127
50168200
5016878012156
50171255
5017397001959
5018374086372
5018374441089
5018374682253
5019503032475
5019503039924
5020387000207
5020411112951
5020411121182
5021638199657
5022019060115
5022019590209
5022313333298
5022374054569
5022374060157
5022824044959
5024121100574
5024121422218
5024121626609
5024121801129
5025042030124
5025324005208
5025820000769
5026489481272
5026489483054
50271511
5027952015680
5030343835002
5031021057952
5031021150981
5031021164018
5031021388971
5033665209797
5035139217888
5035272148018
5036034406544
5036589255499
5036829756564
5038862100304
5038862132800
5039303002379
5039303005899
50412716
5050083392801
5050083449048
5050083545221
5050665031142
5050854467349
5050854976087
5051277822609
5051399296210
5051413679975
5051622056130
5051790670671
5051790857218
5051898664084
5052003786165
5052004042079
5052004141017
5052449167726
5052449330625
5052910596918
5052910751928
5052910758927
5053526690977
5053526954062
5053990159253
5053990185764
5054070650202
5054267000612
5054269659849
5054269765397
5054402369673
5054781267423
5054781377474
5054781527534
5054781719724
5054781874423
5055940100537
5055959200037
5056053306502
5056053307080
5056138200435
5056138202606
5056142400012
5056215600424
5056297000006
5056684900094
5057008763005
5057172223428
5057172516032
5057172578801
5057172767113
5057172859832
5057172924387
5057373184818
5057545435496
5057545929629
5057545954782
5057624360664
5057624971969
5057753097370
5057753125509
5057753211820
5057753900069
5057753909710
5057753910594
5057753911454
5057753912604
5057753921934
5057753923426
5057753926281
5057753927523
5057753936655
5057753936815
5057967575008
5059319015200
5059319022406
5059320000011
5059512729492
5059697691188
5059697700781
5059697718243
5059697728464
5059697750458
5059697767968
5059697771743
5059697774836
5059977006008
5059977011811
5060005421038
5060006203411
5060023970969
5060040253717
5060042350032
5060054134026
5060058333166
5060060387188
5060060388062
5060079652659
5060084348325
5060084349384
5060084572652
5060088700501
5060092696432
5060108450966
5060113912640
5060113912701
5060120281616
5060120285355
5060135534202
5060136256400
5060139431460
5060139435277
5060142010195
5060149575024
5060198820915
5060228323089
5060230051130
5060232812623
5060236490322
5060278270012
5060283763080
5060292302102
5060298572707
5060336500532
5060336501287
5060337222594
5060337222907
5060337223157
5060346991122
5060360504506
5060360506326
5060366570086
5060367181960
5060384263663
5060391623153
5060426812309
5060447850007
5060455760183
5060470841423
5060470841447
5060482840001
5060482842692
5060482842890
5060482843415
5060482849943
5060495111570
5060512090130
5060512670790
5060516880058
5060544130163
5060604013443
5060619250192
5060626405134
5060651440711
5060699971260
5060746960506
5060822240096
5060884851407
5060947543201
5060960662972
5061035300195
5063089020357
5063089172926
5063089484395
5063089519790
5063334010447
5063334012168
5063334012595
5063334017521
5070000222400
50761180
5201054017425
5202178080463
5391509393713
5391527000945
5410126003802
5411188137122
5602132652086
5711953145278
5740900050303
5760466923927
5900020042552
5900320001334
5900820005504
5900820005733
5901713015631
59052227
5941868201046
5942289012662
6003770009291
7310865075376
7310865690753
7311070347005
7394376665189
7610400094344
7613034043870
7613035397934
7613035419056
7613036099400
7613287133687
7613287238474
7622201706890
7622202219276
7622210249555
7622210286956
7622210296450
7622210740458
7622300737931
7640155340403
7640155340465
7640155340502
7640155340526
8000040720076
8000300430493
8000500155646
8000605010376
8000605801677
8001665725149
8002210118324
8002210501102
8002461910517
8002461910739
8003340090269
8003340806617
8005110001895
8053178940007
80977254
8410076421098
8410076471475
8410076611307
8410076801418
8410261642413
8410422005705
8410637112014
8421401201209
8711000519325
8711327574991
8712100891908
8712566247905
8714100535516
8715035110700
8715035270305
8719200273979
8719200284821
8720608036783
8722700153276
8801043028158
8850038400073
8850987141478
9002490210991
9350271002045
9556041780346
0000200008321
0000200008341
00013086
00057981
00078696
00080538
00085939
00088879
00093699
00103183
00105903
00107952
00109840
00113557
00120562
00120913
00145930
00151917
00162678
00173445
00173759
00181525
00181655
00185394
00219440
00227377
0024000001966
00263290
00272353
0028000772123
00286480
00289719
0029000016071
00298889
00304566
00306669
0031200005632
00318365
00319065
00322782
00325394
00330626
00339469
0034000939572
00342506
00348171
00355810
00364195
00373432
0037600104029
00383080
00383455
00385572
00387484
00389457
0039047001169
00395779
0041500962566
00424356
00426565
00430043
00434102
0043647400017
00456012
00458306
00471503
00471725
00473279
00473705
00475730
00480642
00485289
00490993
00495493
00504331
00511544
00517874
00518444
00546720
00568517
00580304
00580458
00618236
00626866
0065633132122
00672573
0070177093402
0070177178505
00706216
00722179
00723008
0072417180941
00738187
00745062
00763615
00787130
0078895147070
00798150
00809221
00809245
00809689
00814188
00819060
00835848
00894609
00999069
01051049
01099096
01139969
01146349
01146356
01147278
01166293
01167054
01174397
01191905
01205763
01274189
01305098
01327267
01538205
01576009
01587173
01635621
01730258
01733051
01738339
01751222
01767261
01808377
01834666
01834901
01838879
01844825
01849738
01850772
0211540002083
0283519002004
03016916
03058299
03246610
03341100
0612322001759
0615357000100
0637793002500
0637793004931
0693749006350
0810020931822
10001707
10061282
10077658
10880407
1220000500228
1302959200005
20068172
20166618
20247799
20268473
20277345
20301453
20382094
20398514
20431211
20443153
20629076
20635343
20718510
20718527
20991364
21156946
27697702
29078677
29122004
29129539
29137596
29157341
29229109
29249510
29291199
29308385
29378159
29378227
29378791
29379507
29383498
29386154
29388660
29402397
29408351
29413027
29430178
29435340
29436675
29440757
29450688
3045320513332
3057640406423
3057640510533
3228023190059
3254474000203
3259426032998
3263859761912
3270160820290
3360100100107
3415581586923
3512690004987
3560071253110
3560071459017
3608580005469
3608580123316
3608580809333
3770018078236
3800012198118
4000186010400
4002359020230
4003160390802
4005514174007
4005514174038
4008258419014
4009900546164
4014400914696
4017100284618
4025500277093
4025500294809
4025500297107
4044889004571
4052917874997
4056489115151
4056489127307
4056489129110
4056489130253
4056489131113
4056489134312
4056489174219
4056489198321
4056489221937
4056489239741
4056489240334
4056489296300
4056489309246
4056489324973
4056489354505
4056489379478
4056489383550
4056489384724
4056489438342
4056489519805
4056489540045
4056489555452
4056489567653
4056489594284
4056489615927
4056489649960
4056489656395
4056489686958
4056489712114
4056489712534
4056489762423
4056489787747
4056489810377
4056489825555
4056489848462
4056489851806
4056489896036
4056489899051
4056489899143
4056489899587
4056489899945
4056489902317
4056489903710
4056489928126
4060800167064
4061459003376
4061459285291
4061459302172
4061459303186
4061459329001
4061459359275
4061459786552
4061459793314
4061459883770
4061459894233
4061459916935
4061459979169
4061459979183
4061461071158
4061461161712
4061461281892
4061461422714
4061461431198
4061461831394
4061461951757
4061462067792
4061462240744
4061462249662
4061462369520
4061462476921
4061462488566
4061462523403
4061462528453
4061462606137
4061462669101
4061462876080
4061463881151
4061463885388
4061463949615
4061464572706
4061464626164
4061464676329
4061464855670
4061464915756
4088600007281
4088600035833
4088600037295
4088600046419
4088600046518
4088600053493
4088600054056
4088600054438
4088600054476
4088600058863
4088600058870
4088600060002
4088600061108
4088600068343
4088600069272
4088600072456
4088600079295
4088600084244
4088600101187
4088600102276
4088600103808
4088600107950
4088600112442
4088600133331
4088600155890
4088600168784
4088600183480
4088600184081
4088600188850
4088600192567
4088600193014
4088600206592
4088600212692
4088600229935
4088600231372
4088600249513
4088600256221
4088600259604
4088600262406
4088600278131
4088600286808
4088600291383
4088600291666
4088600294308
4088600316505
4088600333588
4088600342498
4088600343723
4088600346823
4088600374369
4088600411422
4088600498997
4088600505350
4088600513140
4088600522692
4088600532844
4088600554679
4088600558271
4088600560304
4088600560410
4088600560601
4088600564746
4088600565729
4088600566535
4088600568423
4088600570235
4088600573489
4088600574264
4088600575001
4251097420066
4260334140032
4260556631189
4335619013544
4335619032248
4335619033993
4335619069879
4335619071452
4335619125100
4335619179967
4335619258495
4820001316001
5000111018111
5000112633320
5000116035540
5000116102815
5000116107445
5000116107902
5000116111534
5000116112050
5000116128198
5000116128631
5000119002921
5000119004024
5000119122681
5000119278401
5000119407283
5000127730137
5000128581769
5000128624138
5000128673174
5000128691369
5000128701945
5000128708579
5000128834810
5000129293302
5000129296518
5000129329193
5000129334593
5000129339826
5000129339987
5000147026623
5000157067845
5000157076441
5000157078810
5000157150974
5000157154279
5000159510691
5000159550345
5000159551915
5000159557177
5000165083905
5000168001098
5000168001555
5000168002293
5000168006666
5000168034164
5000168036489
5000168038070
5000168040578
5000168041254
5000169014950
5000169035146
5000169036655
5000169049815
5000169127339
5000169128954
5000169129104
5000169135211
5000169149560
5000169202784
5000169217887
5000169247150
5000169247273
5000169258033
5000169455869
5000169531983
5000169538265
5000169608050
5000169613702
5000169657201
5000169659038
5000169659144
5000169661062
5000169675090
5000171010209
5000171034007
5000171054449
5000171054852
5000171057808
5000171058034
5000171061218
5000175409078
5000184161189
5000197156912
5000197573450
5000232005274
5000232825353
5000232828279
5000237117828
5000237123850
5000237130018
5000246728589
5000295152762
5000326011228
5000326011624
5000328013961
5000328028972
5000328030333
5000328030357
5000328031866
5000328032719
5000328107202
5000328133034
5000328175973
5000328238807
5000328328645
5000328375618
5000328774800
5000354160936
5000354200281
5000354404016
5000354405105
5000354770333
5000354912320
5000354918902
5000354919084
5000354919572
5000354920783
5000354922909
5000354926426
5000358966305
5000382122296
5000436101949
5000436541431
5000462121287
5010003004016
5010003053793
5010026512062
5010026515919
5010029226423
5010034014220
5010034514003
5010035050883
5010035070041
5010043000016
5010044001234
5010084103332
5010102004184
5010102101791
5010102242876
5010115909483
5010188000223
5010204313771
5010228000978
5010228004754
5010228005171
5010228005348
5010228006963
5010236101933
5010251425861
5010251425922
5010251460787
5010251525493
5010251564867
5010251767435
5010251838104
5010251878445
5010251916208
5010292969508
5010292970245
5010292975271
5010338014902
5010338102128
5010338404062
5010477368553
5010482954727
5010498509225
5010525240428
5010525246550
5010663807033
5011157993645
5011673401013
5011766010146
5011766010184
5011766666435
5011826117006
5012036001444
5012121004237
5012121009676
5012389001603
5012389670366
5012389671059
5012424456535
5012427091900
5012427142602
5012427143302
5012427660007
5012845032608
5012869541803
5012876336096
5013427011790
5013665103455
5014213200794
5014213711337
5014379025293
5016081312098
5016084000060
5016084000107
5016451062134
5016809300598
50168194
5017600012178
5017764000714
5017838816890
5018357012374
5018374105356
5018374271389
5018374303608
5018811000411
5019101303144
5019312081817
5019503039917
5019503047707
5020580199784
5020934520080
5021254909432
5021638001059
5022313000701
5022313000800
5022374058161
5022569091027
5022824240023
5022977012102
5024121626104
5024121664212
5024121667114
5024271111987
5025840004747
5025840005270
5025840006055
5026646000452
5026646020702
5027040036603
5027324003383
5027952015321
5029223010929
5029396003346
5030039004767
5030756007775
5031021057976
5032722300484
5032722302273
5032824020143
5034124005363
5035230100072
5035251004823
5035272934239
5035336000016
5036589255734
5036589255758
5036589257578
5038862002752
5038862106504
5038862338806
5038862636704
5039303000863
50409013
5050083563133
5050179079791
5050854216398
5050854945212
5050854946264
5051008181395
5051008512267
5051140741594
5051413365236
5051413855317
5051898918026
5051898979362
5052003583214
5052109860660
5052320800957
5052449668650
5052449669534
5052675000996
5052909546436
5052910395764
5052910435361
5053947250835
5053947370465
5053947787928
5053947861079
5053947905728
5054070243879
5054070275641
5054070716465
5054267003453
5054267003644
5054267014268
5054268892285
5054269483604
5054269931488
5054678306020
5054781082842
5054781247470
5054781337003
5054781380351
5054781500452
5054781745563
5055036900126
5055036901468
5055540004334
5055940101237
5055958706073
5056053304812
5056053305765
5056053308728
5056142401811
5056204200178
5056486900605
5057008002869
5057008002975
5057008101159
5057172484461
5057172734238
5057172924349
5057373842510
5057545807378
5057545828434
5057545917114
5057545917152
5057624360756
5057624422997
5057753124861
5057753158644
5057753210953
5057753493516
5057753521233
5057753896089
5057753907853
5057753913571
5057753928902
5057753928919
5057753934767
5057753938918
5057967013944
5057967306596
5059319014784
5059320000424
5059512737305
5059512743702
5059604645785
5059697256820
5059697258336
5059697399626
5059697685354
5059697687006
5059697690723
5059697695421
5059697700958
5059697712371
5059697729553
5059697729843
5059697731846
5059697742118
5059697757495
5059697767654
5059697771972
5059697775611
5059977000105
5059977000280
5060004210008
5060006360169
5060027070146
5060036011536
5060040119501
5060042641789
5060058339373
5060062060164
5060088703052
5060088707791
5060100601335
5060102662181
5060113917652
5060120281999
5060120285065
5060121673847
5060136251221
5060136254697
5060136256110
5060139660112
5060146370431
5060146373500
5060156990476
5060175390752
5060178333015
5060189400089
5060198645266
5060201623205
5060238482882
5060278270005
5060298880765
5060298881212
5060298881687
5060319171087
5060321390537
5060336505049
5060360501895
5060360506340
5060360508795
5060362070481
5060362071631
5060362074250
5060366570802
5060367180956
5060367182134
5060367450585
5060375300131
5060379650492
5060425286866
5060426810084
5060426811333
5060426813375
5060444850802
5060460300091
5060482843408
5060482843545
5060490010861
5060490400266
5060494810115
5060494810221
5060534670044
5060539320746
5060560281092
5060587580116
5060594550010
5060594550515
5060614805649
5060621160151
5060660910199
5060665750608
5060685660444
5060699971062
5060699971185
5060811381953
5060878780393
5060878780508
5060878780591
5060884851865
5060925291063
5060925291285
5060925292022
5060925293258
5060960661272
5060960661418
5060963011685
5060963017120
5061013942065
5061013949675
5061035300218
5063089070352
5063089281840
5063089492178
5063250539749
5063334010799
5063334011970
5063334011987
5063334014117
5063334015701
5063446495774
5065009224333
5065015354000
5070000313825
5070002633518
5088722225647
5200408802250
5201051002219
5201054017036
5391511421442
5391526416075
5410146407024
5410358442448
5411188130918
5411188300243
5449000109613
5449000119056
5449000673039
5711953176708
5760466738095
5760466997744
5900020038579
5900397750807
5905187108981
5907029010773
5907556420021
5908230514647
5941446008722
5997523314842
6005207001007
6926719110011
7394376616983
7394376619229
7613035062795
7613036127110
7613037037852
7622201143718
7622201428723
7622201447472
7622201680886
7622202262524
7622210317629
7622210318985
7622210959850
7622300743536
7640155340380
7640155340656
8000500448281
8001310004414
8002210133198
8002210506206
8003840001093
8005110005695
8008440444004
8008912010317
8402001032813
8410031965902
8410076481740
8410076490780
8410770810020
84155634
8436019097021
8445290000040
8445290644862
8445291140998
8445291264816
8445291346024
8710472001307
8710522940969
8710908894183
8711000519110
8711000519141
8711000519479
8711000677810
8711327374171
8711327374904
8714100240038
8715035584006
8715700421377
8717677339976
8717677339990
8718144570298
8718300882944
8719200070646
8719200088986
8719200265714
8719956496684
8901552021432
8903363001726
9001432029387
9002490206000
9349571002336
9350271000102
96049945
96147450
96178638
0000200008498
00014137
00032056
00091640
00109024
00132718
00151351
00155915
00159623
00160599
00162838
00184953
00188425
00192811
00204224
00218573
00221177
00221740
00223652
00227414
00227643
00237611
00239097
0024000025993
0024000195252
00244978
00248013
00250023
00253949
00256186
00260602
00263269
00264525
00273015
0028400199612
00284714
00286473
00286503
00295154
00300339
00308403
00311151
00315388
00322010
00325424
00325448
00328739
00332415
00337281
00343299
00348256
00350600
00351416
00355186
00359559
00360067
00369534
00373401
0038000222795
0038527109128
0038900012267
0038900014988
0038900029401
0038900033118
0038900042370
00391733
00393027
00393638
00393812
00403139
00426718
00427272
00429931
00433990
00435291
0043647340016
00442756
0044353168543
00455664
00455916
00461627
00464697
00464758
00465083
0048098007303
00490658
00494946
00498562
00512787
00528207
00584265
00599320
0061232200989
00621649
00632324
00659048
00672221
00672610
00676403
00677806
00685184
0070177233556
00702362
00711135
00722698
00722841
00727242
00738460
0074448403365
00747103
00764001
0077544806009
00775922
00787345
0078895155778
00816380
00843997
00867191
00951531
00961127
00975957
00977821
00982214
00982238
01011289
01048162
01062045
01066579
01077094
01127409
01128833
01191721
01226010
01250893
01257090
01260809
01294934
01298741
01301601
01304916
01311501
01331059
01386806
01389463
01389814
01412871
01433876
01438130
01510409
01547818
0160848111785
01641721
01643046
01691078
01706833
01728491
01729580
01758979
01785050
01808414
01815795
01851403
01888324
0273050001352
02774640
0281513001207
03204610
03235997
03238141
03242599
03267592
03275764
03275771
03279847
03280782
03429051
0612322001421
0612322001704
0634114003130
0677210092547
0787099923211
0813694026696
10001165
10037607
10065907
10112496
10602355
1210002001076
1220000450226
1220000500044
1220000500129
1230000131018
1230000131827
1230000168205
20036935
20046439
20057855
20123703
20309732
20367343
20385668
20389871
20389888
20397425
20417673
20420925
20475581
20511289
20525729
20525798
20753306
20969929
20977764
21058684
21060175
21082450
27347652
29033904
29061518
29074730
29098583
29122707
29124244
29147151
29157303
29227099
29250417
29253586
29298723
29310715
29312535
29347582
29369850
29388646
29395460
29398102
29408405
29417414
29417797
29421053
29430628
29435982
29438242
29455539
30002432
3023290062777
3023290078976
3057640100673
3057640494383
3073780853927
3184030003570
3254691587716
3273227082921
3284230012003
3329770014497
3329770065550
3360100520103
3451790397622
3495566236968
3560071418182
3608580152248
3664346304962
3700417300881
4000349500274
4001163135611
4001724042228
4002359019654
4002359020148
4002359020308
4002359020315
4002359642685
4002971207309
4009900544788
4010142026253
4025500243357
4025500278090
4056489000884
4056489026051
4056489067726
4056489147848
4056489173663
4056489198369
4056489227472
4056489227489
4056489227496
4056489238645
4056489239628
4056489240266
4056489240754
4056489248415
4056489306849
4056489324478
4056489335832
4056489353805
4056489354383
4056489423317
4056489438274
4056489459804
4056489462217
4056489494591
4056489519003
4056489519737
4056489519751
4056489520160
4056489523987
4056489656371
4056489698074
4056489712466
4056489713036
4056489749981
4056489757771
4056489789857
4056489823872
4056489833512
4056489846024
4056489852674
4056489864363
4056489879305
4056489894636
4056489895152
4056489895374
4056489895558
4056489895596
4056489895602
4056489897606
4056489903284
4056489964643
4061459003314
4061459041705
4061459172133
4061459497908
4061459746228
4061459888935
4061459924916
4061459945591
4061461179137
4061461281878
4061461308513
4061461403812
4061462252266
4061462284113
4061462610974
4061462706202
4061462739538
4061462761454
4061462825637
4061463406965
4061463667793
4061464148741
4061464275096
4061464443662
4061464632318
4061464783836
4061464835931
4061464893788
4062139017416
4087344247519
40873930
4088600017723
4088600019529
4088600030265
4088600033129
4088600042817
4088600046679
4088600047126
4088600048277
4088600048369
4088600053424
4088600058818
4088600061092
4088600068350
4088600069296
4088600090573
4088600091709
4088600101316
4088600107820
4088600123394
4088600124964
4088600132037
4088600158617
4088600163154
4088600165943
4088600191065
4088600195179
4088600209524
4088600215976
4088600216560
4088600247298
4088600248448
4088600268552
4088600274072
4088600282503
4088600291697
4088600300207
4088600315478
4088600321196
4088600321226
4088600325712
4088600334608
4088600341613
4088600354842
4088600366210
4088600379449
4088600384108
4088600389738
4088600398273
4088600398365
4088600402864
4088600418803
4088600426594
4088600436838
4088600437187
4088600461304
4088600462905
4088600478401
4088600479095
4088600496672
4088600537009
4088600547329
4088600550862
4088600559414
4088600565132
4088600565361
40891705
4335619010697
4335619020498
4335619037946
4335619045200
4335619062900
4335619069886
4335619070905
4335619100794
4335619123823
4335619125421
4335619129535
4335619140950
4335619180673
4335619180918
4335619181380
4335619182400
4335619312975
4751018892267
5000108974208
5000116107803
5000116124626
5000116124718
5000116125401
5000116126590
5000116127597
5000119097163
5000119115928
5000119415318
5000119421210
5000127153950
5000127730175
5000128051019
5000128639262
5000128648011
5000128685368
5000128723664
5000128737111
5000128739320
5000128742283
5000128752640
5000128789769
5000128795272
5000128811200
5000128812238
5000128841924
5000128846967
5000128867443
5000128975827
5000129290424
5000129297539
5000129321555
5000129322620
5000129324235
5000129326444
5000129326581
5000137269900
5000137400907
5000157137623
5000157156037
5000159344371
5000159472531
5000159543217
5000159561624
5000168104621
5000168188355
5000168210421
5000169016657
5000169017449
5000169035115
5000169035139
5000169043677
5000169080948
5000169080955
5000169103425
5000169149768
5000169154137
5000169263587
5000169304143
5000169320518
5000169330371
5000169338896
5000169362457
5000169598962
5000169605202
5000169611425
5000169611647
5000169613450
5000169614822
5000169615737
5000169620625
5000169627518
5000169632789
5000169637616
5000169640388
5000169657218
5000169657225
5000169866696
5000171032911
5000171060372
5000175409030
5000181024036
5000181029161
5000193730574
5000205035086
5000205047706
5000208044528
5000221003335
5000221006299
5000225021878
5000225034038
5000232000910
5000232024442
5000232253309
5000232828774
5000232865069
5000237129920
5000237129999
5000237132258
5000237137987
5000237204474
5000237205044
5000246726554
5000295159853
5000326010832
5000328013589
5000328015934
5000328019376
5000328034775
5000328202464
5000328376165
5000328462622
5000328698823
5000328845890
5000332505780
5000354156700
5000354200861
5000354403323
5000354905148
5000354915680
5000354915697
5000354917431
5000354919688
5000354922893
5000354923586
5000354923708
5000354927256
5000358397956
5000358443127
5000382024033
5000396054798
5000436510826
5000436733607
5000436960133
5010026520692
5010029229837
5010034016170
5010035066556
5010035069274
5010044001173
5010044008295
5010044009391
5010044010236
5010052115503
5010069724224
5010102004061
5010115902651
5010115926404
5010137012505
5010171000018
5010204845708
5010204914404
5010228013213
5010251457626
5010251746522
5010251759478
5010251830160
5010251907046
5010251907343
5010252108084
5010292971815
5010338101893
5010338200053
5010338206079
5010338303983
5010338404680
5010459000563
5010477353238
5010525004747
5010525135427
5010525201337
5010525235233
5010525240411
5010525281506
5010578003018
5010677714006
5010718306207
5010718402909
5010775203259
5010775204959
5010793375754
5010822990163
5011273002191
5011273045259
5011308505031
5011308701518
5011476102520
5011673141537
5011673351370
5011766999915
5011766999939
5011826134218
5011826149106
5012035909376
5012035952396
5012035963101
5012121004497
5012427090200
5012427141605
5012836756278
5012894000863
5013635364107
5013635606603
5013665100058
5013665103752
5013665116752
5013665116813
5013803001063
5014067153819
5014213711313
5014271310428
5014276700811
5014379025385
5014442795085
5015285810898
5015672006903
50157495
5015821127893
5016084355184
5016599010639
50168156
5016887003152
5017601018100
5017838811314
5018357804627
5018374363275
5018605290820
5018735224818
5018893786111
5019124051008
5019503011678
5019503042085
50201969
5020580001735
5020628001970
5021254908343
5021554000990
5021554985747
5021554986805
5021812000878
5022019590117
5022313000688
5022313332154
5022374055894
5022463500922
5023751000308
50237883
5024121423215
5024121822308
5024278003087
5025042030032
5025840006154
5025840006185
5026489469492
5026489477497
5027952014980
5028905028252
5029223000555
5029788175347
5030104005064
5030343004507
5031021200839
5031021335869
5031102002239
5032490051069
5032722306523
5034033000381
5034231003627
5034709000240
5035139217512
5035272215345
5036829756724
50378265
5039303005011
5039303006117
5050083344756
5050083449031
5050083542787
5050179080056
5050179607215
5050179965964
5050665020429
5050665033276
5050665037069
5050854214226
5050854467325
5050854830693
5051399201313
5051413574843
5051413871225
5051469120407
5051622956072
5051790297861
5051790674334
5052109862909
5052109943875
5052109943899
5052320721986
5052449204667
5052449308839
5052910243812
5052910569400
5052910639844
5052910805928
5052910959317
5053526005658
5053526592271
5053827105453
5053827197182
5053827197212
5053947598722
5053947788017
5053947795107
5053990138661
5053990138722
5053990172160
5054070042304
5054070201633
5054070456071
5054070637104
5054070648742
5054070729878
5054267010727
5054269051438
5054269691511
5054402055705
5054781024811
5054781267478
5054781496717
5054781527527
5054781624592
5054781701774
5054781718369
5054781796619
5054781874355
5054781952558
5055958709265
5055959200143
5056000505910
5056025409392
5056025434257
5056053309497
5056138202972
5056215600400
5056215600462
5056315500495
5056357909546
5056617600015
5056684900131
5056684900179
5057008510425
5057008546325
5057008616790
5057008616813
5057172016068
5057172338108
5057172612567
5057172668410
5057172723614
5057172859702
5057373545718
5057373964731
5057373982889
5057545092491
5057545715864
5057545745007
5057545952955
5057753211745
5057753305574
5057753892357
5057753894634
5057753907532
5057753908188
5057753910365
5057753912444
5057753919696
5057753923402
5057753937188
5057753938789
5057753939427
5057967341559
5057967576241
5057967620968
5059319002750
5059319018690
5059319031088
5059321000621
5059321003745
5059512733086
5059512736438
5059604610301
5059604647581
5059697262357
5059697270918
5059697396113
5059697402227
5059697687013
5059697688058
5059697707346
5059697718359
5059697756108
5059697758423
5059697760440
5059697769139
5059883300740
5059977000099
5059977002529
5060027070122
5060036016227
5060036016241
5060040254448
5060075672453
5060075672507
5060079655230
5060088704059
5060088706183
5060088706206
5060088706220
5060107336056
5060108450447
5060108455237
5060120285393
5060120285454
5060121570313
5060121673748
5060132284049
5060136256387
5060139662130
5060146372732
5060146373074
5060146373418
5060162210223
5060162210230
5060178073348
5060178074963
5060195909101
5060198640087
5060198642494
5060198643866
5060198644252
5060198648120
5060198649837
5060201623168
5060201624042
5060221203968
5060221204606
5060221205269
5060221205320
5060234310530
5060238480321
5060238480369
5060243230379
5060250346759
5060262487730
5060265830274
5060283762250
5060283762526
5060314480146
5060317354604
5060336506565
5060337223089
5060343740099
5060343742017
5060356680009
5060356680016
5060360507446
5060360507736
5060360508771
5060362074434
5060362074465
5060367182240
5060375300186
5060391623788
5060402903373
5060413263190
5060425286897
5060426812408
5060452360010
5060452360027
5060455490349
5060455490899
5060468522143
5060468523669
5060468523690
5060470841157
5060470841782
5060482840414
5060482841459
5060482842586
5060482842647
5060482843576
5060482843712
5060490400389
5060495116490
5060495118050
5060495118081
5060501564444
5060512670981
5060525200373
5060593391232
5060619250154
5060621160007
5060621160212
5060632490049
5060674960012
5060678711214
5060719920148
5060719920322
5060751995418
5060756342781
5060769300655
5060779090003
5060822240089
5060925290837
5060941970263
5060960663269
5060960663948
5060961650060
5060963011197
5061001130337
5061013944809
5061013944830
5061035300232
5061056620203
5061075080002
5063089098400
5063089159088
5063089402641
5063089472170
5063089485682
5063210004812
5063250538766
5063334007553
5063334007737
5063334012618
5063334012861
5063334013790
5063334014162
5063334017576
5063334020446
5065009224357
5065009980024
5070003501502
5088722225524
51000018
5201054002094
5201054024546
5201054080610
5202390030611
5390171003364
5390394017261
5391526414880
5410438036819
5411188093626
5411188128298
5411188139058
5411188139669
5413548040479
5449000064141
5449000300942
5690845001710
5711953145421
5711953184864
5900320002775
5900334001047
5900397734272
5900397737594
5900531001345
5900643048528
5900951259951
5901713020390
5908226814737
5941040700022
5942326400568
5997010304561
6003770002407
6003770008997
6003770009086
6006507005016
6006507005757
6412500076807
7610400090940
7612100015636
7613033014673
7613033126390
7613034872630
7613036099387
7613036358682
7613287430984
7616100756865
7622201143671
7622201461959
7622201681272
7622201729295
7622202030192
7622202397585
7622210078100
7622210396501
7622210761231
7622210928429
7622210946003
7622210989246
7622300205775
7622300754136
7640110708552
7640155340533
8000500366073
8000500416778
8000500417300
8000500417317
8001020110009
8001665732109
8002670002010
8002670004205
8004735107692
8006207000098
8008698003961
8008698004708
80809494
8410076470300
8410076471178
8410076610812
8410076800909
8410261768168
8410300102854
8410376055719
8412600061831
8437017032816
8445290019530
8445290163714
8445290420930
8710522893821
8711200333189
8711327318373
8711327326750
8711327660601
8712000053116
8712000061982
8712566479405
8712566479726
8714685902086
87156515
8715700124568
8717405008433
8718300883996
8720182303769
8722700750161
8801052040530
8850206060054
8855702001815
8857122559754
8903363007643
8904132973084
9345544005328
9350271001307
9556001255693
9556018000064
9556437002403
96174357
96199695
96199749
00003063
00004565
00032957
00057905
00062886
00065252
00089241
00103350
0011152463292
00116831
00123754
00127103
00129299
00130189
0014113230117
00151344
00180214
00180276
00186803
00204415
00212526
00226646
00227582
00229876
0024000027584
00253352
00253413
00253574
00256513
00263283
00263474
0027000442128
00271479
00272643
00275552
00286497
00286817
00299961
00301435
00304719
00306645
0031200022547
00318518
00324083
00332965
0034000443659
00341042
00344029
00348737
00355094
00362016
00362122
00363167
00363174
00369633
00372794
00373913
0037600864701
00386036
0038900028794
00391078
00393805
00394475
00406499
00414494
00423458
00426947
00427616
00428170
00435895
0043647190017
0043647440075
00440158
00447782
00453479
00453936
00456739
00457507
00457637
00457842
00457910
0046000283241
00463751
00463942
00465182
00465885
00466783
00466868
00471138
00473255
00476225
00476553
00487627
00489898
00490061
00492676
00493857
00494090
00496384
00503617
00519083
00573696
00573764
00585798
00608343
00619400
00631419
00636155
00670197
00670234
00673365
00701617
0070177264574
00709613
0072417171338
00727297
00727303
0074305701160
0075172079734
00771030
0078895743067
00790277
00805452
00809054
00818872
00819596
00854252
00856560
00857680
00858960
0086600707778
00866217
00868648
00881944
00900058
00907897
00931854
00960328
00997362
01016451
01031423
01135244
01143058
01145090
01174403
01191417
01219487
01251449
01277739
01331202
01363289
01373325
01374476
01442830
01477610
01635607
01642612
01706864
01729290
01736113
01744422
01767254
01781212
01787481
01804386
01834055
01834581
01850536
01865332
01893908
0241394013836
0246621001006
0284212003756
0286449002250
0289268002357
03257067
03260661
03302149
03323427
03323861
03411100
03486511
03490242
0606541940012
0612322001629
0612322030292
0634962410135
0637793001046
0652655500093
0754523566597
0813047020005
0850003560670
0850031700703
0850040427561
0897922002867
09014961
1000029983802
10001400
10001684
10052570
10057513
10060599
10065914
10072967
10089149
1230000116527
1391508180073
1404877870008
20008895
20015831
20020620
20058548
20063436
20074487
20122379
20149567
20179267
20239954
20336080
20409296
20409326
20436582
20460990
20472283
20625511
20676490
20754648
20758950
20763633
20809676
20813802
20858537
20872014
20889951
20913144
20918545
20919849
20954000
20994969
21045639
21166655
27191132
27595466
29036608
29053759
29055845
29120598
29129447
29135455
29141586
29152117
29161171
29161713
29167753
29183906
29190379
29215379
29218523
29286041
29296002
29297788
29298792
29307517
29307821
29354832
29378821
29378869
29383450
29387991
29397822
29400065
29408443
29415830
29428991
29430130
29432783
29434404
29435234
29450619
3023290027257
3023290059227
3041091431790
3057640308338
3057640316098
3069538103352
3073780574242
3073781200812
3073781209150
3161910091247
3248850009607
3250391161867
3254474011766
3256549996961
3270160829873
3415581520927
3451790019678
3451790019685
4001724035268
4001724039389
4001724819103
4002359000294
4002359040146
4002359648267
4003490016809
4009900454087
4009900482776
4009900531887
4009900538800
4013752079046
4016241050649
4017100209239
4017100284410
4017100364013
4025500276515
4025500276737
4025500287344
4044889000078
4050791841210
4056489000495
4056489005186
4056489067719
4056489146988
4056489159759
4056489198680
4056489202974
4056489221630
4056489238799
4056489238829
4056489239970
4056489240860
4056489264989
4056489405344
4056489437949
4056489438250
4056489441045
4056489447184
4056489462248
4056489464921
4056489488118
4056489495253
4056489519744
4056489531166
4056489540076
4056489540120
4056489555193
4056489583226
4056489634317
4056489647751
4056489647997
4056489648710
4056489649625
4056489689041
4056489689058
4056489704980
4056489705307
4056489712893
4056489738732
4056489742470
4056489756170
4056489756590
4056489757870
4056489792277
4056489792284
4056489822417
4056489861058
4056489862024
4056489896401
4056489896760
4056489901228
4056489919094
4056489919650
4056489932178
4056489940128
4056489961260
4056489961567
4056489975977
4060800171467
4061459071863
4061459107500
4061459436884
4061459764307
4061459786354
4061459984118
4061461135546
4061461179472
4061461238537
4061461365530
4061461748098
4061461831370
4061461851217
4061461952914
4061462013997
4061462143991
4061462366413
4061462527852
4061462529238
4061462578465
4061462650420
4061462944802
4061462986055
4061463019516
4061463220714
4061463381132
4061463720467
4061463721006
4061463866189
4061463887948
4061463899040
4061464405110
4061464431560
4061464451490
4061464540996
4061464787292
4061464943940
40873947
40873961
40879369
4088600003801
4088600012100
4088600013725
4088600020211
4088600031071
4088600032344
4088600035130
4088600038834
4088600040752
4088600042022
4088600042190
4088600042848
4088600044927
4088600048154
4088600054292
4088600054483
4088600054544
4088600058641
4088600067599
4088600074955
4088600078892
4088600079318
4088600086392
4088600086712
4088600091907
4088600098760
4088600099569
4088600107691
4088600107899
4088600113685
4088600124865
4088600135274
4088600138428
4088600149172
4088600150802
4088600160214
4088600161907
4088600184241
4088600195186
4088600195193
4088600199986
4088600227931
4088600236841
4088600241418
4088600243627
4088600243955
4088600244068
4088600247618
4088600262048
4088600268576
4088600273211
4088600280257
4088600284859
4088600288963
4088600295596
4088600304625
4088600304687
4088600307695
4088600311111
4088600313917
4088600315676
4088600319261
4088600341859
4088600395968
4088600397375
4088600398181
4088600398303
4088600434186
4088600436326
4088600437163
4088600437996
4088600475400
4088600478364
4088600490120
4088600496009
4088600502168
4088600527147
4088600541617
4088600542010
4088600553351
4088600553368
4088600553740
4088600554112
4088600555799
4088600557588
4088600559704
4088600560687
4088600562445
4088600565897
4088600568058
4088600569390
4100130924002
4251097407999
4251097415116
4335619005761
4335619010642
4335619013360
4335619019959
4335619019973
4335619032996
4335619071315
4335619071322
4335619109896
4335619121584
4335619122161
4335619122185
4335619125988
4335619147782
4335619149403
4335619151260
4335619151826
4335619180635
4335619312951
4779039731167
5000108033295
5000108033677
5000108244356
5000108703099
5000111046367
5000111047340
5000116111473
5000116111800
5000116126026
5000116126040
5000116126651
5000116128969
5000119002211
5000119003294
5000119004536
5000119114853
5000119185143
5000119450012
5000127780064
5000128104517
5000128472913
5000128628303
5000128733342
5000128741323
5000128766708
5000128779586
5000128848237
5000128892940
5000128935333
5000128948258
5000128957113
5000128967259
5000128969451
5000128994019
5000129362695
5000129378641
5000157024947
5000157025746
5000157062475
5000157064806
5000157075017
5000157078803
5000157141002
5000157141064
5000157143365
5000157147578
5000157150417
5000157150837
5000157156211
5000157158857
5000158063938
5000159001274
5000159022521
5000159454452
5000159484480
5000159543057
5000159551724
5000159557405
5000159571098
5000168000367
5000168004105
5000168034225
5000168036601
5000168040479
5000168165165
5000168178059
5000168178073
5000168179780
5000168180083
5000168208763
5000168210728
5000168218663
5000169008393
5000169028247
5000169052860
5000169061251
5000169071991
5000169076347
5000169113677
5000169149836
5000169151259
5000169162149
5000169179383
5000169226285
5000169226292
5000169234969
5000169235980
5000169360200
5000169387924
5000169538272
5000169547724
5000169547731
5000169552315
5000169573730
5000169581704
5000169596791
5000169603390
5000169612965
5000169618837
5000169619728
5000169621288
5000169622902
5000169638026
5000169646595
5000169661420
5000169669532
5000169672310
5000169672396
5000171033628
5000171057815
5000171058928
5000171061430
5000178106721
5000181042030
5000197156745
5000221002901
5000221004639
5000221508076
5000221608813
5000225005793
5000225025876
5000232005298
5000232035721
5000232158017
5000232881946
5000232900340
5000234052511
5000237129968
5000237134504
5000237139479
5000237202951
5000237203071
5000237204795
5000246726011
5000295143630
5000328014746
5000328015583
5000328018775
5000328025438
5000328027685
5000328219769
5000328514536
5000328531007
5000328583839
5000342000244
5000354160943
5000354168246
5000354168567
5000354906640
5000354911897
5000354916618
5000354925368
5000354926730
5000354927232
5000354927744
5000358553765
5000358867299
5000382122289
5000382123392
5000436435457
5000436510789
5000436703358
5000436797470
5000442007570
5000462417021
5000462690424
50020683
50020737
5010024103644
5010026505019
5010029226263
5010029226409
5010029229394
5010034011496
5010034016200
5010035000826
5010035069403
5010038467329
5010044007847
5010044010380
5010046011583
5010049001970
5010052115558
5010067306101
5010067306903
5010102115545
5010102244214
5010102245167
5010228001388
5010228006970
5010228007083
5010251345084
5010251450375
5010251460503
5010251508250
5010251510604
5010251522218
5010251581055
5010251603795
5010251624059
5010251628828
5010251689669
5010251714637
5010251737148
5010251755524
5010251759454
5010251845294
5010251929345
5010251953241
5010251958192
5010251980759
5010292948466
5010338103286
5010338301620
5010338400484
5010346000010
5010438007156
5010477201102
5010477368652
5010478091337
5010478278141
5010478368149
5010478882140
5010482342302
5010482677244
5010511472666
5010525051970
5010525100128
5010525125749
5010525167701
5010525201313
5010525202594
5010525211565
5010525223797
5010525235196
5010525247991
5010525263212
5010578020015
5010663813928
5010718208914
5010775199606
5010775204942
5010822991269
5011157888187
5011376003484
5011403000035
5011476100885
5011579770374
5011673109483
5011766778053
5011835100808
5012035952273
5012035952808
5012035970192
5012389672780
5012427049802
5012427090705
5012427109001
5012427109407
5012427142305
5012547006297
5013635101061
50137985
5014276704611
5014747757153
5015285811468
5015612021256
5015821159917
5016316013325
5016451232568
5016599010646
5016805010385
5016887004029
5016887223154
5017601032212
5017601041177
5017601042051
5017601042372
5017764112691
5017838819211
5018095011851
5018297009625
5018374028792
5018374188618
5018374207623
5018374998088
5018811000329
50193356
5019378000180
5019378002290
5019378002351
5019503016604
5019503045130
5019503047745
5020091000425
5020580161231
5020580269357
5020580400101
5020934000728
5020934400023
5020934520103
5021185101257
5021554000549
5021554000747
5021812005538
5022374049534
5022374055979
5022374058208
5022374060195
5022463175915
5022463450951
5022569089505
5022977012126
5024121307126
5024255123548
5024271111963
5024285012997
5025125000020
5025125000402
50251797
5025840003986
5025840005263
5025840006048
5026489487076
5026489500515
5027324003697
5029396003148
5029396003360
5029788192238
5030104005088
5030104005224
5030343834081
5030343837860
5030765038890
5031021428769
5031021810458
5032722301016
5032722304925
5032722305809
5032722306158
5032722312289
5032722315358
5032722318632
5034083004612
5034210300006
5035251000207
5035272145338
5035272148025
5035272937193
50354061
5036034406124
5036589253358
5036589253419
5036589257455
5038862005036
5038862100502
5038862235389
5038862237130
5038862432276
5038862437226
5039303006902
5039303007558
50412044
50436705
5045092206959
5050083542732
5050179071047
5050179761979
5050179762051
5050665026209
5050665039841
5050665048652
5050854216374
5050854476891
5050854904127
5050974506492
5051140338947
5051277007211
5051399672427
5051622956058
5051873005291
5051898591533
5051898913274
5052004938426
5052109851446
5052109996673
5052319189575
5052319993325
5052320768752
5052449167900
5052449513431
5052449755961
5052449924398
5052675000958
5052675001153
5052675001238
5052675070203
5052909256892
5052909336525
5052910392978
5052910531957
5052910596710
5052910791467
5052910959232
5053827186797
5053947126796
5053947370311
5053947494468
5053990120659
5053990153862
5053990158034
5053990172191
5054070135815
5054070266106
5054070484562
5054070716496
5054268028486
5054268103923
5054268869843
5054269711349
5054402818492
5054402850850
5054775144686
5054781246862
5054781874324
5054781874393
5055365647457
5055365679755
5055534302934
5055540029139
5055540054841
5055940101503
5055959200068
5055959200075
5056053300692
5056138200411
5056138203092
5056555206898
5056617600022
5057008004511
5057008391376
5057008570276
5057172004867
5057172030262
5057172223411
5057172338139
5057172515592
5057172521111
5057172578955
5057172783090
5057172859658
5057172859689
5057172859818
5057172859849
5057172859863
5057172878819
5057373267108
5057373868770
5057545715666
5057545829097
5057624972119
5057753031756
5057753124885
5057753125745
5057753125844
5057753158460
5057753416294
5057753892920
5057753901202
5057753914189
5057753918712
5057753929831
5057753940072
5057967013821
5057967013982
5057967014378
5057967341078
5057967461851
5057967620760
5059319020440
5059320000042
5059512725159
5059512726903
5059512728228
5059512730726
5059512731099
5059512733079
5059512738319
5059604645778
5059697259555
5059697265211
5059697269974
5059697392702
5059697394188
5059697680403
5059697685149
5059697686771
5059697687204
5059697689628
5059697691263
5059697699498
5059697702846
5059697709234
5059697723988
5059697738746
5059697739521
5059697743597
5059697745201
5059697749971
5059697763830
5059697764400
5059697770166
5059697772009
5059883177496
5059977000082
5059977000181
5059977002390
5059977003021
5059977010319
5060002043752
5060002043981
5060004212958
5060034482758
5060040190067
5060040253427
5060040254417
5060040254431
5060043224462
5060055255614
5060058334057
5060081114015
5060084344860
5060088702284
5060088704158
5060092030007
5060092695046
5060092695107
5060100600208
5060100603094
5060102661078
5060102661931
5060102662105
5060102662693
5060106170033
5060107330412
5060108451697
5060120285157
5060120286345
5060120620408
5060132284858
5060139435291
5060139435857
5060139436588
5060139436632
5060139436649
5060139436656
5060146372046
5060146373623
5060149574850
5060162210186
5060178332889
5060189400010
5060189400072
5060195905578
5060198644191
5060198645440
5060198647123
5060198649462
5060201621836
5060229012005
5060238480772
5060238483483
5060245600668
5060250611406
5060262485385
5060262487624
5060283763554
5060283763592
5060314480054
5060317320449
5060319170820
5060319171230
5060321391039
5060337223034
5060356680276
5060360506814
5060366570093
5060367180390
5060392490099
5060424708604
5060425284169
5060430292586
5060430293040
5060430293071
5060430293163
5060452492476
5060452760162
5060455514632
5060455760206
5060482840407
5060482842500
5060482842517
5060490010694
5060495116360
5060495116483
5060504310130
5060505820270
5060538080290
5060560280033
5060560280927
5060567680287
5060578325238
5060587580062
5060593390037
5060604011999
5060605060552
5060605060576
5060614800378
5060678710668
5060678710774
5060678710958
5060699971222
5060719550000
5060719920261
5060719920360
5060770730298
5060771270441
5060771270526
5060853640056
5060853640766
5060853640780
5060868951529
5060896628882
5060901840490
5060925292145
5060960661395
5060960664037
5060963011708
5060963011807
5060963012675
5061001130610
5061013944199
5061029430020
5061035300171
5061079880011
5063089172865
5063089173190
5063089337837
5063089485477
5063089519325
5063089709139
5063210004041
5063210019991
5063210052318
5063210059300
5063250540790
5063250547102
5063250547942
5063250556449
5063250556661
5063334000288
5063334000752
5063334001193
5063334005559
5063334010607
5063334010669
5063334012649
5063334012656
5063445797978
5063445807271
5065002532183
5065006753003
5070000222424
50819485
5088722227023
5088722227054
5099077004238
51000638
5201051001076
5201054024515
5202234620480
5204739613820
5287000459013
5391511421213
5391520182129
5391520188749
5391521697097
5391526417447
54051294
5410383010070
5410438036833
5410976823018
5411188097327
5411188112549
5411188133230
5411188141440
5413121362639
5449000058386
5449000132505
5601151966518
5601312068815
5607047004678
5690527910804
5711953117879
5711953145315
5740900815407
5760466748780
5900334007407
5900490000182
5901135025812
5901489224206
5904378645649
5905187001237
59082279
5908230511141
5908230526602
5908230533228
5941021000639
5941047827401
6003770000168
6006507005009
6007788005443
6957735788861
7290011378684
7311311021152
7394376616976
7394376619427
7500463335358
7613036241755
7613039535042
7613287154231
7613287169976
7613287195210
7613287195272
7613287228703
7613287238498
7622201702915
7622201730536
7622201746384
7622202010033
7622202257940
7622202274725
7622202286803
7622210106421
7622210149718
7622210255396
7622210317643
7622210318947
7622210497369
7622210584670
7622210650719
7622210664150
7622300624859
7891098000040
7891962060477
8000070022225
8001060008526
8001665127493
8001665708203
8001830533920
8002210128101
8002270626944
8002461910609
8003340097619
8003340098920
8006515026193
8015565037288
8056737782025
8410066137244
8410076014641
8410076421074
8410076482174
8410076620927
8410261642383
8410261642390
8410660049998
8410793282934
8411320334027
8412600017333
8436024720235
8445291403215
8445291847248
8593893769816
8699073290603
8699073290764
8710736952024
87108132
8711200384440
8711200446018
8711327575011
8711327576957
8711327622678
8711327651418
8711327666825
8712566140923
8715000029716
8715700423159
8718300872211
8718692787346
8719200078567
8719200094703
8719200269712
8719956496264
8720182355560
8721201972294
8850206010028
8850206117123
8851876000142
8888056603916
8901262010207
8901552021470
8901595862733
8906010500610
9100000043302
9310006005604
9350271002014
9417986934556
9421903370709
96133972
96198599
96198605
0000200010200
00018593
00025294
00028059
00030182
00051446
00051477
00059718
00120197
00122351
00123464
0013120008009
00132282
00133265
00136280
00151559
00154277
00156707
00156721
00159333
0016000718807
00173193
00176378
00177528
00178358
00180269
00184281
00184755
00192118
00199681
00199810
00200356
0021000067060
00212755
00217477
00234313
00238366
00247344
0025638000130
00256773
00257329
00263573
00263931
00272872
00276412
00278140
00279338
00279345
00283540
00283601
00285131
00285582
00286589
00291521
0029700921453
0029700921460
00298292
00298551
0030100182016
00302487
00302531
00305723
00307048
00311281
0031200452016
00312547
00321433
00321570
00324625
00328753
00336727
00336772
00337366
00337557
00343510
00344043
00345576
00347884
00349765
00355179
00360944
00366861
00366991
00371780
0037600106405
00381253
00391290
00393188
00393775
00394604
00395281
00398572
00399135
00399340
0040000579816
00405614
00410083
0041570080177
0041570112656
00419543
00422840
00423281
00428101
00429894
00429924
00429962
00434515
00434799
0043647130013
0043647832061
0044000030490
0044190321071
00443265
00444965
00446334
0044769778008
00447799
00447829
00450935
00453639
00455275
00457927
00461634
00462297
00463348
00463744
00469609
00472333
00473293
00475839
00477628
00480901
00485678
00486187
00491600
00494182
00494465
00496278
00497169
00498913
00499989
00502146
00503303
00504935
00515375
00518994
00527811
00531627
00537872
00545785
00564762
00569019
00583060
00610629
00647434
00652742
00670180
00671682
00672184
00680226
00683852
0070177229719
00721875
0072417143731
0072417192937
0072417200472
00725019
0073214001637
00738125
00762403
00762724
00763103
00780995
0078895141016
0078895147148
0078895700022
00809184
00819473
00847957
00893541
00896023
00918442
00945257
0096619027811
0096619232437
0096619531493
0096619999965
00972666
00997805
01031416
01066661
01079517
01126365
01135459
01142280
01162462
01167122
01167887
01171204
01175189
01185089
01185751
01187847
01192926
01194333
01196573
01202809
01207729
01213560
01224597
01225990
01227901
01253146
01261325
01292657
01292824
01299106
01382747
01385137
01408713
01473520
01531053
01539615
01555509
01681369
01687675
01689532
01709827
01721850
01737769
01758566
01770957
01771756
01773132
01781120
01787351
01798647
01800685
01832587
01835335
01847574
01850277
01888577
01891140
01893854
01896817
01897609
01897883
0194346207732
01992601
0211111121212
0220016000850
0283697000953
0283739002006
0283839002005
0284633001201
0288544001503
03045664
03055533
03244852
03252147
03265864
03314906
03338803
03458198
0604565349552
0612322001582
0612322001599
0615357120747
0628915641738
0634158955914
0652655001101
0658556142455
0689843840846
0700461775447
0702811522831
0754523566610
0810116123186
0850031700727
0850835000726
0855378004163
0886054002241
10001394
10091173
10112137
10136355
1105729420005
1210002010511
1230000156479
1230000168069
20023027
20031664
20044589
20069148
20112615
20113964
20190651
20388935
20428808
20511753
20511784
20625139
20635350
20674519
20675561
20702830
20753733
20802264
20802301
20822491
20844257
20913915
20914592
20918712
20930035
20952518
20968199
20978365
20987459
21011214
21043147
21058523
21115875
21157042
21178733
27507629
27563564
29013876
29033539
29059324
29075164
29077243
29095483
29101405
29129553
29152575
29157327
29181278
29205561
29214433
29227082
29235063
29266685
29273447
29283378
29283989
29298747
29307760
29308187
29308842
29308897
29310586
29310692
29326174
29326303
29339150
29344048
29365593
29369775
29382965
29386079
29387960
29398010
29398713
29408337
29408382
29410316
29411900
29414024
29417506
29420797
29430734
29431175
29431199
29434329
29434534
29435289
29441792
29449224
29450602
29455454
29457649
3023290064214
3023290065433
3023290065488
3036817800134
3057640229138
3057640372858
3073781093438
3073781159950
3073781218732
3080216034645
3080920996338
3155250368961
3228023180173
3265470084142
3267031040208
3288131114200
3329770051553
3329770080911
3415581165920
3415584409922
3451790802485
3481294501416
3495566500656
3608580015888
3608580082842
3664346339964
3800233072006
4000539670107
4002359019753
4002359019784
4002359646430
4002468209755
4002971207705
4009900525992
4010142023054
4014500041445
4016241050892
4017100287237
4025500243616
4025500277277
4025500278342
4025500287382
4025500294489
4025500297060
4056489098607
4056489125945
4056489126294
4056489126300
4056489139775
4056489150206
4056489173878
4056489189404
4056489198314
4056489203469
4056489230823
4056489238638
4056489238867
4056489240716
4056489257844
4056489257868
4056489333838
4056489363170
4056489372691
4056489379034
4056489379232
4056489437888
4056489461968
4056489471684
4056489486053
4056489523963
4056489555315
4056489557562
4056489570493
4056489571223
4056489647744
4056489647782
4056489649649
4056489650690
4056489657071
4056489709275
4056489710752
4056489712435
4056489752448
4056489763048
4056489822714
4056489823704
4056489823926
4056489851028
4056489851899
4056489865421
4056489888659
4056489895619
4056489897552
4056489900320
4056489900375
4056489900658
4056489900979
4056489902119
4056489902379
4056489902867
4056489903444
4056489904007
4056489940067
4056489975410
4060800135346
4060800178008
4061459003369
4061459165159
4061459240283
4061459313628
4061459342345
4061459357417
4061459440140
4061459743111
4061459743180
4061459754445
4061459768695
4061459842074
4061459937497
4061459957754
4061461075125
4061461236014
4061461240905
4061461340438
4061461372408
4061461399573
4061461415372
4061461439286
4061461611910
4061461839314
4061461865894
4061462010514
4061462092213
4061462322396
4061462357022
4061462533976
4061462539985
4061462591068
4061462599842
4061462651052
4061462778940
4061462782794
4061462959387
4061463012258
4061463099372
4061463585257
4061463720207
4061463826824
4061463872227
4061463949592
4061463982247
4061464329379
4061464443174
4061464551534
4061464893856
4061464960282
4061464969087
4062139007806
4062139015108
4062139017911
4062139019076
4088600003955
4088600005034
4088600007861
4088600011325
4088600017754
4088600030272
4088600033860
4088600035864
4088600047119
4088600048505
4088600054315
4088600054322
4088600054421
4088600056425
4088600063546
4088600063553
4088600068374
4088600074085
4088600077246
4088600080659
4088600085081
4088600101309
4088600103679
4088600107769
4088600108452
4088600108599
4088600108704
4088600116075
4088600124926
4088600124995
4088600125084
4088600131702
4088600137667
4088600138435
4088600140629
4088600141053
4088600141091
4088600148144
4088600184258
4088600191904
4088600198156
4088600208534
4088600211152
4088600212555
4088600220529
4088600224299
4088600238456
4088600238463
4088600243962
4088600248707
4088600252315
4088600259185
4088600267258
4088600271057
4088600272610
4088600274294
4088600286655
4088600289212
4088600290348
4088600300030
4088600304670
4088600312514
4088600315829
4088600316512
4088600321233
4088600333915
4088600360539
4088600360607
4088600365046
4088600366227
4088600369044
4088600369297
4088600379531
4088600385044
4088600385532
4088600402857
4088600412528
4088600416717
4088600416731
4088600438597
4088600449821
4088600454887
4088600475844
4088600479910
4088600496658
4088600511467
4088600522555
4088600524948
4088600531366
4088600532868
4088600537818
4088600539881
4088600550770
4088600553160
4088600557328
4088600558158
4088600559339
4088600561776
4088600562094
4088600562506
4088600564265
4088600564388
4088600564937
4088600565354
4088600565460
4088600565477
4088600566993
4088600568607
4088600573465
4088600574974
4260249144316
4260431683203
4335619010109
4335619010758
4335619016576
4335619017368
4335619062962
4335619082045
4335619109087
4335619121560
4335619123243
4335619136755
4335619179790
4335619181151
4770149218661
4902663007524
5000108033226
5000108033615
5000108162858
5000108170938
5000111047425
5000116102792
5000116102808
5000116110414
5000116124213
5000116126033
5000116128181
5000116128624
5000116128716
5000118203510
5000119016546
5000119115904
5000119123503
5000119226945
5000119532329
5000128301015
5000128412810
5000128602556
5000128622349
5000128654234
5000128677691
5000128753821
5000128796217
5000128797436
5000128824460
5000128833738
5000128954105
5000128957687
5000128968553
5000128980579
5000128993081
5000129324389
5000129339796
5000129347579
5000129362947
5000137001968
5000157025029
5000157025043
5000157062789
5000157062819
5000157066817
5000157149640
5000157149664
5000157150721
5000157156327
5000159470315
5000159484527
5000159539142
5000159542593
5000159542661
5000159553308
5000159560795
5000168001197
5000168001265
5000168001562
5000168003702
5000168006024
5000168035291
5000168040004
5000168076225
5000168121840
5000168186634
5000168188195
5000168211510
5000168212517
5000169015582
5000169020074
5000169020760
5000169021545
5000169023846
5000169025369
5000169037782
5000169049112
5000169061671
5000169075456
5000169088883
5000169122938
5000169127247
5000169149799
5000169149812
5000169151273
5000169157428
5000169165034
5000169170052
5000169193648
5000169193709
5000169195314
5000169226254
5000169324509
5000169328651
5000169374849
5000169381311
5000169537213
5000169546482
5000169561270
5000169577868
5000169578797
5000169602201
5000169603307
5000169604342
5000169608081
5000169608920
5000169611418
5000169612668
5000169614839
5000169614860
5000169618851
5000169619162
5000169623695
5000169627488
5000169630693
5000169631508
5000169632093
5000169634936
5000169634981
5000169640364
5000169669754
5000169672327
5000169689219
5000171058461
5000171058850
5000171058874
5000175409023
5000175409054
5000175413402
5000178113033
5000184161103
5000197156707
5000197577816
5000205047539
5000205047546
5000205047850
5000208035274
5000221602644
5000221607946
5000221609322
5000225005861
5000225010339
5000225019394
5000227000208
5000232038340
5000232828743
5000232853622
5000232863188
5000232904188
5000234050302
5000234051545
5000234054492
5000237126981
5000237129906
5000237129975
5000237138380
5000237138540
5000237139776
5000254021535
5000306004752
5000316000522
5000316001420
5000316020001
5000326011211
5000328017372
5000328026282
5000328028934
5000328028941
5000328031835
5000328032047
5000328037523
5000328123301
5000328250847
5000328251950
5000328452227
5000328461755
5000328475905
5000328540290
5000342001630
5000354155017
5000354160950
5000354403330
5000354907357
5000354909528
5000354909979
5000354913952
5000354919923
5000354922251
5000354923821
5000354925382
5000354926464
5000354926815
5000358329520
5000358962994
5000362112903
5000382102496
5000436699859
5000436737247
5000436850816
5000436901884
5000436959823
5000462431607
5010003000407
5010003064102
5010003066342
5010003070424
5010026518262
5010029217933
5010029219241
5010029226393
5010029227123
5010034002357
5010034014244
5010034016347
5010035066549
5010035068505
5010035069298
5010044004037
5010049001956
5010052112908
5010061242573
5010084309659
5010084702955
5010092093144
5010092093342
5010102001879
5010102240100
5010102240391
5010102242883
5010102244368
5010102244399
5010115926985
5010238021765
5010251426820
5010251450481
5010251491484
5010251526292
5010251535584
5010251560494
5010251562849
5010251567172
5010251603535
5010251624066
5010251737087
5010251737131
5010251737865
5010251759690
5010251797067
5010251868262
5010251902973
5010251916055
5010251953210
5010251980766
5010265000856
5010292961243
5010292969461
5010292970221
5010292975257
5010338000257
5010338200107
5010338300890
5010338301378
5010338301729
5010358189802
5010431004152
5010459000952
5010477303004
5010477304285
5010477308221
5010477333858
5010477365934
5010482796761
5010525017365
5010525017747
5010525041674
5010525125695
5010525135458
5010525167664
5010525189635
5010525202419
5010525207445
5010525263229
5010525281452
5010525281513
5010578003131
5010651001313
5010654000252
5010663817858
5010718306306
5010775199613
5010793381922
5010822991320
5011157730172
5011157888309
5011157900032
5011157997933
5011177000033
5011273000135
5011273047512
5011308510271
5011308701525
5011308701648
5011371000693
5011766010016
5011766010672
5011898007014
5012035905088
5012035962197
5012035962203
5012035968991
5012121004862
5012262011019
5012262011026
5012389672490
5012427081604
5012427092907
5012427290808
5012427676909
50126064
5012818160178
5012845032202
5013427013039
5013665114499
5013665114895
5013665116417
5013665117711
5013665117735
5013803666514
5014213200732
5014272108864
5014908008568
5015168005717
50159086
5016049086047
5016049086221
5016084000381
5016084811277
5016887003800
5016887004647
50172672
5017600519370
5017764000738
5017764002824
5018297011499
5018374069122
5018374087720
5018374465245
5018605068160
5018605155457
5019312083330
5019312896428
5019378000357
5019378002887
5019503002119
5019503007763
5019503020014
5019503023817
5019503047592
5019520001515
5020268600229
5020379173544
5020580017019
5020580017071
5020580032906
5020580269371
5021476000504
5021476000825
5021476000832
5021554003632
5021554004912
5021991943942
5021991944420
5021991944567
5022019160204
5022111012869
5022313312101
5022313318929
5022313319438
5022313332406
5022374051896
5022374054668
50225330
5023746473247
5023751351004
5023751600027
5024121099915
5024121100697
5024121324420
5024121807121
5024121846304
5024121884306
50249466
5025042021733
5025324007462
5025840000039
5025840003962
5025840004839
5025840006024
5026489470962
5026489483030
5026489483061
5026489492827
5026531002073
5029223011629
5029223013555
5029396738576
50300747
5030101029599
5030340000632
5030343836726
5030343836757
5030343839253
5030756005917
5032722301238
5032722301313
5032722315075
5032722315495
5032722317628
5033665208943
5033665214609
5034444112208
5034444115216
5034467002135
5034660518679
5035251000085
5035251001549
5035272201409
5035272214263
5035272609588
5035272934253
5035766049463
5035766052319
5035766062752
5036589252436
5036589253075
5036589255871
5038862333313
5038862634427
5039303003765
5039303005684
5039378004797
5039378005015
50412143
50436767
50457212
5050028340928
5050083393891
5050179015126
5050179607031
5050179691191
5050432003624
5050665005969
5050665016392
5050665038066
5050854598173
5050854976896
5050854977459
5051008098204
5051140442170
5051140592813
5051277842089
5051277842591
5051399570259
5051413716991
5051594006829
5051790298110
5051790966491
5051873005918
5052003444270
5052004078436
5052004460293
5052004640022
5052109886455
5052319035155
5052320529698
5052320568758
5052320718221
5052449493047
5052449582666
5052449582864
5052449844689
5052514017093
5052909407409
5052909452454
5052909702306
5052910420923
5053526133795
5053526262983
5053526774738
5053526799731
5053526955151
5053827209205
5053947270444
5053947314629
5053947608667
5053990160204
5053990167760
5053990170630
5053990173808
5053990177684
5053990177714
5053990177806
5054070162873
5054070242926
5054070249611
5054070263075
5054070313565
5054070357958
5054070627327
5054070629970
5054070853900
5054267000483
5054267002340
5054267008762
5054267014275
5054269361995
5054269603248
5054269690637
5054775296774
5054775347421
5054775580187
5054775703302
5054775750283
5054781024828
5054781051398
5054781053002
5054781219354
5054781246992
5054781527602
5054781714699
5054781718383
5054781719489
5054781874850
5054781982548
5054781993520
5055036900133
5055476152451
5055940100353
5055940101497
5055945401707
5055959200044
5056053309756
5056138202521
5056142400050
5056142401781
5056182402830
5056215600448
5056297000136
5056315501072
5056357906293
5056555203736
5057008100787
5057008169845
5057008425132
5057008920385
5057172030088
5057172033331
5057172101610
5057172182046
5057172233977
5057172338696
5057172338719
5057172338955
5057172342105
5057172431595
5057172431601
5057172515431
5057172516308
5057172588947
5057172606085
5057172612680
5057172729104
5057172980802
5057373815736
5057373933775
5057373964830
5057373964953
5057545009598
5057545028483
5057545092477
5057545714188
5057545744314
5057545778746
5057545827826
5057545828625
5057545828984
5057545864326
5057545877579
5057545889657
5057545986721
5057624566660
5057624796920
5057753032470
5057753083847
5057753083946
5057753125431
5057753155919
5057753181345
5057753211509
5057753305314
5057753494483
5057753521547
5057753894245
5057753894436
5057753896607
5057753901806
5057753904784
5057753908010
5057753911904
5057753913199
5057753913267
5057753913991
5057753919535
5057753920289
5057753924362
5057753926748
5057753935542
5057753936686
5057753937867
5057753940195
5057967370382
5057967370474
5057967370498
5057967395705
5057967576265
5057967620579
5059316576445
5059319035154
5059320001087
5059512729744
5059512730757
5059512732119
5059512734007
5059512735202
5059512738074
5059512741685
5059697254338
5059697254581
5059697254840
5059697257438
5059697259272
5059697260681
5059697270901
5059697388910
5059697396908
5059697396946
5059697399503
5059697401541
5059697402272
5059697684241
5059697685095
5059697685446
5059697687211
5059697689673
5059697696046
5059697699252
5059697703515
5059697710445
5059697710506
5059697711084
5059697713583
5059697714801
5059697718168
5059697724619
5059697729720
5059697730580
5059697731815
5059697733307
5059697733611
5059697740015
5059697746819
5059697750847
5059697755712
5059697762710
5059697768026
5059697768934
5059697770081
5059697771040
5059697772177
5059697778049
5059883097480
5059883177526
5059944007717
5059977000228
5059977002840
5059977003014
5060002044445
5060002044452
5060004212798
5060005421458
5060011816132
5060021080912
5060027070153
5060034483182
5060040190104
5060040251997
5060043224363
5060051271571
5060054132565
5060054134125
5060058332152
5060059530960
5060062061581
5060065800026
5060072971320
5060079655193
5060079655254
5060081117115
5060084347601
5060087941448
5060087943961
5060088700709
5060088701058
5060088706084
5060088708279
5060088709054
5060088709108
5060092691628
5060092696456
5060100601885
5060101406458
5060106170187
5060108451635
5060108451734
5060119290414
5060120281067
5060120283122
5060120285782
5060120286222
5060122032711
5060132283608
5060136254154
5060136256158
5060136256622
5060139433372
5060139436182
5060139436434
5060142010188
5060146373609
5060149574836
5060149574881
5060178073188
5060178074055
5060178074987
5060188170846
5060188171065
5060198820700
5060202390809
5060230051338
5060237990319
5060262485453
5060262485743
5060262489840
5060276370912
5060283762946
5060298880581
5060317350347
5060319170493
5060319170783
5060319170868
5060319171254
5060321390704
5060336506008
5060337222761
5060338920581
5060343741614
5060360501437
5060360502151
5060360507750
5060360508573
5060360508597
5060360508672
5060360508979
5060367182080
5060367182752
5060375300209
5060379650096
5060379650119
5060384262949
5060392490242
5060402904776
5060406081381
5060415520802
5060419540226
5060425720032
5060444851151
5060452360829
5060452360867
5060456691585
5060468523478
5060469988504
5060469988603
5060472691989
5060477670019
5060482840896
5060482842708
5060482842876
5060489730015
5060489730794
5060490401126
5060504311328
5060516880874
5060524530402
5060534670594
5060544130125
5060558350472
5060558351332
5060587580178
5060593390068
5060594550683
5060602580961
5060608742172
5060608747658
5060621160090
5060627050036
5060651990292
5060655450013
5060661294519
5060678710798
5060719920025
5060771270502
5060811382325
5060811384084
5060853641145
5060868950300
5060873690024
5060878780423
5060878780966
5060903000045
5060925290622
5060925292374
5060947541986
5060947545601
5060960660855
5060960662279
5060960663870
5061001130009
5061013942980
5061013944250
5061013949644
5061035300270
5061064100773
5063089004166
5063089015803
5063089172872
5063089281987
5063089485736
5063089577592
5063089690550
5063210005345
5063210005383
5063210021369
5063210048212
5063210049837
5063210064502
5063249299630
5063334000349
5063334000356
5063334002534
5063334005511
5063334006068
5063334006822
5063334007591
5063334007621
5063334009694
5063334012267
5063334013851
5063334014179
5063334016913
5063334029272
5063445801309
5065009224296
5070000403304
50824991
50833917
5099229002471
51000015
5201054017524
5201119000225
5201168215298
5201360614226
5202178003141
5204193814290
5390605004073
5391508960442
5391528180363
5392000155596
5400606976757
5410126006766
5410126673753
5410976826019
5411188124320
5411188137474
5411188139249
5411188139904
5411188141525
5449000121134
5449000133410
5449000239662
5449000309822
54492578
5601312183440
5701977550035
5711953027819
5711953112577
5711953149764
5711953161537
5711953162992
5711953176784
5711953179594
5711953184055
5740900805002
5900259122001
5900352001555
5900497043366
5900951027710
5900951247064
5901398410080
5901939006017
5902768862515
5902899143873
5905187114685
5906827001303
5907556422964
5941209017329
5942016304350
5942289012679
5949000500057
5949000506431
6003770008546
6003770008973
6003770009260
6006507007454
6408430400102
6901668005892
6942836723392
7004784161028
7201490020407
7318690050926
7350042719402
7394376615733
7394376665011
7610700612507
7610900248889
7612100015575
7612100808443
7613030037774
7613034989253
7613035062771
7613035220263
7613036069816
7613036127097
7613036683241
7613037051230
7613037889857
7613287151711
7613287430946
7613287509505
7622201388683
7622201440176
7622201442392
7622201450366
7622201500061
7622201675349
7622201681036
7622201681548
7622201682378
7622201719548
7622201725976
7622201802028
7622202022623
7622202023804
7622202039102
7622202236914
7622202287336
7622210295149
7622210369543
7622210448101
7622210703538
7622300735951
7622300743703
7622300990732
7627535395253
7630294500684
7640155340717
7640155340786
8000500153383
8001060001763
8001060043213
8001310001048
8001310005824
8001440120039
8001440120749
8001665722889
8002210123090
8002270336850
8003130129544
8003340046150
8003340090542
8003340801803
8005420550922
8008857601052
8016129000847
8053178940038
80815310
8410076471222
8410076471239
8410076472328
8410076473943
8410134001217
8410156200063
8410261642338
8410637113882
8410637113905
8412318013184
8414192346112
8426944021253
8445290041302
8445290634795
8445290805652
8445291140974
8445291686069
8445291686106
8445291686229
8445291746107
8595021606161
8606018618439
8690504065395
87108262
8710908960017
8711000279380
8711200336210
8711200426218
8711200496501
8711327386334
8711327434622
8711327534001
8711327611757
8711900013992
8712423020214
8712566140688
8713621860794
8714100083529
8714100534427
8714100658499
8714685903229
8715700112572
8717677339853
8719200175297
8719200204782
8719956494475
8720182422293
8720182735195
8720701145894
8809125065305
8809410721459
8850999112107
8853662056678
8853662060484
8888056803606
8901552021371
8904063240187
8906021073417
8906056450320
9002490206215
90111334
90490705
9060300570086
9300641001062
9310072034577
9310072034584
9322214006229
9350271000669
9418315126598
9420063601104
9421009030316
9556041612548
9556041612555
96107775
96179543
96198582
96205617
0000200003086
0000200008342
00026970
00028325
00029360
00037730
00039826
00051439
0006565580483
00068789
00073592
00082372
00083089
00084215
00088862
00089456
00093521
00094986
00101813
00118361
00121033
00123082
00125994
00131544
00133272
00136181
00138314
00146838
00148214
00151542
00153720
00154222
00154307
0016000502642
00161886
00170482
00176415
00176828
00180238
00181600
00183437
00188968
00189095
00193801
00198639
00204392
00204880
00205597
00212595
0021723339994
00221443
00224581
00225380
00227421
00227537
00227605
00229630
00234474
00237758
00239042
0024000199779
00244992
00251105
00251112
00251280
00255783
00259484
00259620
00262088
00264631
00275224
00279321
00285384
00285513
00287319
00301350
00301428
00304702
00309851
00311137
0031200467768
00318266
00321266
00321549
00321990
00322027
00330329
00337311
00339834
00345606
00345897
00346016
00348423
00350211
00354233
00355377
00356992
00361637
00372701
00373548
00374491
00377331
00378284
00378857
00381246
00381925
00382014
00384445
00386029
00386425
00390125
0039047010215
0039047011922
0039047018396
0039047050044
00392815
00394482
00394635
00395755
00398862
00399777
0040000580201
00400299
00405768
00410502
00414401
00415033
00415798
00420020
00420396
00421102
00421522
00421560
00423816
00427364
00429832
00429900
00429955
00430050
00431644
00433556
00441865
00443906
00445269
00447898
00448468
00448727
00449458
00454230
00455145
00457651
00458153
00461467
00461955
00463683
00464321
00464727
00467810
00471190
00471763
00482974
00483780
00485326
00485845
00485913
00486323
00486682
00490351
00491815
00492287
00492539
00492737
00494083
00496827
00497688
00498999
00504690
00508896
00510301
00510882
00518420
00522960
0052655731860
00530446
00547093
00548540
00554886
00577663
00596213
00601153
00605281
00615655
00621274
00623643
0063211197587
00643740
00651851
00652070
00678902
00681551
00683036
00685351
00701662
0070177225865
0070177231255
00712637
00722155
0072417141003
0072417200403
0072417201523
00737944
00738064
00739269
0074305701320
00750813
0075172071905
00780988
00787734
0078895148299
0078895159400
00798105
00800563
00805902
00808446
00819671
00852173
00853446
00866484
00869041
0087666052789
00926225
00935845
00937641
00943420
00943628
0096619206841
0096619442928
0096619872619
00968638
00981781
01016093
01034752
01039412
01062335
01081077
01098020
0111111111117
01125214
01132724
01136074
01137729
01138139
01142990
01146387
01146417
01149340
01164862
01168068
01173413
01189506
01199574
01208443
01222500
01232851
01248692
01305326
01305333
01307610
01359893
01374483
01420340
01432039
01447798
01466287
01486384
01503265
01506334
01510225
01510256
01583328
01598377
01647952
01654899
01689099
01696059
01716184
01734621
01739206
01742589
01762938
01762952
01765007
01771640
01774436
01785142
01794090
01800319
01800579
01804171
01804409
01806397
01810370
01815788
01831016
01834093
01845051
01845204
01847758
01848632
01848984
01850765
01851175
01854930
01863857
01872347
01876628
0211540002007
0244320002751
03033401
03057124
03061541
03231340
03246566
03264614
03270509
03275351
03280607
03283202
03283257
03311394
03316207
03320501
03330074
03340042
03340431
03412343
03436691
03450192
03472019
03477397
03477809
0604565083814
0607766455596
0612322000585
0612322001025
0612322030339
0634158624018
0634158938702
0658243001140
0722252387486
0762111490896
0767665920059
0785614360763
0787099922757
0810020931860
0810035510982
0810116124015
0810116125005
0810116125258
0810116125463
0813047022153
0818411001710
0850003560694
0850003560991
0850040427110
0898999010380
10004906
10057704
10078228
10099919
10589038
1104376900007
1210002010405
1230000022705
1230000131049
19001975
1904864550000
20012441
20015824
20182489
20239077
20281922
20327156
20334352
20341459
20379780
20389949
20395964
20409319
20409500
20411992
20421441
20469962
20511319
20546090
20601539
20611033
20616588
20629045
20652609
20674502
20674618
20712518
20720025
20758912
20803537
20858513
20861308
20879723
20891091
20913366
20913458
20934156
20958862
20978082
21004278
21026065
21115035
21178610
27258071
27563540
29023240
29024520
29039494
29040124
29050550
29056446
29061808
29083282
29086948
29125531
29126361
29126705
29129508
29143573
29145294
29157358
29160471
29173587
29178919
29184064
29214464
29220427
29220434
29234424
29260584
29266678
29273812
29298761
29308354
29310470
29320486
29339792
29347100
29347599
29356232
29361519
29367993
29370368
29373918
29377107
29378135
29378265
29381074
29383504
29386635
29397853
29397921
29398089
29400188
29402380
29405015
29408849
29422371
29426096
29430208
29430284
29432738
29432868
29432905
29433117
29434695
29434749
29435241
29435357
29449286
29455102
29470419
2999300105219
3017620401473
3021768203639
3023290001349
3023290080160
3023290080184
3023290453926
3023290456330
3041091431998
3046920023467
3061990141484
3161712866104
3178530422719
3228023910107
3273221115588
3273227080156
3329770087552
3329770089549
3341500006008
3360102300017
3415581162929
3451790196577
3596710445004
3608580023838
3608580023869
3664346345088
3664346346290
3700214619254
3770018078229
3800048308277
3800061602963
3800779041948
4000281325508
4000417692313
4002103248248
4002359019357
4002359020162
4002359040122
4002359640469
4006529002170
4008400836423
4009900535861
4009900538541
4009900542128
4009900550321
4014400908688
4014400935622
4017100219900
4018703070479
4025500250942
4025500277420
4025500277529
4025500278106
4025500278366
4025500292041
4025500294748
4056489000563
4056489028758
4056489036111
4056489036135
4056489045762
4056489046981
4056489052685
4056489073345
4056489105916
4056489110187
4056489111924
4056489112105
4056489125730
4056489125839
4056489129059
4056489129066
4056489173861
4056489173991
4056489175636
4056489198338
4056489198697
4056489238102
4056489240259
4056489241515
4056489262312
4056489294863
4056489306856
4056489307075
4056489319016
4056489353355
4056489356899
4056489378235
4056489409465
4056489409496
4056489412090
4056489419341
4056489431060
4056489437895
4056489438267
4056489438298
4056489438700
4056489438724
4056489458647
4056489467588
4056489480846
4056489495260
4056489516781
4056489519829
4056489523932
4056489532125
4056489540090
4056489555544
4056489595151
4056489596202
4056489608172
4056489618744
4056489647539
4056489649199
4056489649748
4056489650621
4056489650959
4056489666004
4056489676669
4056489677345
4056489691297
4056489691433
4056489695394
4056489704287
4056489739524
4056489756606
4056489757399
4056489758624
4056489787716
4056489815563
4056489823513
4056489823551
4056489823605
4056489823889
4056489824152
4056489824466
4056489825128
4056489825500
4056489825609
4056489851547
4056489851769
4056489851875
4056489852193
4056489852278
4056489865452
4056489885740
4056489888369
4056489895268
4056489897774
4056489898863
4056489899341
4056489899785
4056489899822
4056489899990
4056489900641
4056489902331
4056489902522
4056489902553
4056489936350
4056489961574
4060800001771
4060800002242
4060800309952
40608143
4061458037730
4061459059656
4061459071788
4061459107494
4061459314359
4061459386523
4061459387278
4061459436747
4061459436785
4061459565775
4061459672565
4061459700688
4061459717044
4061459770995
4061459783995
4061459839531
4061459937541
4061459979176
4061461148669
4061461156831
4061461216450
4061461216481
4061461308681
4061461354749
4061461392512
4061461783808
4061461866617
4061462006913
4061462014123
4061462103377
4061462208966
4061462313028
4061462801259
4061462826283
4061462841781
4061462944772
4061463069092
4061463099143
4061463801739
4061463826404
4061463875846
4061463949530
4061463984296
4061464431492
4061464541016
4061464560529
4061464565791
4061464574861
4061464643697
4061464647763
4061464717817
4061464755628
4061464863330
4065698201609
4088600007304
4088600011837
4088600011882
4088600020501
4088600020518
4088600022437
4088600026251
4088600029269
4088600033327
4088600035826
4088600038179
4088600043166
4088600048345
4088600048413
4088600048420
4088600053653
4088600054308
4088600054339
4088600057583
4088600057910
4088600058061
4088600058825
4088600061733
4088600063119
4088600064529
4088600066837
4088600077260
4088600079264
4088600090924
4088600100258
4088600107974
4088600107981
4088600109442
4088600113487
4088600116983
4088600123929
4088600124957
4088600138886
4088600149684
4088600157955
4088600173115
4088600184104
4088600184111
4088600191126
4088600193021
4088600203348
4088600205427
4088600208541
4088600209944
4088600210162
4088600212609
4088600214115
4088600216584
4088600216591
4088600218175
4088600218182
4088600218236
4088600226453
4088600228143
4088600229157
4088600236834
4088600238364
4088600244556
4088600245690
4088600255446
4088600255743
4088600257747
4088600265148
4088600265476
4088600265940
4088600268521
4088600268743
4088600274065
4088600282527
4088600286815
4088600288949
4088600296425
4088600298924
4088600300269
4088600302553
4088600311067
4088600313634
4088600338491
4088600367330
4088600374383
4088600386201
4088600387055
4088600388793
4088600399911
4088600399928
4088600401287
4088600407241
4088600412184
4088600414645
4088600415857
4088600418957
4088600438207
4088600438603
4088600440507
4088600446332
4088600446349
4088600447131
4088600450490
4088600451510
4088600456409
4088600463551
4088600464756
4088600479286
4088600494524
4088600499246
4088600505541
4088600516295
4088600518343
4088600524146
4088600529325
4088600531120
4088600532370
4088600540399
4088600551012
4088600551463
4088600552514
4088600554174
4088600559018
4088600559438
4088600559841
4088600561059
4088600562889
4088600564920
4088600568447
4088600570921
4088600576985
40899930
42405962
4251097405278
4251097420288
4260334140025
4335619005860
4335619010680
4335619013483
4335619032224
4335619047204
4335619071476
4335619071506
4335619071872
4335619087477
4335619094031
4335619100817
4335619111714
4335619121300
4335619124356
4335619129580
4335619165892
4335619165908
4335619180192
4335619180369
4335619180550
4335619254121
4335619272682
44642754
4650075429198
4750050341481
4770149213895
4770175483385
4770405226980
4897878000012
4901002075361
49645309
5000108031826
5000108982272
5000111004183
5000112646429
5000112659313
5000112664270
5000116018130
5000116046867
5000116055319
5000116111756
5000116124671
5000116125029
5000116126064
5000116126712
5000116128853
5000118082306
5000119083388
5000119113252
5000119123831
5000119126139
5000119131829
5000119287052
5000119331076
5000119410368
5000127163195
5000128280976
5000128431156
5000128439527
5000128468831
5000128584098
5000128591508
5000128612746
5000128622561
5000128632317
5000128661393
5000128673518
5000128723602
5000128734295
5000128768467
5000128769396
5000128782661
5000128975797
5000128980814
5000128983792
5000128992329
5000128994149
5000128995481
5000129321616
5000129325935
5000129326598
5000129328929
5000129340143
5000129340570
5000129354478
5000129359718
5000129359879
5000129362459
5000129378337
5000137277929
5000147026616
5000149028939
5000157071613
5000157074027
5000157075024
5000157075222
5000157078858
5000157146199
5000157147530
5000157154330
5000157156419
5000159342179
5000159381178
5000159472579
5000159510769
5000159542630
5000159542753
5000159543873
5000159553896
5000159558181
5000159565721
5000159571562
5000165375161
5000168000732
5000168009278
5000168036793
5000168037622
5000168041544
5000168041605
5000168129990
5000168157740
5000168214702
5000169015605
5000169030165
5000169035122
5000169045022
5000169045473
5000169055489
5000169057513
5000169057902
5000169061213
5000169062814
5000169065402
5000169068830
5000169071663
5000169074282
5000169078396
5000169090343
5000169090916
5000169097779
5000169112670
5000169124789
5000169127261
5000169128534
5000169130780
5000169135228
5000169149782
5000169152478
5000169174975
5000169229668
5000169250112
5000169251492
5000169258224
5000169268063
5000169269718
5000169293904
5000169299098
5000169324714
5000169360521
5000169375006
5000169376348
5000169377802
5000169381069
5000169384091
5000169413227
5000169419229
5000169421963
5000169448557
5000169463895
5000169473795
5000169489161
5000169495483
5000169514962
5000169515686
5000169515761
5000169539897
5000169547694
5000169547700
5000169550427
5000169561232
5000169567425
5000169578179
5000169578766
5000169585122
5000169593967
5000169603673
5000169605189
5000169606810
5000169611869
5000169622384
5000169625866
5000169625972
5000169631263
5000169641187
5000169655306
5000169656136
5000169659106
5000169660690
5000169663646
5000169664353
5000169672358
5000169675151
5000169677148
5000169677155
5000169704424
5000169766569
5000169959749
5000171030696
5000171053428
5000171055316
5000171061225
5000177468714
5000183506370
5000197156943
5000205034546
5000205036632
5000205048291
5000208038954
5000208069088
5000221506621
5000221601883
5000221602651
5000221609353
5000225003546
5000225015976
5000225028044
5000225033253
5000225038692
5000225057747
5000227000413
5000227510066
5000232021427
5000232027320
5000232821010
5000232822512
5000232831316
5000232893536
5000232900326
5000232901286
5000232904348
5000234050760
5000237130056
5000237133989
5000237134528
5000237138007
5000237139516
5000237202333
5000237203200
5000237205389
5000243726960
5000243890807
5000246728183
5000295141292
5000295142909
5000295145115
5000295145153
5000295163546
5000306003274
5000312000687
5000316001147
5000326011969
5000328013602
5000328015316
5000328018256
5000328020112
5000328022550
5000328027654
5000328028705
5000328029085
5000328031927
5000328035369
5000328136455
5000328271507
5000328312484
5000328493435
5000328541082
5000328542546
5000328737102
5000328908137
5000342000329
5000342000930
5000342001340
5000354168253
5000354401312
5000354402715
5000354405075
5000354700064
5000354800795
5000354908330
5000354914287
5000354915673
5000354916922
5000354918803
5000354919749
5000354919954
5000354922510
5000354926433
5000354926631
5000358443653
5000362000408
5000362110251
5000382112464
5000382122401
5000436281139
5000436652465
5000436737476
5000436769255
5000436960263
5000462346611
5000462669178
5000462669192
5000462669239
5010003060289
5010003063464
5010003065642
5010026517661
5010029229516
5010029230628
5010034014046
5010034014299
5010034014312
5010034015975
5010035070065
5010038486009
5010044007793
5010044009407
5010052111376
5010067321555
5010067321708
5010067332322
5010067338171
5010084104063
5010092153541
5010092716210
5010102115552
5010102243392
5010102245181
5010105133010
5010112000169
5010115901142
5010115924752
5010148111037
5010204029184
5010204029436
5010204155746
5010204701738
5010204914442
5010219501705
5010228003566
5010228012223
5010236116685
5010238013814
5010251268239
5010251341369
5010251348788
5010251431022
5010251450351
5010251460329
5010251460930
5010251468462
5010251473015
5010251476634
5010251507819
5010251508458
5010251509189
5010251510642
5010251519485
5010251526339
5010251541080
5010251552949
5010251553106
5010251554783
5010251556244
5010251566496
5010251567059
5010251581024
5010251592839
5010251594178
5010251595243
5010251595496
5010251602187
5010251603399
5010251623403
5010251638230
5010251673934
5010251758860
5010251772835
5010251788614
5010251823469
5010251847052
5010251918189
5010251925576
5010251952770
5010251953036
5010251953159
5010251980346
5010251986096
5010251986331
5010292932052
5010292956782
5010292967542
5010292977039
5010338223533
5010338300630
5010338404307
5010392004017
5010431003834
5010455063142
5010477342713
5010478012899
5010482187620
5010482194925
5010482274955
5010482373627
5010482556570
5010482908225
5010482925765
5010482927127
5010525002828
5010525004662
5010525017280
5010525057033
5010525094564
5010525125497
5010525125657
5010525126517
5010525135601
5010525152035
5010525164182
5010525182001
5010525182018
5010525201320
5010525235981
5010525237336
5010525250175
5010525281568
5010525315508
5010525315546
5010525365053
5010578003087
5010578003117
5010578003162
5010651001412
5010651001559
5010718204817
5010718204916
5010718290018
5010718306702
5010775203341
5010775204652
5010793378052
5010822990279
5010909007678
5011053025891
5011157090313
5011157620220
5011157993805
5011157997582
5011262013016
5011308001601
5011673403611
5011714410721
50117468
5011766666299
5011766666626
5011826132108
5011898001210
5011898008011
5012005290107
5012035963064
5012035963460
5012035965419
5012035971939
5012121006736
5012246006475
5012262009931
5012389900142
5012427044203
5012427096400
5012427142404
5013427015583
5013543009022
5013543009299
5013635116614
5013635350865
5013635366101
5013635410941
5013635420537
5013665101420
5013665113416
5013665115618
5013665115731
5013665116134
5013665116530
5013665117599
5013665117612
5013803801335
5013803991319
5013804001154
5014284003010
5014379029864
5014442015848
5015168003775
5015282128323
5015326100049
5015552601112
5016084504582
5016316011413
5016346516766
5016451062141
5016451412588
5016451422501
5016887003817
50171248
5017397002307
5017601041795
5017601049739
5017764119027
5017838812724
5018297008390
5018297009267
5018297012212
5018357012459
5018374314093
5018374525383
5018811000930
5019087045106
50193363
50193622
5019503022896
5019503028812
5019503043174
5019503045093
50201105
5020411113828
5020580018382
5021427903465
5021476000511
5021554988779
5021991942624
5022019600113
5022374050998
5022374054583
5022374057973
5022374058048
5022569091003
5022824040494
5023652444508
5023751000766
50237913
5024121338120
5024121495212
5024121806124
5024121806209
5024271112212
5024271112847
5024393000114
5024448533475
50248261
5025820007980
5025833016504
5025840001753
5026489495682
5026489500553
5027738013718
5027951005828
5027952011200
5027952015703
5028931006453
5028931183314
5029223000821
5029223002054
5029223011735
5029788602171
5030343001049
5030343834074
5030343834708
5030343839697
5030756005818
5030756006587
5030765038913
5031021087065
5031021361301
5032439100247
5032558000855
5032722301252
5032722307421
5032722307513
5032722309784
5032722316027
5032722317772
5033665209810
5033665213923
5033665214968
5034033000701
5034083002250
5034083004520
5034083004537
5034124006308
5034467000155
5034467002494
5034660021643
5034660520245
5034660522775
5034709001353
5035230100058
5035272145024
5035272740731
5035272934482
50354078
5035660138768
5035766044635
5036589206422
5036589255970
5036829756588
5036829756601
5036829757745
5037166010937
5038695460194
5038862002721
5038862008884
5038862100700
5038862107709
5038862133142
5038862230353
5038862238397
5038862637183
5038862638951
5039303003758
5039303007671
5039303007688
5050083344787
5050179081091
5050179626933
5050179691351
5050179876512
5050179966008
5050665005945
5050665034181
5050668011080
5050854275159
5050854446801
5050854476501
5050854584565
5050854664106
5050854976223
5050854977411
5051008182156
5051008187991
5051008878523
5051140110505
5051140152895
5051140253271
5051140350451
5051399457437
5051399881294
5051413342121
5051413459478
5051413585740
5051413586044
5051413680940
5051413749104
5051413881194
5051622629303
5051790297984
5051790651557
5051790857539
5051898462666
5051898805821
5051898824914
5051898983161
5052004249638
5052004384773
5052004386388
5052109835194
5052319012033
5052319070088
5052319217568
5052320541904
5052320653287
5052320721849
5052449156249
5052449168044
5052449269451
5052449651065
5052449668629
5052449669527
5052449854336
5052449889024
5052675001146
5052909616801
5052909745730
5052910096562
5052910218209
5052910218582
5052910585523
5052910596277
5052910596635
5052910834522
5053526005719
5053827111188
5053827142281
5053827209885
5053947250378
5053947861260
5053990137787
5053990168637
5053990177745
5053990188956
5054070071311
5054070242902
5054070275603
5054070621509
5054070621516
5054070630693
5054070649985
5054070716007
5054070716434
5054267005051
5054267010819
5054268240291
5054268651714
5054268704533
5054269267976
5054269795943
5054402006035
5054402150851
5054402181763
5054402633163
5054775147069
5054775467945
5054781025276
5054781025344
5054781025719
5054781082859
5054781137085
5054781313106
5054781313113
5054781328032
5054781345992
5054781498315
5054781531081
5054781562382
5054781624615
5054781710622
5054781745525
5054781796633
5054781855040
5054781874379
5054781952473
5055036977173
5055159500593
5055159504560
5055540023311
5055540057118
5055958701092
5055958701801
5055958706011
5055958707872
5055958707919
5055967555532
5056053300043
5056053305949
5056053306137
5056053307127
5056053308766
5056053309732
5056138201296
5056138202002
5056138202569
5056138203030
5056138203078
5056215600257
5056215600479
5056285800175
5056297000754
5056315501041
5056315501508
5056357905593
5056357908044
5056517313848
5056555205280
5056555208465
5056594800019
5056594800033
5056784906477
5057008079601
5057008254398
5057008858442
5057172091249
5057172182022
5057172199945
5057172223435
5057172236763
5057172404278
5057172404711
5057172483822
5057172484492
5057172668601
5057172706167
5057172736713
5057172808175
5057172821273
5057172858989
5057172886821
5057172886852
5057172908578
5057172996551
5057373224514
5057373517067
5057373815651
5057373842534
5057373889836
5057545028346
5057545028469
5057545619308
5057545696460
5057545713457
5057545716144
5057545735299
5057545806975
5057545807156
5057545828601
5057545877753
5057624227493
5057624748691
5057624874208
5057753034313
5057753097349
5057753097721
5057753125271
5057753153205
5057753158408
5057753159030
5057753253264
5057753255282
5057753283988
5057753325466
5057753418816
5057753521219
5057753859527
5057753894887
5057753898175
5057753900519
5057753901233
5057753906580
5057753912994
5057753915599
5057753916756
5057753919498
5057753934477
5057753934552
5057753935412
5057753936761
5057753941123
5057967013883
5057967341054
5057967620661
5057967620821
5057967620883
5059319016900
5059319022550
5059319022581
5059319024059
5059319036779
5059320000820
5059321005121
5059512628047
5059512726224
5059512734236
5059512738531
5059512740237
5059604460463
5059604639838
5059604644382
5059604645686
5059604645792
5059697257070
5059697259289
5059697260292
5059697261237
5059697261978
5059697262937
5059697268120
5059697386305
5059697391637
5059697396816
5059697396915
5059697679551
5059697679803
5059697681813
5059697684180
5059697685156
5059697687402
5059697687853
5059697693250
5059697698002
5059697704666
5059697704932
5059697707698
5059697708572
5059697715921
5059697717482
5059697718687
5059697722912
5059697724916
5059697727511
5059697728815
5059697732263
5059697734977
5059697738999
5059697739439
5059697743849
5059697745881
5059697746482
5059697751806
5059697751851
5059697752681
5059697753961
5059697754012
5059697758690
5059697761195
5059697771262
5059697773716
5059697776915
5059977005704
5059977005858
5059977011712
5059977012061
5059977012382
5060002043974
5060002044438
5060005422769
5060005422776
5060011816118
5060011816170
5060016800860
5060016814003
5060033580011
5060033580042
5060033580172
5060036011543
5060040190081
5060040251591
5060040252000
5060043224349
5060054130127
5060054132459
5060055379839
5060060381247
5060072652236
5060072971535
5060072991342
5060075672811
5060077680470
5060081116255
5060084345553
5060084348301
5060084349483
5060087945200
5060088700976
5060088703083
5060088703120
5060088706008
5060088709252
5060088709511
5060088709962
5060092690393
5060096750963
5060100600215
5060102662174
5060102662358
5060102662761
5060108451673
5060108453325
5060110483433
5060120281371
5060120285478
5060120285492
5060120620422
5060136256073
5060139431194
5060139431590
5060146373760
5060147320039
5060162826981
5060178072723
5060178332896
5060198645716
5060198645792
5060198649592
5060201180883
5060201621898
5060216560458
5060221203784
5060230050102
5060231728246
5060235830952
5060238483605
5060242410208
5060245600453
5060250345943
5060262485460
5060262488522
5060283762007
5060283762229
5060283762267
5060288540358
5060298881021
5060298881939
5060319170363
5060319171285
5060336501300
5060336502963
5060336508200
5060337220118
5060337221979
5060338920031
5060346990286
5060360501772
5060360505480
5060360506241
5060360506289
5060362074076
5060367182561
5060367182721
5060367182769
5060367450349
5060390770032
5060391623825
5060391624495
5060391629513
5060392490075
5060402905537
5060406081657
5060415520826
5060419540196
5060428120174
5060430551591
5060430551836
5060455490882
5060456691127
5060468522716
5060468522723
5060468522808
5060468522853
5060468523171
5060468523515
5060468523645
5060468523720
5060469987712
5060470842147
5060472692016
5060482841787
5060482842203
5060482842531
5060482842579
5060482842906
5060482843811
5060482849950
5060487820015
5060487820084
5060492002246
5060495115585
5060504311342
5060516880140
5060519810229
5060525200151
5060525200236
5060529740004
5060536650488
5060542770620
5060544130187
5060545680018
5060549450341
5060549450747
5060567680249
5060572340404
5060587580079
5060604012200
5060604012354
5060614805878
5060626403888
5060627050098
5060638520214
5060674960852
5060678711436
5060678711443
5060699970973
5060719920223
5060719920346
5060719928021
5060743741146
5060771270090
5060831610088
5060853640902
5060853640933
5060853641206
5060853641268
5060878780430
5060925293241
5060925293647
5060940940229
5060940940267
5060947549043
5060960662200
5060963016710
5060967393091
5060971862347
5060972180181
5061013961271
5063089125052
5063089131862
5063089246054
5063089262795
5063089310052
5063089314852
5063089323922
5063089394939
5063089485699
5063089485712
5063089498927
5063089499184
5063089543665
5063089543733
5063089609866
5063089654514
5063089798799
5063089870204
5063089875582
5063210004065
5063210004737
5063210018826
5063210020171
5063250532467
5063250549618
5063250551574
5063334000080
5063334000714
5063334000936
5063334000943
5063334003623
5063334004149
5063334007676
5063334012878
5063334016647
5063334019792
5063334021016
5063334028275
5063445784237
5063445787153
5063445790535
5063445790757
5065002532213
5065013646053
5065017705190
5065020434483
5070002576617
50717187
50967506
5099801000154
5099801001045
5099801004671
5201168218114
5201360531141
5202178082924
5202390018855
5202390025631
5202390031687
5350122000057
5391526414361
5391534340027
5391539750081
54023819
5410126126235
5410316442930
5410438036543
5410976080428
5411188133001
5411188133636
5411188133650
5411188134916
5411188140948
5413415730106
5449000125002
5449000221544
5606677004959
57030609
5707361100053
5711953027857
5711953145339
5740900403680
5740900404519
5741000000021
5900259130686
5900334005519
5900344504248
5900344901788
5900385500148
5900397737709
5900531000980
5900567001517
5900649077997
5900749020084
5900820001308
5900820016258
5901135021883
5901588018034
5901696012214
5901713015617
5902221668074
5902898825398
5904358563994
5904730218320
5905187001213
5905514765658
5941101000191
5941168001285
5997523314958
5997523315870
6003770000199
6003770002520
6003770009680
6007788003661
6921804701563
6936756254456
7064765580460
7290002260493
7290004915018
7290107872386
7311310031350
7311311011863
7311312007384
7335029092792
7393714896193
7394376618833
7501003101792
7610313426706
7610400010429
7610400096607
7610400111461
7610700001417
7610900309672
7610900309689
7613033307201
7613035017566
7613035194458
7613035283770
7613035989153
7613036193061
7613037505641
7613038977638
7613039093894
7613287806482
7616100055579
7622201143305
7622201148973
7622201416119
7622201437336
7622201443009
7622201680855
7622201690052
7622201700294
7622201722999
7622201726362
7622201729530
7622201770433
7622202008764
7622202018671
7622202019166
7622202029844
7622202038815
7622202209796
7622202258275
7622202258398
7622202268311
7622202268595
7622210098917
7622210117779
7622210400604
7622210467607
7622210573599
7622210644800
7622210764744
7622210830883
7622210928863
7622300572624
7622300750367
7640110709023
7640155340274
7640164290126
7898678661806
8000070035188
8000500168554
8000500416822
8000500416976
8000605043107
8001060042049
8001250120748
8001440132551
8003340092256
8003340095820
8003340095844
8003340800516
8005120211963
8006013016689
8007150909421
8008440249135
8008912010386
8015565039206
8015565039558
8033087771862
8088002246291
8410076421838
8410076430175
8410076601711
8410076621788
8410076910721
8410076910820
8410087312743
8410376058109
8410376065220
8410376069822
8410376070804
8410422006566
8410770810013
8410783548934
8411320233009
8436601020635
8437011855121
8437021593167
8445290094148
8445290114297
8445290224507
8445290227836
8445290293312
8445290522740
8445290644824
8445290922786
8445290941565
8445290941589
8445291154193
8445291157736
8445291292123
8445291401242
8445291420410
8445291524583
8445291524606
8445291524644
8445291597181
8445291746084
8586001012720
8586011332542
8593893776081
8593893786035
8593893789449
8694587138472
8710522929070
8710800985309
8711200501731
8711327534322
8711327534377
8711327653337
8712423024571
8714100535301
8714100635650
8714685003332
8714685902161
8715035290303
8715700118789
8716496560226
87171259
8717624131851
8718096162749
8718226401793
8718300861437
8718300861475
8718300863622
8718564135480
8719200237841
8719992099269
8720182022639
8720182302946
8720182373755
8720182414137
8720182771988
8720182970367
8720701140059
8720701145535
87354126
8809521340334
8850987128547
8888056603015
8901552005074
8904063200013
8904320059668
8906120106320
90415425
90457999
9310683000077
9348207001224
96044322
96092514
96137055
96181089
96184615
96184622
96199725
96203231
00001373
0000200010487
00011754
00011839
00012119
00019477
00025744
00032971
00043618
00047838
00051668
00068239
00089463
00094429
00097604
00098953
00099134
00104302
00114134
00116565
00116626
00118583
00119740
00120807
00120814
00122276
00122405
00126502
00129503
00129886
00133432
00154291
00154383
00155656
00156370
00159715
0016000277939
00160919
00168502
00177399
00178631
00184571
00184977
00199858
00200790
00209144
00209700
00212847
00213967
00214025
00219532
00222112
00223638
00223867
00224376
00224383
00224420
00224802
00225007
00227520
00230803
00232340
00235914
00238373
00239639
00242905
00244787
00246057
00246118
00249270
00251099
00251587
00254311
00255868
00256650
00264341
00265454
00271240
00272391
00278942
00280174
00280792
00285193
00285292
00285940
00286183
00289658
00290609
00294898
00295116
00296410
00296663
00296755
00297189
00297929
00299473
00300629
00300742
00306690
00307727
00308090
00321587
00321952
00330084
00337175
0033984023154
00346085
00346849
00347266
00347495
00348843
00349758
00352956
00354240
00355292
00356145
00357128
00357579
00358682
00359382
00366267
00367066
00371339
00374507
00374545
0037600864718
00382397
00383530
00385541
0038900004194
0038900015053
00389495
00389501
00390187
0039047001466
00392532
00392983
00393690
00398633
0040000002635
00405232
00410175
00411233
00413336
0041500011622
0041500951249
00415712
00418768
00422703
00423045
00423311
00425766
00427333
00432238
00434041
00435727
0043647390011
0043647811066
0043647813060
00437813
0044000015923
00442374
00442763
00445214
00448543
00450584
00455701
00456487
00457224
00457521
00457958
00458023
00461610
00462464
00463072
00464550
00465021
00470353
00473248
00475693
00478632
00479103
00479813
00481496
00481663
00482387
00485494
00486224
00489386
00490344
00490542
00491112
00494687
00494939
00496735
00497138
00497190
00498500
00498968
00499408
00500517
00502597
00505642
00505673
00505888
00506519
00508209
00508407
00508643
0051000232625
00518161
00519007
00523547
00523929
00530316
00530507
00537377
00538077
00544214
00544733
00546713
00559102
00566247
00566278
00568661
0057000330026
00573849
00576451
00582605
0058449771999
00585781
00589680
00590365
00610995
0061232200354
00622288
00630061
00634717
00645348
00659697
00666046
00671736
00672542
00672771
00673051
00673358
00674683
00681612
00682824
00687492
00699198
00701303
00701655
0070177074869
0070177177980
0070177225476
00706797
00707558
0070970473609
00722117
0072417075872
0072417154874
0072417194726
00726214
00727488
00728584
00728959
00730839
00738057
00738156
00749145
00750233
00773515
00786096
00798532
00805421
00807395
00809238
00816403
00817851
00819282
00819626
00820394
00821933
00841955
0084253271172
00866125
00875677
00888783
00898133
00899703
00900348
00914055
00937177
00938518
00940238
00940856
00942638
00943833
00945868
00951975
0096619620913
0096619957033
00975162
00985833
00989060
00994866
01006063
01010138
01050950
01060768
01062182
01066203
01081343
01128826
01136289
01138016
01139563
01139983
01145014
01145885
01146394
01151886
01155280
01173321
01190649
01199376
01206234
01214383
01219494
01220919
01235005
01252781
01260847
01284089
01287745
01302240
01305647
01307825
01320121
01331240
01344943
01355352
01363814
01376241
01389470
01431810
01508550
01510317
01511123
01565430
01575118
01575132
01681390
01681420
01692303
01707144
01715842
01723380
01728507
01729207
01736083
01742831
01744248
01745801
01749144
01768688
01774238
01781250
01785784
01787368
01789560
01789799
01806267
01806427
01827255
01830750
01830781
01840551
01840742
01843477
01844528
01845211
01848885
01850246
01851779
01853360
01862911
01863918
01888218
01888676
01890433
01893755
01894530
01899993
0258750002823
0277542001301
03011355
03013595
03022177
03052068
03057162
03201220
03222461
03225165
03244845
03257111
03258828
03264713
03265314
03265956
03280935
03305195
03329979
03338841
03403877
03468975
03485910
0400058410446
0604565053749
0604565173140
0612322000448
0612322000622
0612322001896
0612322030070
0612322030285
0612322030346
0623085154231
0634158780431
0677210091656
0700461775362
0712755998326
0720516010712
0753854584140
0769503848020
0811307030504
0813636020775
0813636021703
0813636022496
0813636023189
0858764000350
0889896944038
09014954
09015005
09015029
09015043
09016255
10000021
1000034376996
1000038475305
10004647
10062692
10101155
10110508
10239292
10344675
10346877
10585764
10589045
10631805
1210002010467
1210002110358
1220000450103
1230000022132
1230000131025
1230000156530
1230000195010
20000769
20005238
20015602
20015862
20015916
20018504
20035167
20062576
20071981
20097851
20102654
20117061
20138011
20140618
20143282
20143299
20164096
20177768
20180638
20243456
20249236
20250348
20282950
20283988
20369217
20369361
20376680
20389918
20423117
20437459
20443290
20461522
20510251
20525804
20575557
20608019
20629052
20645489
20651763
20675615
20758066
20758936
20771126
20831851
20837631
20844868
20888909
20889258
20913700
20917821
20952327
20953577
20981174
21043062
21050732
21084027
21084393
21141454
21142666
21149016
25007565
27244791
27451687
29000159
29044252
29056453
29061341
29069217
29073900
29074846
29078912
29086290
29087259
29087846
29103270
29103287
29104253
29104772
29104802
29119134
29127351
29140305
29148691
29153435
29153961
29159703
29160679
29161164
29161867
29181070
29183753
29188819
29189991
29209279
29214426
29226719
29227044
29234394
29234448
29236961
29245963
29250127
29250646
29255542
29257294
29266654
29266661
29273843
29283194
29284092
29298891
29308033
29308729
29310654
29320011
29320899
29323654
29324385
29326242
29326297
29326310
29328796
29329724
29347230
29351107
29352661
29352678
29358618
29362929
29367801
29373093
29373109
29377596
29378838
29379514
29381746
29383481
29385836
29386123
29387298
29390274
29397112
29397310
29397891
29397938
29398096
29400089
29400164
29407897
29413003
29417490
29421664
29425921
29428533
29431137
29432882
29434411
29436729
29436743
29438181
29439980
29450565
29459773
29463084
29465064
3023290042915
3023290082034
3033491426179
3045320094046
3045320505535
3057640407598
3057640492983
3057640535468
3057640569043
3073781142150
3076820010472
3090291118734
3178530420838
3228023190066
3250550003755
3254474005161
3256540034952
3256549997340
3258561301389
3263855092072
3275560110019
3276650051007
3283875232609
3329770014503
3335125212869
3336413245125
3360100080102
3360100130104
3360100250109
3360100290105
3360100300101
3360100320109
3372900009177
3374270041658
3451790019739
3480341003439
3495566010926
3495566234926
3500610120015
3523230028325
3560071251499
3608580782070
3608580909958
3660140942157
3664346339995
3664346343367
3664346344890
3664346347419
3664346348713
3700214619247
3700214619278
3700214619285
3700417302571
3723700124575
3800020492840
3800020492864
4000177012543
4000177019610
4000281338508
4000349860125
4000522060519
4000539140327
4001686010082
4001686828854
4001724053033
4001724053064
4002359014741
4002359014758
4002359014802
4002359018992
4002359020193
4002359020292
4006040120698
4008976682004
4009900492829
4009900538947
4010198022766
4011800599720
4011800615512
4012362080008
4012824402461
4013752018175
4017100166099
4017100284526
4025500143503
4025500183509
4025500250966
4025500267346
4025500274757
4025500274801
4025500277468
4025500277642
4025500277932
4025500278427
4025500293086
4025500294786
4028491401065
4052917809357
4053400209227
4056489000235
4056489000242
4056489000792
4056489011286
4056489028765
4056489054481
4056489064688
4056489101406
4056489107729
4056489111955
4056489113140
4056489147862
4056489148289
4056489174158
4056489175537
4056489175568
4056489194798
4056489195290
4056489198598
4056489215158
4056489218654
4056489227557
4056489239635
4056489240273
4056489270423
4056489309253
4056489317708
4056489335801
4056489341154
4056489352914
4056489354413
4056489360407
4056489384076
4056489384168
4056489409472
4056489437963
4056489461982
4056489462095
4056489462101
4056489479581
4056489515159
4056489516798
4056489518693
4056489523949
4056489525172
4056489536895
4056489540137
4056489595168
4056489595786
4056489601555
4056489633105
4056489644378
4056489644835
4056489648055
4056489648086
4056489648574
4056489648727
4056489649847
4056489650072
4056489650409
4056489650942
4056489656401
4056489689034
4056489704485
4056489704997
4056489705314
4056489712039
4056489730354
4056489737568
4056489741787
4056489746232
4056489746607
4056489750925
4056489756156
4056489757528
4056489787730
4056489792796
4056489798378
4056489805182
4056489823032
4056489823438
4056489824459
4056489852667
4056489854067
4056489894810
4056489895251
4056489895657
4056489895763
4056489896753
4056489899600
4056489900382
4056489900702
4056489902409
4056489902461
4056489902775
4056489903208
4056489903468
4056489903529
4056489903925
4056489903970
4056489904496
4056489908609
4056489913382
4056489918868
4056489928386
4056489932277
4056489940081
4056489940357
4056489973034
4056489986515
4060800304803
4060800309884
4060800310002
4061459047615
4061459091250
4061459276374
4061459393804
4061459624588
4061459749694
4061459823493
4061461119522
4061461172336
4061461303853
4061461403805
4061461415266
4061461583118
4061461618889
4061461896027
4061461899455
4061461899479
4061461953249
4061462083150
4061462108518
4061462108532
4061462119460
4061462245145
4061462249785
4061462284878
4061462288715
4061462337710
4061462449338
4061462450761
4061462456541
4061462606410
4061462632228
4061462642463
4061462753206
4061462831942
4061462843235
4061462885396
4061463004284
4061463374011
4061463396341
4061463649874
4061463761156
4061463865205
4061463930637
4061463931320
4061464514201
4061464561069
4061464565814
4061464629547
4061464655010
4061464701700
4061464836952
4061464855656
4061464859562
4061464878778
4061464932906
4061464961234
4062139019045
4062300011847
4069365078655
4088600003559
4088600003870
4088600005201
4088600007342
4088600009803
4088600013770
4088600017730
4088600018072
4088600021157
4088600023502
4088600023533
4088600027456
4088600027555
4088600027562
4088600028941
4088600040707
4088600046020
4088600047195
4088600047348
4088600050515
4088600053431
4088600053448
4088600053554
4088600058849
4088600065021
4088600066813
4088600067780
4088600068398
4088600068688
4088600068817
4088600072531
4088600073231
4088600084459
4088600086330
4088600090559
4088600096155
4088600099590
4088600104645
4088600113722
4088600118123
4088600119960
4088600128924
4088600131528
4088600131665
4088600136288
4088600136356
4088600141046
4088600142272
4088600144948
4088600145051
4088600148304
4088600148687
4088600158129
4088600158518
4088600165530
4088600167138
4088600168777
4088600170664
4088600172194
4088600176345
4088600183558
4088600190075
4088600190709
4088600191508
4088600192307
4088600193274
4088600205489
4088600214122
4088600217871
4088600217918
4088600222608
4088600222615
4088600227375
4088600231266
4088600231280
4088600233758
4088600233765
4088600238449
4088600243894
4088600244075
4088600245270
4088600245287
4088600247472
4088600248493
4088600248851
4088600249223
4088600258393
4088600260457
4088600263465
4088600263700
4088600264349
4088600264363
4088600265421
4088600267234
4088600268583
4088600272627
4088600275529
4088600276229
4088600276571
4088600276656
4088600278414
4088600290379
4088600291857
4088600296029
4088600298375
4088600300221
4088600304656
4088600306735
4088600308609
4088600309064
4088600311074
4088600315744
4088600319124
4088600321370
4088600322094
4088600325637
4088600325705
4088600328904
4088600347851
4088600348063
4088600353869
4088600354934
4088600360522
4088600360591
4088600374352
4088600375724
4088600384139
4088600389875
4088600395739
4088600396682
4088600402383
4088600403571
4088600403991
4088600406459
4088600411415
4088600418292
4088600426853
4088600427973
4088600427980
4088600437101
4088600439334
4088600440316
4088600443294
4088600449890
4088600449906
4088600451718
4088600453514
4088600455259
4088600462080
4088600463568
4088600464534
4088600470290
4088600470467
4088600470559
4088600471266
4088600478616
4088600479927
4088600483474
4088600489216
4088600490465
4088600494685
4088600499178
4088600505411
4088600510019
4088600515106
4088600518299
4088600519289
4088600530505
4088600532615
4088600537122
4088600547497
4088600547527
4088600552453
4088600556031
4088600556314
4088600557311
4088600557434
4088600559742
4088600560090
4088600560250
4088600560496
4088600561325
4088600561561
4088600564395
4088600564739
4088600565071
4088600565736
4088600568065
4088600568584
4088600573472
4088600573717
4088700131084
4099200057699
42282297
4311501039236
4311501079348
4311501641477
4335619012707
4335619032118
4335619047136
4335619071865
4335619084278
4335619108189
4335619121577
4335619121959
4335619122116
4335619124950
4335619125902
4335619149373
4335619149540
4335619154414
4335619180512
4335619180543
4335619181342
4335619181397
4335619181786
4335619182264
4335619183681
4335619218307
4335619272583
4335619312012
4335619312739
4335619312982
4712905016050
4770149218500
4770149218555
4791034017015
4800092331732
4820179258547
4891028164456
5000108031789
5000108133971
5000108170761
5000108244196
5000112547542
5000112583915
5000112630084
5000112636918
5000112646948
5000112659542
5000112662146
5000112673876
5000116106059
5000116108053
5000116109463
5000116111527
5000116124701
5000116125005
5000116125241
5000116125258
5000116125265
5000116126675
5000116128839
5000119004437
5000119017116
5000119017154
5000119085894
5000119096753
5000119126115
5000119153623
5000119319869
5000119517012
5000119564429
5000119639332
5000128042369
5000128158855
5000128372190
5000128430791
5000128570398
5000128576345
5000128584364
5000128590938
5000128595438
5000128618663
5000128626576
5000128631013
5000128632980
5000128655996
5000128656986
5000128663076
5000128663250
5000128664288
5000128669191
5000128674706
5000128686815
5000128687492
5000128691581
5000128700375
5000128706971
5000128708654
5000128732536
5000128752626
5000128785587
5000128793568
5000128809405
5000128811231
5000128836326
5000128848350
5000128892759
5000128933728
5000128934169
5000128939294
5000128940894
5000128943710
5000128968393
5000128994064
5000128996020
5000129297010
5000129297430
5000129300628
5000129303247
5000129318579
5000129321197
5000129327373
5000129327380
5000129328592
5000129339383
5000129341065
5000129352870
5000129353037
5000129360967
5000129363890
5000129385502
5000147025213
5000157025272
5000157065032
5000157065216
5000157074836
5000157075932
5000157078407
5000157079947
5000157140098
5000157140852
5000157150424
5000157154101
5000157154255
5000157154323
5000157154491
5000159335737
5000159530750
5000159557696
5000159560665
5000159566827
5000159570886
5000159571067
5000159571159
5000159572088
5000159600941
5000168000862
5000168002033
5000168002415
5000168005980
5000168006338
5000168030708
5000168032054
5000168038452
5000168039275
5000168039794
5000168040301
5000168040752
5000168040837
5000168134062
5000168188171
5000169003039
5000169009321
5000169012499
5000169012604
5000169019511
5000169020302
5000169030523
5000169034712
5000169035108
5000169042946
5000169043141
5000169054048
5000169054550
5000169059135
5000169062166
5000169072646
5000169076866
5000169080320
5000169080917
5000169101629
5000169115756
5000169117859
5000169120002
5000169120668
5000169135624
5000169137000
5000169137031
5000169148549
5000169151266
5000169155578
5000169162309
5000169168486
5000169170045
5000169170762
5000169170809
5000169173718
5000169181522
5000169183304
5000169192238
5000169206805
5000169213520
5000169224908
5000169227862
5000169229033
5000169234471
5000169302965
5000169310335
5000169331262
5000169342701
5000169362624
5000169376416
5000169381076
5000169383018
5000169387870
5000169400050
5000169413128
5000169438503
5000169443118
5000169448588
5000169472422
5000169488843
5000169489154
5000169489178
5000169496312
5000169514252
5000169520468
5000169528655
5000169534656
5000169535660
5000169545850
5000169547786
5000169547809
5000169549155
5000169556511
5000169566763
5000169579770
5000169584057
5000169584859
5000169594438
5000169601693
5000169602171
5000169603871
5000169605172
5000169605844
5000169606827
5000169608111
5000169608128
5000169609101
5000169612033
5000169612651
5000169613771
5000169616451
5000169617755
5000169622452
5000169622896
5000169624449
5000169624593
5000169630952
5000169631270
5000169631522
5000169632079
5000169634790
5000169636084
5000169648216
5000169651506
5000169651575
5000169661895
5000169662182
5000169668481
5000169670798
5000169671610
5000169676738
5000169765715
5000171010254
5000171030689
5000171054869
5000171055019
5000171057211
5000171058010
5000171058201
5000171058454
5000171058867
5000171058935
5000171061515
5000181024692
5000181036138
5000183505458
5000184161172
5000187139529
5000197583091
5000197584494
5000205047294
5000205049458
5000205049878
5000205050058
5000205050218
5000208002450
5000208027279
5000208052097
5000214016342
5000221001089
5000221001225
5000221500995
5000221602552
5000221606970
5000221606994
5000221609315
5000225005854
5000225006059
5000225010346
5000225015464
5000225028143
5000225038357
5000225041104
5000225041784
5000225053565
5000225063472
5000227506267
5000227510844
5000232005472
5000232024589
5000232823403
5000232825377
5000232849830
5000232874849
5000232881960
5000232882035
5000232902184
5000232904911
5000234036054
5000234049771
5000234050043
5000234054744
5000237088296
5000237126967
5000237129777
5000237135365
5000237135389
5000237138328
5000237139295
5000237139509
5000237204122
5000237204641
5000237205105
5000237206072
5000243678801
5000246728114
5000295145009
5000306004394
5000328014715
5000328014791
5000328014876
5000328016832
5000328017921
5000328026251
5000328028750
5000328031965
5000328034966
5000328035451
5000328039138
5000328039206
5000328210513
5000328219844
5000328397160
5000328532905
5000328533285
5000328681443
5000328941653
5000342000831
5000354204180
5000354204500
5000354402722
5000354700149
5000354800740
5000354800986
5000354908927
5000354912702
5000354914669
5000354915604
5000354918469
5000354918520
5000354918704
5000354919589
5000354919947
5000354922145
5000354922862
5000354923661
5000354927713
5000354927935
5000358218299
5000358966169
5000362000415
5000362202406
5000372030778
5000382018452
5000382112822
5000396053432
5000409000194
5000436030232
5000436144489
5000436288459
5000436327608
5000436960195
50019953
5010003064898
5010018003165
5010024103293
5010024113032
5010026505071
5010029227048
5010029229820
5010029231649
5010034011489
5010034011502
5010034011557
5010034012110
5010034014114
5010034015630
5010034016194
5010035001090
5010035067133
5010035069045
5010035069083
5010044004112
5010044009087
5010044010052
5010046002109
5010058089792
5010067322491
5010084103691
5010092173440
5010092724215
5010092798414
5010102003439
5010102004122
5010102241473
5010102242111
5010102243255
5010102244009
5010102244351
5010102341449
5010115900589
5010115900701
5010115910014
5010115927166
5010204194295
5010204463339
5010204530864
5010204585390
5010204914312
5010223600708
5010228002514
5010228007175
5010238019328
5010238022038
5010251217640
5010251268154
5010251412021
5010251424840
5010251425540
5010251426790
5010251430902
5010251431039
5010251461227
5010251462767
5010251462811
5010251464242
5010251464921
5010251476665
5010251476733
5010251504825
5010251509110
5010251519638
5010251525158
5010251525288
5010251525486
5010251538097
5010251541110
5010251552550
5010251552659
5010251553878
5010251557425
5010251558873
5010251569183
5010251569206
5010251581086
5010251592747
5010251601395
5010251602163
5010251614579
5010251618508
5010251628910
5010251637738
5010251694687
5010251702948
5010251714613
5010251714620
5010251716617
5010251731122
5010251731139
5010251743378
5010251745440
5010251750956
5010251755531
5010251759799
5010251767459
5010251768579
5010251773849
5010251795353
5010251829881
5010251830146
5010251834465
5010251847069
5010251863670
5010251873907
5010251903246
5010251920946
5010251930921
5010251931584
5010251958123
5010292936807
5010292967856
5010292972270
5010338000011
5010338000141
5010338301873
5010338404949
5010346000003
5010388202076
5010392007803
5010438007095
5010438020438
5010438022661
5010455063135
5010477361134
5010477363558
5010478542518
5010482374181
5010482633691
5010482663384
5010482669348
5010482719579
5010482870782
5010482922313
5010482949563
5010511479566
5010525017273
5010525022390
5010525044224
5010525051383
5010525078984
5010525091341
5010525091495
5010525093192
5010525094540
5010525102481
5010525108902
5010525118307
5010525125732
5010525125756
5010525126197
5010525135434
5010525135595
5010525158358
5010525163130
5010525163192
5010525183541
5010525202396
5010525207629
5010525216683
5010525223780
5010525245225
5010525246642
5010525250069
5010525263205
5010525281292
5010525292601
5010525319964
5010525347530
5010525357553
5010578003056
5010578008044
5010651001146
5010663817834
50107223
50107438
5010775204188
5010793379264
5010822991207
5010933011207
5011044001378
5011157993867
5011157995472
5011308303095
5011308501149
5011308900317
5011376001718
5011428300028
5011476100069
5011476102544
5011546415581
5011546491332
5011579450085
5011579451495
5011673400856
50117475
5011766010023
5011766010085
5011766010658
5011766010986
5011766222433
5011766666619
5011766778152
5011766991261
5011826135109
5011826421004
5011898002019
5011986009203
5012035951207
5012035951214
5012035962142
5012035963125
5012035964764
5012058010004
5012309031116
5012362001217
5012389670014
5012427043503
5012427044500
5012427049703
5012427094802
5012427291003
5012427309609
5012427650305
5012427658509
5012427685307
50126071
5012876107146
50128846
5013427001050
5013635350704
5013665115717
5013665115755
5013665117575
5014067451151
5014276701221
5014276702563
5014276708961
5014284003003
5014747759782
5016157078736
5016346516759
5016346517244
5016451062158
5016805010231
50168828
5016887003053
5016887004548
5017174156896
5017174820957
5017397001928
5017601044673
5017601044697
5017764001810
5017764003135
5017764004156
5017764004897
5017764113209
5017764115005
5017764901202
5017838812748
5018076200373
5018076200380
5018156011172
5018357011834
5018374007186
5018374014924
5018374057570
5018374082190
5018374218360
5018374245731
5018374323187
5018374465269
5018605427455
5019101302345
50191406
5019312081152
5019312083248
5019312089684
5019312896435
5019378003945
5019503006117
5019503029895
5019503044041
5019503045116
5019503048650
5020089000246
50201013
5020382011819
5020411111732
5020580012472
5020580012557
5020580033187
5020580559847
5020628003318
5021185401616
5021254908275
5021427100017
5021427905391
5021554005353
5021638000014
5021684007548
5021991999710
5022019261918
5022032147213
5022111000545
5022111020666
5022111090713
5022313000169
5022313997728
5022374054279
5022374058109
5022374058222
5022374059748
5023528001644
5023751000780
5023762000250
50237722
5024121889301
5024593000037
5024593000051
5024593000754
5025183078368
5025820008734
5025840004044
5025840004068
5025840004075
5026109000258
5026489490892
5026489500249
5026489507118
5026764253914
5027324001761
5027324002928
5027324003376
5027324003840
5027756000424
5027951007020
5027952005926
5027952005964
5027952011187
5028889002606
5029212500547
5029223008490
5029223011346
5029223012329
5029396003339
5029872021826
5030039004750
5030104005149
5030343837754
5030343840518
5030756005986
5031021922076
5031102001249
5031102002246
5031396083204
5031416451068
50314997
5032015002293
5032490051106
5032714013149
5032722301276
5032722305120
5032722311541
5032722313439
5032722317222
5033450000608
5033665209520
5033665211295
5033665212520
5033665213480
5033665214364
5033665214401
5033665216368
5034124007763
5034231003641
5034467000124
5034467001923
5034467002357
5034709000271
5034709000295
5034709007041
5035272145253
5035272934147
5035336004021
50354085
5035766048114
5036589205821
5036589252399
5036820001304
5036829150638
5036829756366
5036854001479
5037068009282
5038862002691
5038862005524
5038862130196
5038862231015
5039303000825
5039303000832
5039303000849
5039303003345
5039303006377
5039303006773
5039303007596
5039378002687
5039378004773
50408658
50413881
50427116
50460700
5050028271079
5050028271086
5050028279914
5050083519116
5050083545160
5050179325836
5050432003549
5050665003996
5050665020504
5050665022584
5050665039704
5050665050693
5050854189494
5050854223945
5050854334016
5050854598258
5050854663550
5050854663635
5050974001348
5051007134118
5051008134735
5051008190014
5051008865387
5051140043117
5051140193911
5051140265441
5051140332761
5051140575908
5051277785140
5051399038643
5051399101378
5051413143117
5051413143322
5051413143346
5051413143360
5051413270196
5051413288269
5051413575390
5051413589908
5051413621264
5051413650219
5051413855331
5051413866863
5051413871287
5051790657726
5051873004881
5051873005796
5051898252960
5051898556853
5052003509573
5052003547483
5052003594333
5052004386531
5052004858274
5052109860967
5052109996741
5052319993370
5052320448616
5052320673551
5052320684847
5052449010831
5052449186680
5052449269307
5052449330649
5052449451573
5052449462531
5052449479010
5052449515619
5052449668643
5052449668780
5052449668865
5052449755558
5052675001740
5052909053354
5052909347262
5052910182852
5052910412003
5052910585257
5052910596574
5052910791283
5053526262907
5053526283193
5053526306779
5053526421946
5053526662134
5053526716622
5053526772994
5053826107069
5053827142427
5053827209113
5053947437946
5053947622182
5053947788079
5053947788130
5053947839276
5053947930836
5054070231777
5054070478615
5054070513804
5054070622353
5054070629802
5054070629963
5054070630617
5054070637128
5054070637623
5054070650233
5054070839287
5054070875247
5054070876190
5054070905401
5054267013063
5054267014503
5054268004428
5054268737234
5054268868839
5054269107470
5054269107517
5054269268157
5054269483710
5054269746976
5054269765472
5054269804850
5054402369123
5054402687302
5054402818201
5054775147151
5054775347803
5054775540198
5054775579822
5054775603329
5054775703296
5054781024866
5054781024873
5054781047735
5054781052548
5054781219903
5054781248729
5054781312581
5054781312796
5054781337515
5054781377481
5054781377511
5054781498728
5054781507833
5054781527107
5054781527367
5054781563112
5054781569374
5054781673996
5054781718635
5054781741244
5054781749660
5054781763611
5054781815419
5054781844013
5054781874331
5054781874386
5054781874430
5054781875741
5054781876588
5054781982661
5055036901451
5055037003758
5055159503754
5055184204473
5055365698664
5055540022307
5055540031668
5055713305077
5055940100391
5055950611634
5055958705502
5055959200228
5056025468504
5056025481145
5056053310431
5056182400157
5056182402595
5056281108947
5056285800199
5056297000020
5056315500259
5056315501218
5056315501492
5056351408151
5056357904008
5056357905869
5056357908150
5056357908846
5056357909065
5056357914823
5056517316153
5056517318386
5056555202456
5056555203347
5056684900230
5056784900031
5056784900420
5057008002913
5057008025103
5057008079465
5057008171350
5057008366565
5057008495333
5057172016075
5057172086399
5057172086849
5057172098897
5057172101542
5057172101726
5057172102242
5057172111459
5057172122479
5057172135844
5057172233960
5057172236770
5057172237135
5057172263622
5057172274550
5057172274697
5057172332496
5057172338092
5057172404537
5057172483839
5057172483914
5057172516056
5057172639434
5057172722990
5057172824540
5057172824557
5057172859474
5057172859801
5057172878864
5057172886838
5057172946143
5057172964062
5057172978243
5057172978618
5057373317964
5057373398406
5057373748386
5057373982452
5057373983367
5057545067468
5057545677896
5057545678992
5057545713495
5057545713815
5057545735312
5057545744802
5057545809532
5057545845882
5057545878323
5057545985250
5057624281877
5057624591761
5057753084165
5057753084493
5057753125394
5057753125721
5057753155933
5057753429911
5057753493493
5057753521196
5057753600426
5057753892876
5057753897642
5057753898281
5057753900786
5057753905750
5057753908973
5057753909628
5057753912512
5057753913427
5057753914837
5057753914981
5057753916404
5057753918385
5057753919870
5057753921651
5057753921750
5057753923143
5057753923730
5057753926830
5057753927639
5057753931001
5057753932015
5057753932275
5057753932602
5057753933067
5057753933616
5057753934019
5057753934033
5057753936075
5057753941086
5057967137954
5057967576289
5057967620722
5057967620784
5057967621033
5059319013992
5059319017433
5059319018812
5059319019079
5059319023915
5059319023991
5059319025063
5059319032900
5059320001452
5059321006760
5059321006821
5059321007712
5059512103650
5059512103667
5059512729973
5059512732874
5059512734137
5059512736636
5059512737190
5059512738685
5059512739255
5059512740794
5059512742613
5059572000029
5059604460272
5059604463334
5059604639197
5059604639784
5059604644283
5059604645440
5059604645877
5059604647024
5059604647192
5059604647468
5059604688737
5059697256363
5059697257186
5059697259296
5059697270215
5059697270222
5059697270857
5059697386992
5059697387821
5059697388040
5059697390005
5059697391286
5059697391385
5059697394775
5059697395369
5059697396960
5059697679438
5059697679841
5059697682346
5059697683299
5059697683800
5059697685712
5059697686290
5059697689987
5059697691379
5059697691959
5059697694691
5059697698934
5059697699658
5059697700866
5059697703348
5059697704420
5059697704901
5059697705038
5059697705311
5059697706653
5059697707384
5059697707650
5059697707971
5059697710216
5059697714313
5059697716409
5059697724602
5059697729829
5059697732539
5059697732874
5059697744457
5059697748813
5059697749469
5059697750045
5059697751066
5059697758478
5059697759277
5059697759284
5059697761799
5059697761874
5059697762185
5059697762192
5059697762741
5059697764561
5059697765810
5059697767319
5059697768293
5059697769443
5059697769887
5059697771163
5059697772269
5059697774355
5059697775499
5059697778254
5059697778544
5059883173832
5059883177502
5059944010250
5059977011019
5059977011613
5059977012047
5060002044001
5060005421007
5060005422752
5060006203046
5060011700035
5060013260186
5060015002630
5060021927187
5060021928160
5060027071303
5060034483175
5060040251003
5060040252109
5060040254813
5060042350025
5060042981090
5060043272098
5060044510519
5060048309126
5060054131186
5060054131933
5060054134057
5060055251777
5060055255041
5060056130521
5060059531028
5060060387195
5060075672835
5060079655049
5060084349469
5060084572874
5060087945507
5060088703144
5060088704561
5060088707340
5060095860304
5060095864111
5060100601359
5060100601366
5060101406427
5060102661870
5060102662259
5060107331327
5060107332645
5060107335882
5060108453240
5060108454766
5060108454995
5060110483136
5060113919502
5060121673786
5060121673823
5060131760025
5060132280201
5060132280621
5060135534943
5060136250392
5060136252402
5060136253812
5060136255434
5060136256240
5060139432535
5060139433396
5060139435260
5060139435994
5060139661881
5060142012892
5060151180872
5060151181688
5060165211623
5060165580460
5060166694777
5060178070101
5060178073713
5060195902768
5060198645280
5060198645495
5060201624844
5060201625421
5060201625704
5060218974444
5060221201858
5060229500205
5060230050294
5060230051178
5060238480710
5060238483063
5060238483704
5060250345905
5060250346551
5060253702804
5060253702811
5060262484951
5060262487426
5060264720057
5060283762960
5060298881045
5060302240431
5060302241414
5060314480771
5060317355557
5060319170837
5060319171117
5060336503267
5060337221184
5060342470539
5060346412542
5060346991382
5060350562158
5060360506005
5060360506913
5060360507347
5060360507514
5060360508016
5060360508955
5060360509235
5060362071181
5060367182127
5060374400108
5060384261171
5060384263144
5060384263700
5060391623115
5060391626505
5060399850452
5060415520840
5060424707041
5060426812910
5060428701540
5060430292821
5060440130205
5060444850093
5060452360430
5060456690892
5060456691264
5060456691578
5060462260539
5060462260683
5060468520507
5060468521436
5060468522327
5060468522952
5060468523195
5060469988610
5060472691781
5060472691842
5060476796734
5060482580037
5060482841558
5060482842159
5060482842401
5060482842456
5060482842470
5060482842685
5060482843231
5060482843446
5060482849905
5060489730664
5060490400020
5060490400693
5060495116810
5060495116827
5060495117268
5060495117473
5060499150001
5060499150971
5060500311704
5060503501744
5060503502369
5060503502529
5060509390274
5060510581821
5060512090512
5060519145468
5060525200007
5060534010482
5060534060081
5060534670051
5060534670730
5060534671003
5060538080283
5060541321595
5060544130149
5060561603138
5060578322091
5060578324972
5060587580734
5060593390440
5060600010132
5060604010060
5060604012309
5060607910183
5060621160113
5060623633844
5060626100022
5060626100107
5060626401235
5060626404649
5060640420083
5060655456619
5060655530692
5060660910014
5060660910656
5060666570144
5060699970195
5060709190001
5060746520991
5060751995395
5060771270014
5060773320229
5060811384442
5060853640667
5060853640919
5060857780000
5060868700356
5060868951116
5060878780553
5060884430466
5060896623573
5060901840520
5060922350015
5060925290615
5060925291971
5060925295375
5060929633128
5060929634064
5060947543058
5060947545786
5060956430158
5060960661562
5060960662415
5060960662668
5060960662941
5060960663122
5060960663443
5060960663993
5060963016550
5060971863726
5061013941396
5061029430006
5061035300294
5061056620302
5061064100032
5061064100056
5063089070321
5063089131664
5063089164068
5063089221747
5063089266328
5063089281864
5063089309292
5063089482810
5063089485552
5063089485835
5063089519370
5063089765579
5063210004027
5063210020812
5063210021079
5063210026401
5063210029433
5063210031511
5063210048359
5063210059522
5063250537288
5063250539367
5063250541070
5063250548901
5063250550041
5063250555640
5063250556944
5063250560545
5063334001247
5063334002268
5063334002565
5063334002671
5063334003289
5063334006655
5063334012137
5063334012298
5063334013325
5063334013332
5063334013479
5063334015688
5063334016890
5063334017583
5063445783544
5063445786279
5063445794076
5065008671152
5065009224449
5065011335003
5065015354017
5065015354635
5065015354826
5065020434131
5065020434506
5065020434650
5070000120775
5070000123134
5070000130477
5070000313849
5070000329963
5070000962023
5070000995014
5070002633525
50700929
50726837
5088722225968
5099077000728
5099229000606
5099229003362
5099556009181
5099556017773
5099801004299
5099874362531
51000642
5201004523334
5201054047040
5201054056776
5201054057315
5201671001128
5202390024368
5281010124008
5390003011277
5391515250062
5391521690012
5391521690470
5391521691385
5391526860014
5391528040278
5392000130449
54008083
5410228272472
5410228272489
5410438044883
5410438045910
5411188121978
5411188128021
5411188141501
5411188513513
5412971076116
5414150410544
5425026054977
5449000008282
5449000009500
5449000016645
5449000044839
5449000059727
5449000089359
5449000123855
5449000154774
5449000214607
5449000244703
5449000300935
54493957
5601119305007
5690527910408
5694230257065
5701977000554
5711953118463
5711953149672
5740900404557
5900130034966
5900259353276
5900394006204
5900437010373
5900820011512
5900951291661
5900951313196
5900956201054
5900983000217
5901044021035
5901044022889
5901067402484
5901067406796
5901067474108
5901135000444
5901135012522
5901154046775
5901713004185
5904061000168
5905187114746
5997523315719
5998711389000
6003770007471
6003770009277
6003770009284
6006502100150
6009712300235
6033000089571
6134091916682
6221134013696
6221134013733
6281034007041
6294001815266
7290006567673
7300400117982
7311310031381
7311870012288
7316641817062
7350104402389
7350104402402
7610227903478
7610400083607
7610900037087
7612100066539
7613033828737
7613033910074
7613035415201
7613036078832
7613036433723
7613036433730
7613036474832
7613036483063
7613036757829
7613036840224
7613039779309
7613039937068
7613287074638
7613287317018
7613287475046
7613287579461
7613287898593
7622201436315
7622201460693
7622201460792
7622201460853
7622201461232
7622201674069
7622201680121
7622201681005
7622201681241
7622201728939
7622201730390
7622201746742
7622201765804
7622201799045
7622202019463
7622202025976
7622202033285
7622202040870
7622202225284
7622202227660
7622202245664
7622202249747
7622202254390
7622202254451
7622202256769
7622202257964
7622202259005
7622202259500
7622202268625
7622202273209
7622202273346
7622202293092
7622210154125
7622210295743
7622210307514
7622210412539
7622210497383
7622210714176
7622210758194
7622210809025
7622210874603
7622210954695
7622210959874
7622300530518
7622300734824
7630294501179
7640104959595
7640155340847
8000070018709
8000430132045
8000430139419
8000500151457
8000500397459
8000500439906
8001060035973
8001250013835
8001250120878
8001420006742
8001420011722
8001440000010
8001440132513
8001665729987
8001860252938
8002210125223
8002210133174
8002270346941
8002270757372
8002270787409
8003100003973
8003340092706
8004205030031
8005110003813
8005121040845
8005121052084
8007153001603
8008343202206
8008440246066
8008440514011
8008698040522
8015565074887
8015565074917
80362296
8056386528005
8056774002254
8410066144075
8410076472014
8410076601407
8410076910783
8410320027779
8410384053073
8410660049790
8410660050000
8412600017326
8413402660000
8414696015637
8414807559845
8436551192727
8436551192734
8437008051376
8445290141668
8445290161147
8445290163738
8445290526298
8445290553409
8445290622624
8445290805867
8445290922762
8445290934642
8445291266506
8445291484566
8445291746060
8591484369001
8593893782013
8690504017264
8690766082307
8699073292768
8710508770863
8710522806616
87108408
8710908915987
8711000493434
8711000493472
8711200333172
8711200382163
8711200516636
8711327539396
8711327655386
8712000022662
8712941606242
8714100240243
8715700125763
8718096162701
8718114797977
8718692786868
8718907656627
8719200007116
8719200237872
8719200278134
8719200298101
8719324204293
8719747260463
8719956494536
8719956496165
8719956496660
8720181138720
8720182303738
8720182865199
8720182865281
8720701145870
8723400826842
8801073411906
8851954109507
8853662057972
8854698006347
8888056603008
8901063140066
8901719101045
8901764052279
8906112660793
8908000870178
9002859066047
90446412
90456473
9300605080928
9310055105799
9311493003234
9311493003296
9319133334809
9334279004041
9342985002022
9416892292071
9417986946863
9421901853679
9421902090363
9421903370655
9556018000583
96069868
96084113
96114247
96133958
96169643
96188590
96190432
96200575
96207086
0000200004390
0000200008497
0000200010474
00011709
00022729
00024907
00029100
00029292
00033312
00033893
00033909
00039352
00041102
0004444401287
00047548
00048620
00050999
00062862
00066549
00077101
00086974
00088886
0009052084105
00094634
00095037
00104456
00120715
00120883
00121200
00122474
00126441
00126489
00127226
00129305
0013000798402
00130677
00132619
00136860
00154635
00156301
00156738
00156936
00157636
00157742
00158190
00159326
00161879
00162005
00162289
0016229926052
00167048
00168519
00169752
00170529
00170598
00173278
00181136
00181730
00187053
00195973
00199391
00202343
00202909
00210133
00215923
0021723758887
00221719
00224888
00225359
00227773
00227780
00230650
00232357
00233040
00236072
00238519
00244947
00244985
00245067
00251310
0025293003965
00255790
00255981
00256353
00256551
00259064
00263221
00264495
00266680
00272537
00273398
00273619
00273664
00273732
00274319
00278157
00278386
00280815
00285094
00285391
00286541
00293358
00294591
00299589
00299596
00301305
00304054
00306782
00307147
00310505
00311700
0031200015488
0031200021113
00312967
00313643
00313674
00313681
00315845
00316248
00318143
00318532
00322171
00325127
00325479
00327152
00328685
00328975
00329897
00330046
00332286
00333047
00335072
00336703
0034000152575
00341417
00348102
00353380
00356398
00358545
00359467
00361330
00361682
00362702
00363143
00364102
00364218
00364461
00368773
00369602
00370554
00371681
00374613
00375566
00378451
00379366
00380188
00382472
00389242
00389488
00389761
0039047050075
00390934
00392792
00393003
00393508
00393782
00395748
00395762
00396165
00398497
00399524
00401920
00404358
00409902
0041196911817
00414463
0041500011639
0041500012988
0041500934303
00415729
00415736
00418379
00419024
00420365
00421287
00421799
0042272000739
00422833
00424813
00424868
00425018
00425803
00428156
00429733
00429948
00429993
00430036
00433174
00434034
00434362
0043455001857
00434898
0043647300010
00437523
00437806
00440707
00441568
0044353160899
00445078
00445320
00445405
00446266
00447720
00447881
00447966
00448567
00454605
00455084
00455855
00457859
00458207
00458290
00458696
00459068
00460118
00460163
00460217
00461450
00461757
00464215
00464543
00469746
00471107
00471176
00473262
00475686
00477642
00480086
00480659
00481502
00485340
00485647
00489010
00489812
00489843
00489867
00490610
00491426
00491433
00493246
00494175
00494502
00494588
00494595
00500975
00505871
00508797
00509077
00510332
00511728
00515399
00515955
00516280
00516303
00518154
00519854
00520539
00521628
00524049
00526777
00526807
00527392
00529570
00530538
00536608
00539494
00554183
0056600782471
00568357
00568692
00570831
00579124
0058300060019
00594103
00599771
00604871
00613378
00622080
00630481
00635646
00635974
00664424
00665124
00670111
00671613
00672580
00673396
0067400021400
00681377
00681384
00699891
0070177188313
0070177227470
0070177229696
0070177229726
0070177229948
0070177231545
0070177248529
0070468457852
00706742
0071475740234
0072417141836
0072417330001
0072417337475
00727181
0072736014903
00730365
00730662
00738378
00738668
00739948
00740104
00741378
00751971
00765893
00767736
00770255
00772150
00776554
00783033
0078895147308
0078895157178
00804677
00805308
00805889
00805896
00806404
00809160
00809306
00809719
00809856
00813204
00818650
00818919
00819558
00819848
00833585
00834056
00834506
00842990
00845106
00852111
00853484
00858083
00858632
0085968001009
00862356
00862394
00869256
00872621
0088444005294
00892308
00898744
00900041
00900577
00901024
00902014
00904209
00915342
00915694
00922616
00940207
00944175
0094495116483
00946513
00952118
00958349
0096619334759
00972956
00984584
00985598
00989091
00995528
00997386
01010848
01011302
01019209
01019322
01030495
01035933
01055320
01066418
01066517
01066746
01068290
01081275
01102680
01137408
01143003
01144963
01147834
01150841
01160222
01166279
01173499
01175462
01179316
01188912
01188936
01190847
01205312
01210941
01213577
01219135
01219326
01228618
01270624
01299182
01302905
01323535
01327090
01336863
01473278
01488401
01510232
01523140
01535525
01536591
01536812
01553888
01568622
01575668
01577778
01583694
01587081
01594607
01596755
01613490
01629330
01634426
01646016
01681703
01682779
01687644
01687699
01689280
01704884
01707649
01722017
01730432
01734348
01737721
01738735
01739015
01743425
01744521
01746280
01747522
01758719
01771312
01772616
01780444
01784282
01785746
01793673
01793697
01794472
01801033
01801163
01804225
01804324
01807363
01819700
01827262
01830774
01830798
01831085
01837032
01840735
01844054
01844542
01845068
01847819
01847949
01848960
01851120
01863864
01877328
01879384
01892277
01897302
01897630
0201000001954
0211540002144
0241157001605
0246245001192
0250341001000
0282499002257
0284870001101
0285768001906
03013496
03016930
03020647
03027691
03038550
03048214
03232378
03233986
03254196
03257074
03264768
03265420
03276495
03304501
03314463
03316818
03319253
03326978
03327456
03328477
03328613
03340790
03409671
03421321
03449837
03457054
03471869
03475294
03478295
05600122
0604565869791
0609728077341
0612322000752
0612322000813
0612322001148
0612322030216
0612322030322
0620133003640
0634114009125
0634158490989
0652655001088
0655762002054
0667803000752
0680275029151
0700461270928
0712755998500
0720516024450
0726262740712
0736920111815
0753854584225
0762111614643
0787099923150
0818562020080
08456717
0850008833045
0850041703084
0853522000382
0855378004668
0856260006500
0858641003276
09018372
09023727
1000029852900
1000038248602
10008232
10050545
10057742
10063972
10065143
10065778
10097007
10109755
10110393
10150634
10254851
10285435
10562499
10600955
10966136
1210002001229
1220000500204
1230000097215
1230000116756
1230000195027
16813267
20009670
20009878
20013264
20013394
20015596
20015886
20016289
20016630
20016661
2005201005494
20064402
20082918
20095260
20101619
20114466
20117054
20126612
20157937
20181291
20197438
20265328
20281915
20327149
20335489
20342173
20361594
20380915
20397074
20401412
20401870
20401900
20403676
20404079
20405205
20407926
20423001
20423360
20424800
20425685
20429683
20430719
20450595
20455033
20472245
20501181
20510176
20512194
20535612
20575106
20595388
20608194
20608200
20629083
20629809
20674540
20675196
20675998
20718275
20719401
20755782
20758158
20809669
20845940
20888916
20926212
20942014
20952204
20953584
20978075
20995522
20998554
21043123
21085437
21148064
23006263
23026339
23042124
24074087
25175257
25300499
27244470
27244968
27304389
27563557
27656860
29034666
29061532
29074884
29075805
29076239
29078462
29081417
29090624
29094035
29095322
29097784
29100323
29119103
29124480
29127320
29129577
29137688
29139187
29140282
29140312
29145928
29147182
29150076
29152124
29152544
29155262
29157440
29157518
29159123
29159130
29181216
29183746
29183760
29184248
29184392
29196906
29197453
29202973
29208920
29209316
29214457
29214471
29214655
29214662
29217113
29220380
29226023
29234301
29235087
29249497
29250653
29253548
29273706
29273768
29273782
29281589
29283934
29286010
29293018
29294350
29298778
29303410
29308026
29310678
29313020
29328130
29330089
29331994
29332083
29332106
29333745
29334315
29336562
29336722
29338658
29343966
29344062
29344079
29344451
29350223
29352449
29353071
29355334
29369966
29370085
29372713
29383009
29383405
29385843
29387359
29387984
29390960
29395170
29395613
29397143
29397983
29398706
29400072
29400096
29400348
29401192
29402335
29403653
29404407
29411719
29414772
29417216
29417438
29429523
29430635
29431151
29432875
29435067
29435258
29435265
29436323
29438211
29439461
29439553
29444960
29449217
29450572
29450671
29453474
29453566
29457052
29465071
29470426
29471119
3017760314893
3023290020869
3023290114360
3036812100383
3045320073584
3046920043489
3057640373428
3057640600128
3068320099651
3073780914338
3073781048124
3073781155433
3073781159974
3073781181722
3073781199956
3092718623166
3154230049036
3178530404333
3178530424713
3222472093862
3256540002357
3270500150193
3272770014298
3286790100077
3329770073241
3329770079069
3360100120105
3360100150102
3360100310100
3360102150100
3415581545920
3415583000922
3415583003923
3451790196447
3480341003781
3495566020949
3495566595652
3495566926944
3502490169290
3523230060073
3564706765931
3664346316453
3664346340397
3664346343602
3664346348720
3700029201668
3700214618578
3760008853202
3760085320154
3760159100835
3760192497770
3770001910000
3770007832153
3770018078564
3800020418697
3800020453919
3800020492833
3800222425004
3830057263625
3838900820704
3850104274619
4000349500052
4000349500090
4000415097707
4000417694119
4000503282008
4000539140365
4000539221804
4000539221903
4000539682148
4000539685842
4001686374269
4001686834022
4001724819608
4002359004841
4002359014666
4002359015397
4002359019265
4002359019746
4002359020285
4002359021817
4003586100894
4005514174014
4006824997010
4008976682097
4009427083906
4009900460163
4009900522083
4009900531917
4009900534499
4009900537339
4009900538824
4009900541862
4009900546140
4009900546263
4010198030631
4011753052167
4012362999669
4013900975701
4014500509860
4016241031198
4016241050410
4016337910888
4017100206634
4017100259210
4017100407567
4017100408878
4017100936692
4018077005411
4023900261612
4025500183080
4025500189532
4025500216153
4025500216191
4025500216214
4025500216238
4025500227722
4025500243715
4025500245078
4025500245160
4025500276874
4025500279813
4025500283926
4025500287443
4025500291440
4025500297084
4028900017306
4051868591533
4052485000002
4056489011279
4056489101376
4056489112013
4056489112020
4056489112112
4056489113409
4056489129240
4056489145141
4056489148272
4056489154631
4056489160175
4056489168485
4056489173700
4056489203223
4056489219880
4056489238928
4056489238959
4056489239369
4056489241447
4056489241751
4056489249153
4056489262305
4056489299769
4056489315865
4056489317692
4056489322337
4056489324751
4056489324928
4056489334521
4056489335184
4056489338574
4056489346074
4056489347668
4056489351221
4056489353973
4056489354406
4056489354437
4056489354642
4056489372684
4056489384847
4056489406303
4056489421726
4056489438397
4056489439059
4056489439240
4056489439288
4056489462170
4056489462859
4056489479826
4056489511168
4056489517771
4056489518358
4056489519294
4056489519652
4056489522751
4056489526223
4056489542957
4056489560456
4056489572251
4056489594956
4056489596158
4056489620549
4056489621829
4056489634447
4056489647096
4056489647300
4056489649106
4056489649663
4056489664765
4056489672425
4056489680697
4056489704744
4056489705321
4056489709763
4056489711483
4056489713043
4056489737551
4056489750932
4056489754770
4056489755524
4056489755654
4056489757597
4056489757856
4056489759416
4056489762928
4056489823919
4056489825494
4056489848028
4056489851035
4056489851059
4056489852605
4056489873716
4056489877226
4056489880547
4056489888758
4056489894643
4056489894780
4056489895008
4056489895091
4056489897071
4056489897798
4056489898177
4056489899228
4056489899303
4056489899419
4056489899617
4056489899983
4056489900009
4056489900290
4056489900306
4056489900955
4056489901044
4056489901525
4056489901686
4056489902416
4056489902683
4056489902706
4056489902751
4056489902843
4056489902942
4056489903024
4056489903130
4056489903314
4056489903475
4056489903635
4056489918691
4056489928416
4056489932291
4056489977674
4056489984221
4060800109781
4060800134943
4060800170064
4060800171047
4060800171122
4061458000406
4061458016537
4061458024990
4061458222075
4061459003802
4061459023053
4061459060614
4061459114188
4061459130041
4061459138351
4061459238563
4061459338386
4061459353549
4061459386295
4061459679106
4061459695014
4061459706550
4061459707427
4061459771053
4061459786576
4061459786606
4061459789836
4061459823516
4061459832921
4061459899382
4061459899399
4061459956573
4061459986310
4061459991642
4061461118433
4061461229566
4061461234539
4061461294861
4061461354725
4061461362850
4061461400705
4061461416454
4061461424060
4061461501105
4061461501204
4061461583859
4061461612207
4061461646530
4061461723750
4061461743864
4061461758936
4061461795160
4061461818487
4061461862114
4061461866662
4061461902056
4061461998844
4061462013850
4061462013874
4061462037634
4061462089824
4061462108372
4061462191855
4061462210020
4061462343483
4061462368066
4061462388583
4061462438561
4061462456589
4061462462566
4061462462580
4061462480720
4061462511349
4061462524264
4061462528576
4061462572456
4061462753190
4061462856969
4061462926471
4061462986413
4061463011466
4061463011695
4061463014610
4061463021281
4061463218179
4061463487414
4061463658135
4061463659408
4061463721372
4061463751409
4061463761118
4061463794406
4061463833464
4061463833488
4061463844491
4061463864826
4061463865106
4061463885685
4061463886781
4061463933607
4061463937995
4061463949516
4061463956699
4061463979568
4061463985972
4061463986153
4061464443150
4061464560307
4061464638693
4061464696884
4061464789791
4061464823006
4061464885387
4061464932944
4061464942035
4061464960299
4062139017102
4062139017355
4062139018383
4062300426337
4063367407574
4069365113974
40874197
40879277
4088600003351
4088600003818
4088600007090
4088600007175
4088600007229
4088600011301
4088600011691
4088600012124
4088600022529
4088600024417
4088600027975
4088600030333
4088600031842
4088600038933
4088600039077
4088600040295
4088600040905
4088600042855
4088600043159
4088600046433
4088600047140
4088600047171
4088600047188
4088600048192
4088600048536
4088600052762
4088600053547
4088600053714
4088600054407
4088600055626
4088600056678
4088600058856
4088600060958
4088600061795
4088600062778
4088600062815
4088600063379
4088600064017
4088600064314
4088600067551
4088600067568
4088600067575
4088600067582
4088600067605
4088600068381
4088600071121
4088600074917
4088600075266
4088600082943
4088600084763
4088600086347
4088600086385
4088600090528
4088600090825
4088600096148
4088600100241
4088600101255
4088600103723
4088600105642
4088600107967
4088600108049
4088600108094
4088600108278
4088600108612
4088600112381
4088600121079
4088600127217
4088600128467
4088600132310
4088600132556
4088600133065
4088600138442
4088600140865
4088600144252
4088600144962
4088600145068
4088600146560
4088600147086
4088600148588
4088600158501
4088600160290
4088600161853
4088600165745
4088600166018
4088600172521
4088600176017
4088600183312
4088600184234
4088600186955
4088600195162
4088600206417
4088600208763
4088600209029
4088600212722
4088600216140
4088600216171
4088600217062
4088600217888
4088600220321
4088600221243
4088600221267
4088600222714
4088600225548
4088600236469
4088600237008
4088600238531
4088600240206
4088600241388
4088600243603
4088600244051
4088600245584
4088600248608
4088600251035
4088600251660
4088600252506
4088600253909
4088600256009
4088600256207
4088600256238
4088600257754
4088600262444
4088600262819
4088600264288
4088600265377
4088600266787
4088600268538
4088600270227
4088600272474
4088600272641
4088600274089
4088600274218
4088600274270
4088600274898
4088600275864
4088600278063
4088600287416
4088600289175
4088600290003
4088600299044
4088600300283
4088600306599
4088600309651
4088600311128
4088600314945
4088600315089
4088600315751
4088600315768
4088600315805
4088600315812
4088600317960
4088600322384
4088600327754
4088600330037
4088600333489
4088600334479
4088600334530
4088600334868
4088600339795
4088600342559
4088600346113
4088600346960
4088600348049
4088600348841
4088600348858
4088600353241
4088600353333
4088600355696
4088600377100
4088600379418
4088600379548
4088600384207
4088600389134
4088600389592
4088600392516
4088600397245
4088600399034
4088600402888
4088600406022
4088600407210
4088600407814
4088600414522
4088600418650
4088600422336
4088600426600
4088600435633
4088600437170
4088600437989
4088600439891
4088600447117
4088600451527
4088600474021
4088600478760
4088600483481
4088600486895
4088600488585
4088600494517
4088600501864
4088600501901
4088600502847
4088600505510
4088600518305
4088600519272
4088600520797
4088600522562
4088600523217
4088600524368
4088600524375
4088600528168
4088600531090
4088600535241
4088600537566
4088600539898
4088600548456
4088600550619
4088600550954
4088600551036
4088600552521
4088600555904
4088600556000
4088600556840
4088600558288
4088600558493
4088600559322
4088600559766
4088600559834
4088600559858
4088600560571
4088600560724
4088600561318
4088600563060
4088600564753
4088600565996
4088600569574
4088600571782
4088600572246
4088600572932
4088600572963
4088600575100
4088600575193
4088600576497
4088600576978
40891439
40893143
40897899
40898605
4100290024758
4251097417097
4260431683326
4260718297963
4311501468753
4335619032101
4335619032255
4335619042582
4335619069183
4335619070868
4335619071155
4335619071193
4335619071209
4335619071346
4335619071490
4335619072077
4335619072770
4335619100800
4335619109063
4335619111745
4335619114630
4335619115095
4335619121256
4335619121454
4335619122178
4335619124219
4335619124493
4335619124516
4335619125209
4335619134966
4335619149397
4335619154407
4335619157484
4335619162808
4335619180093
4335619181168
4335619182691
4335619268173
4335619272033
4335619313439
4600338009865
4712928343218
47279667
4770179219140
4770265217494
4770407302026
4779028345788
4779028345795
4779047981424
4901330300555
4901330407117
4901726014967
4901777303553
5000108031192
5000108281313
5000112659269
5000112674040
5000116111879
5000116123537
5000116125012
5000116125272
5000116125593
5000116125951
5000116126057
5000116126132
5000116126866
5000116127115
5000116127160
5000116127245
5000116127320
5000116128204
5000116128648
5000116129393
5000118061905
5000118075759
5000118078262
5000119003485
5000119082275
5000119092274
5000119095084
5000119101181
5000119105431
5000119143020
5000119292247
5000119539199
5000119648174
5000119767783
5000119903655
5000126093165
5000127660069
5000127730168
5000128247375
5000128253864
5000128454391
5000128591799
5000128592277
5000128592352
5000128592765
5000128596794
5000128598040
5000128600231
5000128612401
5000128624749
5000128629157
5000128631822
5000128656221
5000128703192
5000128721172
5000128721875
5000128735094
5000128768689
5000128770972
5000128804400
5000128815680
5000128816151
5000128838757
5000128842341
5000128848312
5000128879934
5000128892735
5000128909693
5000128909754
5000128967266
5000128993043
5000128994507
5000128996020699000092193
5000129297614
5000129301410
5000129303599
5000129305333
5000129310108
5000129328752
5000129337907
5000129339581
5000129345414
5000129346190
5000129354096
5000129355758
5000129356625
5000129357509
5000129358421
5000129372458
5000129378634
5000129379693
5000129380927
5000129384697
5000129389722
5000157026231
5000157066329
5000157074041
5000157075116
5000157140005
5000157140784
5000157146236
5000157147820
5000157150745
5000157150851
5000157150998
5000157151759
5000157152633
5000157156174
5000157156310
5000157156846
5000157156853
5000159438544
5000159461177
5000159471916
5000159504256
5000159509831
5000159514804
5000159520164
5000159520218
5000159530798
5000159531221
5000159546027
5000159546102
5000159546560
5000159564564
5000159565561
5000159570046
5000159571012
5000159571104
5000159571487
5000168002217
5000168002422
5000168003597
5000168005294
5000168005638
5000168006222
5000168007656
5000168026152
5000168029092
5000168035345
5000168038391
5000168039718
5000168039985
5000168040073
5000168085913
5000168158617
5000168181578
5000168188287
5000168188591
5000168197746
5000168200804
5000168206288
5000168214665
5000168214689
5000169002162
5000169003022
5000169003756
5000169005323
5000169011294
5000169011300
5000169014608
5000169014721
5000169015230
5000169015254
5000169017418
5000169022597
5000169023730
5000169025352
5000169025444
5000169026021
5000169035283
5000169042816
5000169047798
5000169047811
5000169056745
5000169059098
5000169062128
5000169062838
5000169069141
5000169072639
5000169075463
5000169075937
5000169079690
5000169086896
5000169088951
5000169102886
5000169103777
5000169107300
5000169110744
5000169113547
5000169121979
5000169124871
5000169127131
5000169128947
5000169129081
5000169130773
5000169134238
5000169138212
5000169145906
5000169149379
5000169149829
5000169151020
5000169164990
5000169167397
5000169182246
5000169182291
5000169183274
5000169184608
5000169184615
5000169186619
5000169194225
5000169194270
5000169202777
5000169206812
5000169206836
5000169206850
5000169209547
5000169209561
5000169209578
5000169211953
5000169215845
5000169217313
5000169217849
5000169226230
5000169229675
5000169232910
5000169236185
5000169236192
5000169267349
5000169294819
5000169294826
5000169301463
5000169324073
5000169324691
5000169324707
5000169356760
5000169385166
5000169386040
5000169388563
5000169409411
5000169416303
5000169437841
5000169443972
5000169462898
5000169466858
5000169490013
5000169490631
5000169496350
5000169497043
5000169497265
5000169515815
5000169519677
5000169534557
5000169537145
5000169542910
5000169547779
5000169550755
5000169560785
5000169561225
5000169561287
5000169565827
5000169565964
5000169566688
5000169567067
5000169567692
5000169568699
5000169569283
5000169576366
5000169577165
5000169577172
5000169578704
5000169578858
5000169578889
5000169578902
5000169580134
5000169580172
5000169582176
5000169582305
5000169584071
5000169592571
5000169593110
5000169595213
5000169596548
5000169597286
5000169597521
5000169597538
5000169598924
5000169601617
5000169603277
5000169603284
5000169603659
5000169603666
5000169604168
5000169605165
5000169607282
5000169608913
5000169610862
5000169611586
5000169613740
5000169617038
5000169619735
5000169619759
5000169620434
5000169623527
5000169624609
5000169625224
5000169625781
5000169629918
5000169635902
5000169636107
5000169640401
5000169646571
5000169646588
5000169647981
5000169648223
5000169654446
5000169656396
5000169659793
5000169661772
5000169661789
5000169662229
5000169662311
5000169662380
5000169662694
5000169666593
5000169669358
5000169669600
5000169669662
5000169669808
5000169670194
5000169671139
5000169671894
5000169672334
5000169673263
5000169674215
5000169677018
5000169704684
5000169962275
5000171001184
5000171055002
5000171057754
5000171058478
5000171060068
5000171060297
5000171060815
5000171061447
5000171061560
5000175413310
5000183037973
5000184321859
5000187008214
5000187118067
5000187121357
5000187130953
5000187140044
5000197154697
5000197156929
5000205035123
5000205037899
5000205039480
5000205046563
5000205046853
5000205047867
5000205048819
5000205050256
5000208000180
5000208010264
5000208065004
5000208065103
5000213011942
5000213025413
5000214016366
5000214020912
5000221508441
5000221603665
5000221604372
5000224009853
5000225006219
5000225007421
5000225013118
5000225017512
5000225021977
5000225025197
5000225027061
5000225028068
5000225062598
5000225070746
5000227000840
5000227001311
5000232018700
5000232022882
5000232024800
5000232025029
5000232034991
5000232035332
5000232160010
5000232815972
5000232816313
5000232825032
5000232866837
5000234050586
5000234050593
5000234054768
5000234054782
5000234054799
5000237126868
5000237127360
5000237128169
5000237128299
5000237128954
5000237130032
5000237131138
5000237131763
5000237134061
5000237135709
5000237136591
5000237138366
5000237138809
5000237139554
5000237139998
5000237204207
5000237204917
5000237205167
5000237205549
5000237205679
5000237207055
5000237207154
5000242112108
5000245001454
5000246727551
5000246729623
5000254019860
5000254021061
5000281078236
5000295164802
5000312002131
5000316000720
5000316000799
5000316001321
5000316001376
5000316001406
5000328013244
5000328013343
5000328016801
5000328017563
5000328017891
5000328019406
5000328019888
5000328024165
5000328030838
5000328035505
5000328035765
5000328037837
5000328039718
5000328111780
5000328136530
5000328228082
5000328316741
5000328329789
5000328513409
5000328529745
5000328561615
5000328590929
5000328654812
5000328698588
5000328741901
5000328760902
5000328992082
5000342000220
5000342000251
5000342000466
5000342001296
5000354164798
5000354168130
5000354202339
5000354203664
5000354402050
5000354405013
5000354405082
5000354700088
5000354700132
5000354904813
5000354906633
5000354907456
5000354908378
5000354908613
5000354913693
5000354915000
5000354915567
5000354915659
5000354917363
5000354918513
5000354918865
5000354919404
5000354919671
5000354920127
5000354923890
5000354924392
5000354926754
5000354927850
5000358381566
5000358480856
5000358628821
5000358966497
5000373702322
5000382104384
5000382109549
5000382123613
5000396056099
5000436510864
5000436791355
5000436882763
5000436899969
5000436959915
5000436960218
5000488109863
5000800000076
50019816
50020768
5010003060128
5010003063914
5010003064157
5010003065505
5010003065659
5010003070592
5010017118501
5010024113018
5010026517654
5010026519832
5010029020519
5010029204704
5010029217902
5010029220773
5010029229370
5010029229417
5010034011328
5010034011410
5010034011533
5010034011540
5010034011625
5010034013698
5010034016187
5010034595002
5010034598003
5010035001274
5010035069373
5010044002347
5010052112830
5010067306200
5010067332186
5010067383157
5010084902621
5010102106901
5010102245372
5010102341609
5010105001807
5010105002187
5010115924721
5010153771615
5010153871148
5010188001091
5010204029450
5010204335063
5010204520490
5010204862309
5010204914367
5010228002873
5010228002903
5010228005836
5010228006840
5010228006925
5010228007427
5010228077857
5010236073438
5010238020171
5010238022212
5010244002512
5010251332800
5010251341352
5010251381433
5010251413417
5010251415763
5010251419112
5010251425595
5010251425793
5010251430872
5010251435044
5010251442547
5010251446453
5010251446989
5010251450368
5010251450382
5010251460770
5010251460848
5010251460862
5010251461173
5010251476641
5010251479253
5010251487784
5010251494324
5010251504634
5010251504672
5010251504795
5010251508717
5010251509028
5010251519492
5010251521419
5010251525820
5010251538103
5010251550228
5010251554806
5010251557388
5010251560524
5010251581048
5010251581093
5010251587286
5010251588481
5010251593119
5010251593171
5010251595526
5010251596776
5010251598442
5010251602170
5010251603801
5010251603870
5010251608189
5010251624011
5010251624042
5010251660453
5010251672272
5010251672289
5010251672821
5010251678441
5010251686750
5010251702191
5010251713616
5010251716631
5010251724599
5010251724971
5010251731153
5010251736936
5010251738657
5010251748540
5010251750796
5010251756637
5010251758495
5010251758525
5010251758600
5010251761112
5010251764366
5010251764687
5010251774464
5010251775959
5010251778295
5010251782995
5010251784173
5010251784432
5010251785651
5010251788683
5010251797500
5010251797524
5010251823513
5010251840947
5010251843344
5010251854159
5010251863540
5010251865292
5010251868279
5010251871637
5010251903192
5010251915287
5010251916222
5010251921974
5010251931522
5010251944065
5010251956440
5010251985969
5010265000283
5010292952791
5010292961168
5010292962868
5010292966682
5010292970771
5010324027312
5010338000264
5010338015886
5010338223595
5010338300876
5010338301101
5010338301668
5010338303990
5010338404017
5010358252070
5010358265506
5010388800173
5010392004222
5010421073724
5010421074523
5010431601061
5010431601627
5010438008221
5010438018930
5010438019425
5010438021428
5010478031791
5010478110878
5010478299115
5010478368224
5010478432567
5010482121617
5010482125455
5010482195731
5010482240219
5010482260545
5010482338299
5010482368524
5010482409906
5010482540869
5010482662141
5010482668013
5010482685799
5010482686543
5010482729295
5010482772444
5010482786632
5010482793319
5010482797812
5010482814205
5010482833879
5010482837969
5010482838423
5010482864422
5010482869960
5010482895365
5010482909840
5010482918071
5010482922306
5010482925727
5010482948474
5010482952099
5010498509874
5010511470365
5010511478705
5010511479481
5010525003177
5010525010113
5010525013077
5010525015699
5010525022321
5010525044125
5010525057767
5010525078977
5010525087603
5010525094304
5010525121079
5010525125664
5010525125718
5010525125725
5010525130521
5010525135403
5010525135502
5010525145181
5010525145334
5010525163147
5010525163178
5010525164618
5010525167695
5010525167770
5010525178974
5010525179919
5010525200361
5010525201344
5010525202181
5010525207605
5010525207704
5010525209838
5010525210308
5010525216645
5010525220284
5010525220314
5010525223520
5010525223551
5010525253305
5010525257310
5010525258461
5010525262017
5010525278209
5010525281308
5010525282404
5010525299709
5010525315584
5010525317182
5010525319377
5010525353418
5010525363738
5010525384184
5010525391878
5010578003032
5010663251270
5010693601229
5010745063142
5010775199576
5010775203914
5010775203938
5010775204065
5010775204911
5010775204935
50107827
5010793376867
5010793377840
5010793380598
5010793380611
5010793382127
5010822110431
5010822115009
5010822117065
5010822990309
5010975010022
5010975070460
5011003048208
5011032580151
5011053022272
5011064014372
5011069163839
5011157560359
5011157995953
5011157996431
5011157996776
5011157997407
5011259008506
5011259008711
5011273083053
5011308000406
5011308000703
5011308501125
5011308501132
5011308550161
5011308701501
5011357000051
5011371204022
5011376002043
5011376002531
5011673109469
5011766010047
5011766010061
5011766010993
5011766011006
5011766300216
5011766300322
5011766666633
50117741
5011785013746
5011826120105
5011826135208
5011826274204
5011826422001
5012035951160
5012035959678
5012035960308
5012035960971
5012035963057
5012035969110
5012035972066
5012035986438
5012035997755
5012035998264
5012035998752
5012035999582
5012138685306
5012159035029
5012309016946
5012309031109
5012389008053
5012389670595
5012389673251
5012389673480
5012427143104
5012427144002
5012427271005
5012427334908
5012454063451
5012547006334
5012836756179
5013216000240
5013297994353
5013531212458
5013635101740
5013635410125
5013635484287
5013635701612
5013635750207
5013635755257
5013665112679
5013665116295
5013665116592
5013665116714
5013683306852
5013683307408
5014201701913
5014271002705
5014276702044
5014442000899
5014618400508
5015093180220
5015326240103
50153264500069
50157068
50157228
5015821145446
5015821156817
5015821223489
5016084000176
5016084811376
5016143002165
5016157074646
5016157077814
5016346124510
5016346519439
5016346519774
5016451784111
5016599010455
50166732
5016786002317
5016805003219
5016805011405
5016805011535
5016805011573
5016860639286
5016935000720
5017079006104
5017174074220
5017174824917
5017601016465
5017601036814
5017601040095
5017601041955
5017601042471
5017601046738
5017601046752
5017601047919
5017622200959
5017689002565
5017764003920
5017764004880
5017764112158
5017764112677
5017764130565
5017764600167
5017764901219
5017764901233
5017838815763
5017838819136
50178483
5018076100192
5018095174099
5018297011529
50183357
5018357012558
5018374118974
5018374231017
5018374406323
5018374782342
5018605573466
5018768271858
5018811000107
5019087000013
5019180045959
5019180048066
5019180069351
5019312039184
5019312081794
5019312083927
5019312094480
5019378004195
5019503005257
5019503009835
5019503010329
5019503024982
5019503028805
5019503036541
5019503041408
5019503043396
5019503043839
5019503045154
5019503046243
5019503047639
5019503048834
5019628001264
5019827000839
5019989710058
5020514066151
5020580193218
5021185201308
5021211023713
5021438000474
5021554000020
5021554002215
5021554002321
5021554004424
5021554004837
5021554985471
5021554988793
5021638000021
5021638001035
5021638100752
5021991938795
5022090000154
5022240012099
5022313136622
5022313318592
5022374056594
5022374058345
5022374058369
50225989
5022824040487
5023652535091
50237098
5023746473285
5023751000339
50237739
5024121099885
5024121327124
5024121426117
5024121837302
5024121874307
5024271112007
5024448562307
5024879005176
5025183078764
5025575000502
5025840001074
5025840006741
5025960003606
5026018000028
5026018000035
5026031007189
5026489478111
5026489479675
5026489480527
5026489483078
5026489483962
5026489484785
5026531002042
5026809015910
5027017267153
5027324001228
5027738011653
5027738011660
5027867171198
5027952008736
5028030001359
5029223011520
5029396003001
50294077
5029730074018
5029788180099
5030104005125
5030104005200
5030343834067
5030343837785
5030343839581
5030343839710
50303847
5030756005832
5030796000194
5030883000182
5031021174598
5031021195517
5031021200860
5031021883926
5031396074394
5031418000509
5032015000381
5032457711296
5032457712019
5032457718622
5032558000404
5032714009395
5032722302389
5032722302921
5032722306325
5032722311534
5032722312845
5032722312869
5032722313095
5032722314054
5032722316157
5032722316980
5032722317000
5032722318526
5032722318892
5032824017303
5033060100224
5033665209803
5033665211257
5033665212568
5033665213121
5033665214449
5033665216085
5033665217945
5033742002280
5034231004006
5034444115209
5034467000018
5034467002043
5034467002272
5034525009373
5034660522782
5034709001452
5034709004842
5034709007881
5034736000039
5034736000060
5035139218045
5035272145321
5035272934185
5035272934321
50354108
5036456446814
5036589203391
5036589253594
5036589255253
5036589255772
5036829750159
5036829756649
5036854001851
5036854002872
5037986000033
5038695010009
5038695460255
5038794000017
5038862237420
5038862432788
5038862633604
5038961002820
5038961002929
5039303004151
5039303004731
5039303005738
5039303006438
5039303007947
5039378004384
50408160
50409112
5045092850732
5045095463632
5045095736873
50457045
5050028381952
5050083393624
5050083451751
5050083496424
5050179080322
5050179919783
5050179966022
5050665013124
5050665016439
5050665028357
5050665039667
5050665042322
5050665043725
5050665045668
5050854213380
5050854264290
5050854663574
5050854811654
5050854977435
5050854989971
5050974508434
5051008608915
5051140452490
5051399083605
5051399223438
5051399300924
5051399456294
5051399765983
5051413142615
5051413143223
5051413145210
5051413288375
5051413459355
5051413578247
5051413621295
5051413680933
5051413887851
5051413975954
5051594008380
5051790966378
5051873002887
5051873003570
5051873005581
5051873005932
5051873006243
5051898302887
5051898684457
5051898691622
5051898751784
5051898824938
5051898874438
5051898988982
5051898991562
5052003076280
5052003232372
5052003668522
5052003768963
5052004475716
5052004660754
5052004706377
5052004864206
5052319993301
5052320541850
5052320979493
5052449083125
5052449167184
5052449168068
5052449211450
5052449453966
5052449493030
5052449516029
5052449637984
5052449667479
5052449668636
5052449668681
5052449669503
5052449790962
5052449791174
5052449854237
5052449930450
5052514021809
5052675000804
5052675001573
5052909256939
5052909354970
5052909355021
5052909660590
5052909679332
5052910079534
5052910347954
5052910596987
5053526420093
5053526492595
5053526592561
5053526970444
5053827169929
5053827173025
5053827199728
5053827204590
5053947026645
5053947082658
5053947102271
5053947312137
5053947494673
5053947817724
5053947859267
5053947859304
5053990138746
5053990138753
5053990160242
5053990162062
5053990168590
5053990172221
5053990178490
5053990188642
5054070042274
5054070042328
5054070124093
5054070150290
5054070150351
5054070150375
5054070359099
5054070456064
5054070481257
5054070484531
5054070598825
5054070627242
5054070630037
5054070630624
5054070638149
5054070650240
5054070671733
5054070674505
5054070674833
5054070683224
5054070710319
5054070710586
5054070716458
5054070730249
5054070839386
5054070904930
5054070905005
5054070951675
5054267001374
5054267003873
5054267006119
5054267007086
5054267007116
5054267010970
5054267013148
5054267015272
5054268284035
5054268565592
5054268651745
5054268735056
5054268891745
5054268893961
5054268934602
5054268934725
5054269107531
5054269197938
5054269551723
5054269711912
5054269803792
5054402152442
5054402369062
5054402524966
5054402747556
5054402849366
5054402920805
5054775347322
5054775600779
5054775702367
5054781006282
5054781024835
5054781025337
5054781025672
5054781025733
5054781052531
5054781082392
5054781246985
5054781247432
5054781247869
5054781312536
5054781336716
5054781337508
5054781340249
5054781340584
5054781340591
5054781377498
5054781498681
5054781507857
5054781507871
5054781524618
5054781530411
5054781557128
5054781649939
5054781700999
5054781701057
5054781701071
5054781701705
5054781710691
5054781714675
5054781718260
5054781718451
5054781727453
5054781741145
5054781741220
5054781763413
5054781763475
5054781763482
5054781793892
5054781796626
5054781796640
5054781844006
5054781844495
5054781854821
5054781874348
5054781874362
5054781874836
5054781874980
5054781875161
5054781875475
5054781875482
5054781875710
5054781875758
5054781875956
5054781876007
5054781877240
5054781891130
5054781938880
5054781951599
5054781964445
5054781971801
5054781982562
5054781982678
5055036977074
5055037003826
5055159500968
5055172835153
5055177535447
5055365625448
5055365669961
5055365676716
5055496746388
5055496752075
5055534302682
5055540021966
5055540043562
5055540050546
5055540054872
5055540059884
5055540071565
5055936807877
5055945401936
5055950616738
5055958700194
5055958700248
5055958703560
5055958704987
5055958706806
5055958708572
5055958708909
5055967501591
5055967501874
5056000505460
5056025477063
5056051802846
5056051806585
5056053310578
5056182403318
5056215600776
5056285800144
5056297000570
5056297000846
5056315500006
5056315500075
5056315501355
5056344401336
5056351408212
5056357905906
5056357906781
5056357909089
5056357909102
5056357915035
5056517312322
5056517317754
5056517318546
5056555201152
5056555205495
5056555206881
5056594800095
5056711100039
5056737900163
5056784900338
5057008002890
5057008003118
5057008252806
5057008254336
5057008391352
5057008473607
5057008495234
5057008495555
5057008616776
5057008920408
5057172008766
5057172014866
5057172030347
5057172033263
5057172080885
5057172080953
5057172080984
5057172090099
5057172090105
5057172091256
5057172098880
5057172100835
5057172100859
5057172100934
5057172101023
5057172101535
5057172101566
5057172134298
5057172135851
5057172152094
5057172194940
5057172199860
5057172199921
5057172201662
5057172219513
5057172223459
5057172223527
5057172226030
5057172234011
5057172236756
5057172263639
5057172274529
5057172314034
5057172319374
5057172329304
5057172338085
5057172384051
5057172404735
5057172404773
5057172468270
5057172483785
5057172483846
5057172515509
5057172516049
5057172552498
5057172578733
5057172580729
5057172606443
5057172620395
5057172620449
5057172622290
5057172622313
5057172622337
5057172703098
5057172729067
5057172729081
5057172736966
5057172782994
5057172807970
5057172824533
5057172859504
5057172859856
5057172877317
5057172955022
5057172978250
5057172980734
5057172981304
5057172987788
5057172996377
5057172996636
5057172998586
5057172999088
5057172999149
5057373267122
5057373318022
5057373586346
5057373701954
5057373843746
5057373869586
5057373871596
5057373890191
5057373933737
5057545009536
5057545165713
5057545473788
5057545619506
5057545619971
5057545652039
5057545715215
5057545755419
5057545807293
5057545809150
5057545878811
5057545890035
5057545931516
5057545985007
5057624797019
5057624867958
5057624877421
5057753097554
5057753125646
5057753211905
5057753238445
5057753305369
5057753466657
5057753521561
5057753652234
5057753684358
5057753686260
5057753722579
5057753881030
5057753897697
5057753903015
5057753903787
5057753905712
5057753907372
5057753911782
5057753912918
5057753914127
5057753916107
5057753917234
5057753917845
5057753918415
5057753921576
5057753922764
5057753923181
5057753927479
5057753930813
5057753931117
5057753932220
5057753932657
5057753934231
5057753934644
5057753935207
5057753937362
5057753938536
5057753940546
5057753940591
5057967214266
5057967306565
5057967341597
5057967574810
5057967576128
5057967576302
5059319018638
5059319021867
5059319032627
5059319036830
5059319037103
5059319038780
5059320000639
5059321004018
5059321004230
5059512103636
5059512726781
5059512727924
5059512730115
5059512734564
5059512736223
5059512738920
5059512741579
5059512742163
5059572040698
5059604459924
5059604459931
5059604460340
5059604501623
5059604639791
5059604644597
5059604645242
5059604645808
5059604647239
5059604647314
5059604647475
5059604647567
5059604648328
5059604677007
5059697254802
5059697256301
5059697257629
5059697267611
5059697270659
5059697387173
5059697388774
5059697389276
5059697394041
5059697396694
5059697397363
5059697678929
5059697679575
5059697679773
5059697681134
5059697681479
5059697683190
5059697684487
5059697684715
5059697686276
5059697687778
5059697688034
5059697689499
5059697690815
5059697690860
5059697691171
5059697694028
5059697694233
5059697694288
5059697694295
5059697694615
5059697695407
5059697695803
5059697698460
5059697699351
5059697699818
5059697700149
5059697701900
5059697702778
5059697704147
5059697706189
5059697706820
5059697707209
5059697709128
5059697713101
5059697713606
5059697721823
5059697722226
5059697724114
5059697726736
5059697728563
5059697730115
5059697730634
5059697732546
5059697734953
5059697736773
5059697737947
5059697738265
5059697739699
5059697741166
5059697742224
5059697742620
5059697744334
5059697746147
5059697749438
5059697750199
5059697750885
5059697753527
5059697754937
5059697756658
5059697757853
5059697761478
5059697764455
5059697766282
5059697767036
5059697769016
5059697769993
5059697770463
5059697771286
5059697772757
5059697773419
5059697775161
5059697775949
5059697778513
5059883118307
5059883362960
5059883417967
5059883468983
5059883470504
5059944011905
5059977000006
5059977000075
5059977003038
5059977012412
5060002043776
5060005460747
5060006203916
5060006206122
5060011816187
5060013260377
5060016800822
5060016801430
5060021927200
5060023979535
5060024320756
5060034484943
5060034485599
5060040190098
5060040252741
5060043211561
5060054130110
5060054131193
5060054132725
5060058338888
5060059530052
5060060386068
5060061217842
5060062060133
5060062660043
5060072990048
5060072990208
5060081113759
5060081114343
5060082978692
5060084360006
5060087945224
5060087961651
5060088701638
5060088702246
5060088709504
5060092030878
5060092697286
5060095861554
5060095863473
5060099290015
5060102661108
5060102662242
5060107332225
5060107338012
5060108452410
5060108457910
5060110484102
5060112548703
5060113917676
5060115120364
5060119290407
5060120285430
5060120285966
5060120285980
5060120286321
5060121673632
5060127360048
5060132282113
5060132282489
5060132284872
5060132285381
5060135245344
5060136251047
5060136253911
5060136254413
5060136254611
5060136254710
5060136256097
5060139430876
5060139431507
5060139435307
5060139436007
5060139436458
5060139436717
5060142012656
5060142012939
5060146370714
5060148350158
5060149412480
5060149412503
5060149574874
5060151180865
5060155200095
5060161309317
5060162210209
5060162210391
5060165583003
5060168993441
5060169982383
5060174770371
5060178070187
5060178070255
5060178070347
5060178072846
5060178072860
5060178073898
5060178074079
5060178074154
5060178075076
5060188693642
5060195900498
5060198643286
5060198643842
5060198645419
5060198645518
5060198645730
5060198649165
5060198820939
5060208740721
5060212470034
5060218180012
5060220660045
5060227121044
5060228323355
5060230051192
5060230051567
5060231727546
5060232813538
5060233280216
5060238480055
5060238482592
5060243230072
5060248208267
5060248208281
5060250346384
5060253702705
5060262487921
5060262488683
5060268001466
5060268001541
5060282750265
5060282750272
5060283762410
5060283762595
5060291110036
5060292308302
5060298571618
5060302392710
5060308360140
5060308360966
5060310131776
5060314324778
5060317321781
5060317352686
5060317355519
5060319170561
5060319170875
5060326760649
5060326870003
5060326870867
5060326870881
5060337220125
5060337221474
5060337223300
5060343742079
5060346831091
5060346991528
5060347470282
5060350562172
5060360502410
5060362071051
5060367181298
5060374400443
5060376790665
5060376790672
5060384261119
5060384261775
5060384262963
5060391625119
5060402907975
5060411921498
5060411921818
5060415520420
5060419540127
5060419860195
5060424709502
5060425283674
5060425289416
5060430290445
5060430291398
5060430292142
5060433990083
5060444851038
5060446100820
5060451010060
5060452360034
5060452360799
5060452360805
5060452492308
5060452492490
5060455490264
5060462261727
5060462261758
5060466510210
5060468010749
5060468523058
5060468523881
5060468523904
5060470842093
5060470842116
5060472692160
5060476792408
5060476795331
5060476795348
5060477670217
5060482842395
5060482842739
5060487820336
5060489730008
5060489730091
5060490011110
5060490400044
5060495114151
5060495114175
5060495116377
5060495117596
5060495118067
5060501860119
5060507640289
5060512671926
5060519810243
5060524150044
5060524150259
5060524150501
5060525200090
5060529740196
5060530210336
5060534010543
5060534060210
5060534060241
5060539321026
5060542193276
5060544130156
5060549320095
5060549450396
5060551421667
5060558350601
5060560280842
5060562191849
5060567680294
5060574954630
5060578325474
5060587580680
5060587581137
5060587581175
5060600886751
5060602580213
5060602580237
5060604011050
5060604012132
5060604012262
5060614804178
5060626100084
5060628430004
5060639122899
5060640420052
5060655452093
5060678710262
5060697871784
5060699970157
5060709190032
5060710100020
5060719920186
5060719920247
5060728270173
5060728270395
5060751998044
5060756344488
5060767610428
5060769300112
5060770731158
5060771270007
5060811385128
5060812970187
5060837490080
5060844220199
5060853640650
5060853640896
5060853641053
5060859910061
5060868952298
5060884431456
5060884851483
5060884851827
5060887590129
5060922350008
5060925290639
5060925290660
5060925291582
5060925293500
5060925295283
5060925295412
5060929634040
5060940940052
5060940940069
5060941970799
5060947541795
5060947545489
5060947545724
5060960661586
5060960661937
5060960662255
5060960662323
5060960662934
5060960663092
5060960663405
5060960664150
5060963016918
5060971861500
5060972180167
5061013960274
5061021900194
5061021900217
5061037540551
5061056620012
5061083300024
5063089001769
5063089021828
5063089098431
5063089103821
5063089110485
5063089159163
5063089164488
5063089164655
5063089172797
5063089221907
5063089267943
5063089281598
5063089281871
5063089281888
5063089282878
5063089283059
5063089314913
5063089316566
5063089324301
5063089338469
5063089478226
5063089498941
5063089499160
5063089499238
5063089518021
5063089519332
5063089520024
5063089543757
5063089654569
5063089696125
5063089765340
5063089765630
5063089799130
5063089799147
5063089822333
5063089832424
5063210003723
5063210016846
5063210017041
5063210020010
5063210047697
5063210063673
5063210068500
5063210071999
5063250533068
5063250534706
5063250540738
5063250545498
5063250549090
5063250551444
5063250552137
5063250555923
5063250556647
5063250558191
5063250559228
5063250559297
5063334000998
5063334001063
5063334001148
5063334001278
5063334001292
5063334002343
5063334002527
5063334003661
5063334007256
5063334008079
5063334009991
5063334010331
5063334011017
5063334011109
5063334012199
5063334012311
5063334012625
5063334016920
5063334024628
5063334025601
5063334027551
5063445782059
5063445791792
5063445793895
5063445795189
5063445795660
5063445796513
5063445804676
5063445804843
5063445807776
5065002532121
5065002532381
5065002532503
5065007705193
5065009432240
5065009980154
5065010803046
5065013646060
5065015507024
5065020551029
5070000130422
5070000206806
5070000210605
5070000210636
5070000222431
5070000358703
5070000514314
5070000823621
5070000907703
5070002157809
5070002253518
50745180
50761210
50818938
5088722225654
5088722226064
50926282
5099229002945
5099268051751
5099556021862
5099556025556
5099556026423
5099801004305
5099839723469
5099867001485
5099869042202
5099874173861
5099874362500
51000023
51000644
51000648
5201024007562
5201231101206
5201671000527
5201704054183
5202390015359
5202390016585
5202390024597
5202390025563
5202390031021
5206674101059
5291803002215
5390003011260
5391312001799
5391508960145
5391509393720
5391512911164
5391526416051
5391526417522
5391527000242
5391527000938
5391527070856
5391528180035
5391528180998
5391528181056
5391530980227
5391532122137
5391534160670
5391534950769
5400113614371
5400265043852
5400313002534
5410228312307
5410358454007
5410438036567
5410438040069
5410438044609
5410673003515
5411188097297
5411188128762
5411188136255
5414150410575
5430004228226
5449000029645
5449000031341
5449000042156
5449000121042
5449000196057
5449000227416
5449000240248
5449000276025
5449000335319
5449000664310
54491076
5606677004966
5690845002403
5701181884223
5701388097808
5701977000608
5707196262568
5711953003981
5711953101151
5711953203053
5741000158500
5741000163801
5760466827430
5760466870306
5900120070066
5900130036700
5900189002466
5900197002601
5900344018110
5900344300796
5900344300949
5900352002866
5900397750838
5900512110271
5900512901473
5900562368813
5900749633994
5900820005351
5900820005535
5900820005757
5900820020804
5900951028502
5900951313240
5901044011074
5901154045143
5901154045167
5901356070998
5901489224213
5901588066998
5901696010180
5901713001399
5901713015624
5902180060100
5902180290330
5902898825381
5902898825428
5902898825442
5902978002732
5903686539299
5904061000632
5907069000369
5908230530753
5908260251192
5941006101641
5941300007342
5941466002892
5942326401947
5997347541790
5997523314910
5997523315818
6003770000663
6003770003459
6003770007518
6003770008874
6003770009222
6003770009697
6003770009703
6111259341074
6132529380586
6412500070188
6412500076289
6424350000017
6430056289601
6430056289694
7021474050998
7031251000146
7033050830061
7090037971056
7310861015246
7311310268091
7311310500290
7311311011900
7311311011924
7311312006271
7315120007512
7316641817147
7316641817178
7340001803587
7393714515506
7393714517906
7501035026001
7501791668897
7610211031903
7612100053669
7612100054017
7613033583360
7613034309563
7613034315557
7613035219489
7613035220126
7613035531543
7613036002455
7613036069786
7613036099325
7613036736497
7613037596229
7613039500071
7613039691779
7613039692240
7613039896167
7613039905715
7613287697349
7616500672673
7622201119706
7622201143480
7622201386573
7622201436001
7622201438630
7622201439095
7622201449520
7622201450335
7622201454203
7622201462420
7622201681517
7622201693855
7622201717667
7622201718237
7622201726065
7622201730499
7622201746346
7622201765446
7622201781767
7622201789862
7622202024801
7622202025785
7622202041020
7622202227745
7622202229190
7622202240188
7622202259463
7622202260834
7622202278457
7622202278471
7622202278495
7622202396199
7622210221834
7622210307460
7622210307590
7622210436870
7622210574985
7622210809049
7622210818454
7622210983251
7622210989482
7630294501841
7630486402703
7640164290041
7804676870188
8000040720427
8000245009716
8000300132779
8000300405668
8000300413649
8000300425055
8000320390517
8000430058475
8000500326527
8000500418208
8000500446782
8000920401170
8001060001992
8001060036451
8001060039797
8001585008391
8001665115254
8001665723503
8002461910500
8002670007619
8002885006704
8003180000770
8003340095387
8003340098869
8004708012930
8008440212481
8008698013083
8008698054109
8008743061021
8009450010913
80136194
8015565043555
8032919462695
8056737785095
80823438
80835479
80864233
8410031972337
8410076421821
8410076471185
8410076472236
8410076481375
8410076482785
8410076493002
8410134006786
8410134024926
8410134606504
8410261768175
8410376070811
8410525249556
8410637113912
8410660080076
8410783133611
8410793286130
8420982503887
8421320313724
8435201703559
8436601020611
8445290161123
8445290357687
8445290576026
8445290758156
8445290804860
8445291097582
8445291265127
8445291295810
8445291303966
8445291373990
8445291384941
8445291524569
8445291528246
8445291607439
8445291747166
8588008783047
8593893774759
8593893781979
8690146128342
8690146154877
8691216098466
8699073290269
8710449919451
8710532462390
8711000338759
8711000494042
8711000518328
8711000519356
8711299022100
8711327373365
8711327373969
8711327461536
8711327533950
8711327535138
8711327573000
8711327626942
8711327676589
8712000050092
8712100864940
8712566134205
8712566144365
8714100272978
8714100658420
8714100737972
8714100895139
8714800003124
8715700125756
8716900570254
87170856
8717163859551
87177756
8718117611942
8718300882999
8718858612581
8718868006097
8719200186842
8719200237933
8719200238398
8719200300545
8719747260494
8719956494437
8719956494451
8719956496288
8719956496622
8719956498671
8720182064387
8720182302960
8720182414120
8720182443878
8720182537119
8720608036677
8720726586689
8721077490489
8723400828655
8801007166452
8801392050572
8801392065934
8850025071026
8850030116569
8858702401265
8885019420368
8901088068789
8902710500851
8904397200765
8906000220603
8906336335033
8939122243700
8944596459250
8961102508929
8996001320846
9002490264963
9002515427205
9006900207007
9013655350704
90490620
9300662893042
9310645203171
9311471890610
9335777001839
9340784001925
9350271002595
9414024514275
9417986933795
9417986944951
9421009030019
9421027846685
9421906005301
96036761
96103890
96143988
96182444
96188606
96199848
0000200008274
0000240010787
00002857
00004480
00012126
0002000860004
00028035
00028097
00030021
00031479
00036856
00042710
0004444404660
0004500046865
00045889
0004838904141
00052283
00053525
00053587
0005554503403
00062299
00070553
00075053
00076517
00079112
0008300898969
00087186
00091954
00096430
00101639
00107310
00108171
00109369
00109871
00113694
00114950
00117982
00118286
00120364
00120678
00121019
00122580
00123068
00123815
00126397
00126809
00126816
00127196
00128483
00128605
00130257
00132664
00133647
00137607
0014100082033
0014100097006
00144322
00146661
00146883
00151030
00152709
0015292204715
00154338
00154741
0015509010009
00155397
00156929
00157117
0016000193338
00162210
00162999
00163484
00164184
00170635
00172684
00173421
00174213
00174398
00174930
00176439
00179096
00180283
00180306
00181563
00187251
00194211
00195157
00199148
00201766
00202664
00202923
00204460
00205986
00206778
00207553
0021345623112
00215466
00216289
00220231
00222303
00224031
00224475
00224789
00225373
00227599
00236089
00236546
00237635
00238502
0024000012559
00241557
00242066
00242561
00243599
00245005
00246804
00247368
00248877
00248914
00250245
00252362
00252508
00252812
00252898
00253505
00253543
00254427
00255493
0025583007222
00255837
00255875
00256537
00259026
00264891
00265324
00265768
00266963
00268899
00269360
00269612
00269636
00269865
00278348
00280525
00281713
00282925
00283311
00283519
00283625
00286299
00286329
00287449
00288149
00289481
00289689
00290531
00291538
00292030
00294652
00296472
00296496
00296953
00297011
00299671
00299756
00299978
00300292
00300322
00303996
00305747
00307055
00307062
00308441
00308465
00308519
00311670
00313292
0031550026547
00318655
00318815
00322003
00323154
00324731
00324755
00324915
00325035
00325455
0032695710001
00328500
00328524
00330398
00330534
00330565
00330824
00335720
00336680
00336697
00336765
00337236
00339551
0034000482924
0034000491155
00343411
00343688
00344012
00344449
00345880
00345958
00346177
00346719
00346825
00351218
00356008
00358521
00359474
00359641
00360388
00360487
00363037
00365048
00366656
00366670
00366953
00369220
00371636
00374330
00374354
00377164
00377997
00379250
00379687
00379724
00379984
00381222
00381949
00382366
00382830
00382885
00383004
00384377
00385695
00385916
00388054
00388238
00388276
00388832
0038900004262
00389525
00390194
0039047005440
0039047011007
0039047012318
0039047015814
0039047050020
0039047700123
00391184
00392358
00392839
00393041
00393768
00394963
00395687
00395700
00396721
00397438
00397551
00400817
00400893
00403337
00405263
00405270
00405751
0040600436755
00406895
00408059
00413367
0041390050350
0041449475646
00415613
00415620
00415675
00416092
00416986
00417884
00418287
00418881
00418898
00420532
00420679
0042131467420
0042272005987
00423168
00424448
00424899
00427432
00427753
00428149
00428996
00429535
00429856
00430449
00430692
00433006
00433594
00434904
0043647165015
0043647310019
0043647440020
0043647460028
00436670
00436762
00438506
00439961
00441056
00441742
0044204148311
00442787
00443012
00443159
0044350406785
00444040
00444088
00444477
0044464240046
00444712
0044738070348
00447737
00447836
00447942
00450645
00451703
00452946
0045300002767
00453189
00453578
00453745
00454629
00456845
00457279
00457675
00457866
00458078
00461443
00461689
00462112
00462495
00463447
00463775
00464499
00464703
00465311
00466301
00468275
00468626
00469623
00471343
00471657
00471749
00472647
00472999
00473071
00473170
00473392
00475129
00480550
00481724
00481847
00482400
00485388
00485487
00486347
00486606
00487832
00491297
00492102
00494885
0049505046212
00495271
00495400
00495455
00498265
00498272
0049863800112
00498692
00503051
00503259
00503273
00506038
00506090
00506267
00506274
00508056
00508780
00508872
00509114
0051000228956
00511698
00514071
00516242
00516969
00520928
00523271
00523790
00524193
00524360
00524728
00526784
00526845
00528092
00536639
00542319
0054300090506
00550895
00551380
0056416678845
00564489
00568272
00573559
00574419
00581462
0058300416663
0058449191179
00585927
0058807500865
00595025
0060000499303
00610605
00610841
00613873
00614917
00616690
00620833
00621151
00622165
00632812
00635257
00635486
00640701
00643771
00644303
00665735
0066676203305
00667180
00670258
00670272
00671583
00671637
00673341
00678643
0068100046151
00681360
00682718
00696678
0070177185244
0070177227296
0070177231316
0070970475436
00710121
0071845098309
00722070
0072417144592
0072417153051
0072417194382
0072417194719
0072417199745
0072417203213
0072417203367
0072417330025
00726689
00726795
00731492
00734561
00738149
00738286
00739337
0074360010153
0074410269746
0074603006684
00748544
00748582
00749060
00750806
00750929
0075172078102
0075405600056
00759793
00759984
00767743
00767934
00776431
0078000037975
0078000052428
00783118
00785013
00787079
0078895141931
0078895153453
0078895160666
00789400
0079200928391
00793902
00795067
00795579
00802277
00805100
00808873
00809382
00809658
00809771
00811064
00811392
00813815
00816755
00817271
00817981
00818322
00818940
00818971
00819039
00819213
00819428
00819701
00819831
00821926
00836623
00837996
00838795
00841139
00842969
00843539
0085239110669
0085239165034
00852951
00854467
00854887
00859004
00859813
00864909
00867610
00873192
00880329
00885584
00886758
00894500
00894579
00895989
00897334
00897389
00898140
0090000494787
00901819
00906388
00913966
00916806
00917568
00920124
00923491
0092447532091
00925099
00927420
00932455
00933216
00939133
00947886
00948326
00952736
00954730
00959070
00963602
00964432
0096619401161
0096619560271
00969963
00970426
00970433
00974707
00974790
0097644108063
00982276
00985482
00992619
0099482467067
00994873
00995245
00995634
00996259
01006094
01029901
01037098
01039382
01043686
01053487
01054200
01054453
01061376
01065718
01077568
01081237
01083989
01085808
01122220
01123159
01134902
01136432
01136937
01140248
01151428
01167047
01174472
01191073
01197396
0120000835133
01214888
01214987
01215102
01216882
01222593
01225976
01244854
01251425
01277708
01303063
01305654
01307351
01323900
01352177
01368420
01372670
01450033
01450477
01457636
01464092
01466294
01486711
01499186
01499896
01508567
01510355
01510393
01535815
01535914
01561067
01565058
01565447
01573039
01577433
01580211
01609523
01622027
01644531
01645613
01672893
01678932
01679809
01681321
01682731
01682793
01687842
01688757
01693171
01694055
01697582
01699142
01704389
01708738
01708950
01709834
01710151
01714203
01720082
01721751
01727357
01729511
01735567
01737974
01738193
01741346
01760415
01762969
01764987
01774450
01779509
01780390
01780970
01782103
01787542
01789614
01789768
01792843
01798630
01812435
01817928
01822946
01825718
01826043
01830965
01831009
01831115
01834246
01840872
01846201
01848151
01848991
01851434
01851984
01859966
01888584
01889086
01890761
01893212
01893830
01894592
0200029000542
0213448000987
0218367001602
0222780002351
0223470000787
0229760005753
0239390001001
0243911001005
02684703
0270811001002
0270814001504
0281354001503
0283508002350
0285463002505
0286997001606
0289891001000
0297990003283
0297995003462
03000410
03001011
03015186
03042939
03044230
03055519
03062203
03238684
03239438
03246986
03264324
03266915
03267158
03267660
03270769
0327464017925
03275139
03279977
03280638
03282083
03285749
03287408
03312957
03313909
03318454
03318669
03322451
03326565
03332030
03334768
03337646
03338582
03338858
03338971
03341179
03402276
03403594
03410479
03420577
03442548
03445761
03463543
03465332
03475478
03490594
0404343460130
0444042676906
04802792
05117857
0512345000107
0600500709023
0604565053725
0604565180254
0604565349477
0604565349576
0604565372635
0604565733436
0611269001945
06118139
0612322001773
0615357120655
0619286608000
0619286609076
0620365206192
0628110454461
0630855162549
0634158491139
0634158582875
0634158741197
0634158969096
0634158969133
0637793030480
0643435062795
0649192031005
0652655001132
0658556058701
0658556162415
0664918706203
06811541
0688444500562
0692000078464
0700461332589
0700814777760
0701017822899
0701936576378
0702382999063
0710069082304
0710307222103
0711583081774
0712166793114
0714394778185
0720192929070
0720516010552
0721782693906
0731275839834
0739748027702
0745114646200
0751217940107
0754523566740
0768563621529
0771098011611
0784160834964
0788821012029
0793591912363
0799439793132
0810020935530
0810048090020
0810116126804
0810157540065
0812579010775
0813636020737
0815709021122
0816697021163
0840229303809
0850428001000
0850925002029
0851899005764
0852629004842
0853085003479
0871459009018
0898999000664
09015012
09016149
09016170
09016903
09020191
09023734
09023789
09309142
1000029844301
1000030165105
1000038248800
1000198641251
10009000
10009833
10024188
10026892
10050033
10056141
10057520
10065884
10093641
10100345
10112311
10149294
10213728
10239360
10254769
10285374
10356104
10506048284323100209
10519158
10562444
10716168
10747957
10763278
10787175
10810439
1090062696432
1090298323799
1202712030002
1210002110396
12187117
1220000500051
1230000037044
1230000037112
1230000068222
1230000068536
1230000116343
1230000156486
12771729
1501497770005
2000000034780
20000578
20001865
2000382841992
20005108
20011819
20013615
20018603
20023249
20027094
20037505
20037628
20052980
20053222
20057992
20060862
20063450
20072759
20079215
20082413
20103767
20114404
20114473
20117092
20122591
20127107
20151218
20154035
20175931
20176969
20176983
20180621
20190125
20211684
20212339
20213992
20216023
20225728
20238834
2026626199995
20284299
20288112
20291211
20335083
20335632
20335663
20360474
20360511
20362072
20368975
20369118
20373344
20375232
20376116
20376659
20376703
20394844
20401801
20419219
20421946
20443955
20455224
20456825
20462130
20476670
20498351
20511128
20546298
20546342
20548759
20552343
20568221
20574352
20574413
20574581
20595296
2059904612060
20645144
20646929
20675509
20675547
20676148
20719425
20719562
20720209
20755829
20770907
20776015
20785840
20801274
20801878
20802813
20829360
20837624
20844240
20844752
20884154
20902476
20903237
20914523
20924812
20924836
20929879
20936341
20952198
20968656
20991388
20995188
21061868
21084034
21085475
21085536
21090271
21092596
21106507
21113123
21142727
21148941
21152887
21165672
21166631
21313371
2200339501133
22134875
23015654
23024861
2335300601953
2468872630998
25002362
25089561
25249903
25252446
25273137
25316735
25362268
25380033
25387643
25414813
25499438
27173534
27193754
27199886
27244807
27244944
27325704
27336137
27640074
27656877
27656884
29000036
29034673
29050000
29051045
29060290
29061891
29064786
29066377
29066995
29074891
29077373
29077380
29080878
29085934
29086931
29089659
29092994
29094295
29099764
29100149
29104260
29104321
29104789
29120222
29121991
29123674
29124473
29124770
29127306
29133758
29135479
29138005
29140329
29143504
29143597
29144419
29147250
29148738
29150182
29152582
29153978
29155255
29157211
29157457
29157464
29160655
29160709
29161126
29165285
29176588
29178148
29181230
29182749
29183739
29183920
29193585
29196944
29198665
29205578
29211722
29211739
29214198
29216758
29216789
29217144
29220397
29221318
29229123
29231874
29232833
29234288
29234417
29235070
29237548
29246816
29249558
29250318
29250950
29253289
29253449
29253531
29254101
29256976
29258604
29258796
29258857
29262496
29263431
29273799
29286201
29290567
29293377
29297917
29301010
29301638
29306459
29308163
29308194
29308736
29310647
29312528
29320905
29320929
29328932
29332199
29332205
29337569
29338979
29343850
29344437
29344543
29351077
29358038
29359783
29361625
29361915
29362912
29362936
29364589
29365579
29368761
29368914
29369805
29369942
29370009
29370122
29370313
29372225
29373932
29376674
29377008
29377091
29377381
29379477
29385973
29386130
29386291
29389650
29390373
29391189
29394210
29396337
29397341
29397358
29397969
29398553
29398591
29399765
29399994
29400058
29401147
29401161
29401277
29401536
29402373
29406562
29412020
29415526
29417445
29417469
29422289
29424771
29426027
29427291
29428922
29429745
29430147
29430697
29434336
29436644
29436651
29436668
29436682
29436699
29439485
29449125
29449231
29449279
29449415
29450633
29450664
29453580
29453856
29457069
29457526
29457533
29460779
29463015
29463060
29465392
29467631
29469079
29470365
29470860
29471096
29471133
29472307
29472383
29478897
29481378
29482863
30028777
3023290059166
3023290066027
3023290080689
3023290400784
3023290453971
3023290470855
3023299624051
3029330001027
3040709305355
3045320073577
3045320090031
3046920021104
3052910051624
3057640537448
3068320128306
3073781057676
3076820004181
3090291389462
3168930008958
3173287403165
3181232153102
3228021950280
3228023180159
3250391006618
3254474009336
3254474027101
3256549999955
3256930103817
3258831008604
3263851449313
3263853196390
3270162000447
3273221115922
3273227080248
3277390000409
3284230004268
3284230011990
3327271707863
3329770059450
3329770079076
3360100170100
3360100180109
3360100280106
3360100370104
3360100440104
3360100590014
3360101480109
3360101870108
3360102020014
3360102120011
3360102200010
3374270040453
3387390336306
3415582300924
3415587565021
3421371522446
3451790887260
3495566050946
3495566827654
3502110009760
3583788386674
3608393167491
3608580005483
3608580015857
3608580017936
3608580025207
3608580123309
3608580794028
3608580796664
3662051003859
3664346322140
3664346330435
3700214619261
3760047379183
3760077150219
3760192497527
3770018078694
3800000602214
3800020472286
3800020472576
3800081480077
3800229511892
3800740023249
3835760006446
39451767
4000177019597
4000177031834
4000345046134
4000349500403
4000349860064
4000415007706
4000539140341
4000539222108
4000539280108
4000539672408
4000856090831
4000980291913
4001686726181
4001724008743
4001724043225
4001724043256
4001724819806
4002359014826
4002359015410
4002359019364
4002359019920
4002359040184
4002359634420
4004199103425
40045382
40047744
4005097401248
4005975086123
4006040106111
4007415025044
4008355034448
4008577088342
4009900015363
4009900525909
4009900531948
4009900534468
4009900534918
4009900545907
4009900580014
4010198023244
4010198030556
4010352652006
4011100051300
40111216
4012712997260
4014400922707
4014500515083
4017100107054
4017100283536
4018077822414
4020943008563
4025500165413
4025500173616
4025500243555
4025500251901
4025500266493
4025500276775
4025500277116
4025500278229
4025500284626
4025500287481
4025500292744
4025500293062
4025500294014
4028491401072
4030300022743
4030957561343
4040328040612
4056489000822
4056489000839
4056489007333
4056489011309
4056489035497
4056489045496
4056489046370
4056489046660
4056489047001
4056489047049
4056489047063
4056489073338
4056489073352
4056489107064
4056489107521
4056489107736
4056489111641
4056489111931
4056489119425
4056489125914
4056489128250
4056489128700
4056489129301
4056489134688
4056489136088
4056489147893
4056489149026
4056489149385
4056489160182
4056489160335
4056489168881
4056489173298
4056489173342
4056489174165
4056489174714
4056489175681
4056489208471
4056489221968
4056489222248
4056489223504
4056489227373
4056489227540
4056489234180
4056489238546
4056489240235
4056489241416
4056489241430
4056489241621
4056489244127
4056489264675
4056489264873
4056489264880
4056489264996
4056489267331
4056489268758
4056489270461
4056489277415
4056489296201
4056489296317
4056489296485
4056489296539
4056489296867
4056489307334
4056489307860
4056489307877
4056489308577
4056489325000
4056489340652
4056489341147
4056489346258
4056489353362
4056489354376
4056489368984
4056489373971
4056489375814
4056489377764
4056489378266
4056489383864
4056489389699
4056489406914
4056489422716
4056489422723
4056489436454
4056489437055
4056489438380
4056489440062
4056489451723
4056489458661
4056489462064
4056489462071
4056489462149
4056489462255
4056489462354
4056489480044
4056489481256
4056489486060
4056489517986
4056489518334
4056489519836
4056489519911
4056489538530
4056489555469
4056489555520
4056489555889
4056489557395
4056489559504
4056489567158
4056489570509
4056489594161
4056489594253
4056489594963
4056489595687
4056489595748
4056489611295
4056489616498
4056489621843
4056489625926
4056489648499
4056489648826
4056489649533
4056489668213
4056489668671
4056489697985
4056489706045
4056489710004
4056489710080
4056489710417
4056489711247
4056489711476
4056489711650
4056489711919
4056489723028
4056489744016
4056489746591
4056489755661
4056489756644
4056489757603
4056489758587
4056489774891
4056489787594
4056489794714
4056489805175
4056489814863
4056489817673
4056489823612
4056489823896
4056489823988
4056489824398
4056489825050
4056489833536
4056489841227
4056489848486
4056489850816
4056489850892
4056489851042
4056489852698
4056489852865
4056489853664
4056489865186
4056489865193
4056489881933
4056489888338
4056489894407
4056489894629
4056489894995
4056489895527
4056489895626
4056489896234
4056489896920
4056489897330
4056489899570
4056489900719
4056489900986
4056489901358
4056489901518
4056489902447
4056489902454
4056489902508
4056489903048
4056489903093
4056489903581
4056489903604
4056489904304
4056489905028
4056489917922
4056489928508
4056489932260
4056489932284
4056489940098
4056489940104
4056489984849
4059373600122
4059667714801
4060800134592
4060800303844
4060800304322
4060800304827
4060800308207
4060800309112
4060800309167
4060800309525
4061458000420
4061458032445
4061459011647
4061459112443
4061459128642
4061459145953
4061459226638
4061459231311
4061459247909
4061459256352
4061459258042
4061459258066
4061459303698
4061459337686
4061459386615
4061459410839
4061459436792
4061459443257
4061459569469
4061459580907
4061459624663
4061459695113
4061459717327
4061459746266
4061459764390
4061459775211
4061459778236
4061459784831
4061459789294
4061459794205
4061459834246
4061459841046
4061459907575
4061459983807
4061459988222
4061459992762
4061459997026
4061461027735
4061461028367
4061461119034
4061461119256
4061461141424
4061461141516
4061461164041
4061461239435
4061461270841
4061461287320
4061461291303
4061461291310
4061461311087
4061461336615
4061461378059
4061461407315
4061461412517
4061461426392
4061461442903
4061461587130
4061461677091
4061461743987
4061461802592
4061461828332
4061461845858
4061461883676
4061461937706
4061461955137
4061461982157
4061461997069
4061461999490
4061462009426
4061462010392
4061462037559
4061462076657
4061462079542
4061462091544
4061462091582
4061462117565
4061462143915
4061462144011
4061462154072
4061462190100
4061462194610
4061462211492
4061462225000
4061462273308
4061462288685
4061462331534
4061462480539
4061462528897
4061462529252
4061462555947
4061462571565
4061462605345
4061462677830
4061462753008
4061462763458
4061462770166
4061462843297
4061462985300
4061463068880
4061463266392
4061463358257
4061463374172
4061463396488
4061463561190
4061463585981
4061463616241
4061463616319
4061463657923
4061463657947
4061463676696
4061463716811
4061463720030
4061463766588
4061463849670
4061463861962
4061463938039
4061463949554
4061463960405
4061463977779
4061464251700
4061464340596
4061464431454
4061464462328
4061464462434
4061464541009
4061464664432
4061464687820
4061464696778
4061464749030
4061464769656
4061464774797
4061464799592
4061464862937
4061464952539
4061464972810
4062139015221
4062139015283
4062139018321
4062139019502
4062300013919
4062300018938
4062300400535
4062300426368
4066447477191
4068706147241
4069365111598
4069365155714
4069365265338
4081344036838
40873442
4087344392530
4087344492629
40874227
40874319
40875477
4088600001135
4088600007267
4088600007274
4088600008103
4088600010212
4088600010403
4088600010465
4088600011820
4088600012704
4088600014692
4088600014722
4088600014838
4088600016580
4088600019772
4088600020341
4088600023861
4088600027425
4088600028538
4088600029030
4088600030340
4088600030418
4088600031422
4088600032269
4088600035192
4088600038025
4088600039107
4088600039213
4088600039916
4088600040219
4088600040776
4088600041193
4088600041223
4088600044668
4088600046495
4088600047546
4088600048260
4088600049106
4088600049113
4088600050898
4088600050904
4088600052755
4088600053172
4088600055510
4088600058337
4088600059716
4088600062785
4088600063522
4088600064963
4088600067629
4088600068602
4088600068657
4088600070162
4088600070230
4088600072425
4088600074009
4088600075006
4088600077611
4088600077628
4088600079332
4088600079813
4088600084275
4088600084442
4088600091501
4088600092256
4088600096391
4088600099606
4088600101286
4088600104812
4088600107363
4088600107721
4088600108483
4088600110417
4088600113470
4088600113494
4088600113708
4088600115382
4088600123837
4088600124766
4088600125121
4088600125275
4088600128696
4088600135304
4088600135397
4088600136264
4088600137674
4088600143958
4088600145075
4088600146454
4088600147772
4088600148175
4088600148717
4088600149370
4088600154367
4088600155791
4088600155814
4088600157498
4088600159225
4088600159935
4088600161730
4088600163079
4088600163109
4088600165936
4088600165974
4088600167152
4088600167169
4088600172309
4088600172316
4088600176536
4088600177250
4088600180335
4088600180359
4088600183541
4088600186337
4088600187112
4088600187167
4088600189345
4088600190723
4088600198972
4088600199252
4088600205335
4088600206448
4088600209838
4088600209951
4088600212715
4088600216157
4088600216225
4088600220284
4088600222691
4088600222776
4088600222875
4088600227986
4088600238524
4088600240282
4088600241395
4088600243610
4088600243900
4088600245256
4088600245911
4088600245935
4088600245980
4088600247366
4088600247977
4088600248776
4088600248868
4088600249209
4088600252667
4088600253329
4088600253978
4088600255453
4088600255910
4088600257426
4088600260365
4088600260426
4088600261362
4088600263458
4088600263892
4088600264325
4088600264332
4088600265643
4088600266565
4088600268996
4088600272481
4088600274157
4088600274225
4088600275338
4088600275840
4088600278599
4088600280202
4088600280660
4088600282534
4088600286464
4088600286662
4088600287171
4088600293608
4088600296418
4088600298818
4088600298825
4088600299198
4088600300276
4088600301198
4088600301471
4088600302577
4088600302584
4088600308357
4088600309057
4088600309668
4088600311098
4088600311104
4088600313252
4088600313382
4088600313641
4088600314389
4088600316086
4088600321240
4088600325767
4088600329864
4088600334790
4088600342924
4088600343372
4088600346939
4088600352169
4088600352176
4088600352466
4088600361949
4088600362441
4088600369211
4088600370576
4088600373836
4088600373843
4088600381756
4088600386126
4088600387765
4088600389219
4088600389974
4088600397467
4088600398747
4088600402413
4088600402956
4088600404516
4088600407401
4088600407425
4088600407609
4088600407807
4088600407821
4088600411439
4088600412504
4088600415840
4088600415918
4088600416434
4088600417004
4088600417660
4088600419718
4088600419831
4088600419855
4088600422091
4088600426648
4088600427287
4088600427911
4088600427997
4088600428666
4088600433493
4088600434094
4088600436869
4088600438078
4088600439198
4088600439907
4088600440217
4088600441108
4088600442037
4088600444666
4088600446158
4088600457420
4088600457956
4088600460369
4088600461229
4088600463186
4088600464886
4088600468518
4088600473321
4088600473659
4088600476117
4088600480183
4088600492650
4088600499376
4088600507118
4088600509907
4088600510699
4088600516615
4088600518220
4088600520674
4088600520827
4088600522470
4088600522579
4088600522630
4088600523750
4088600528656
4088600529318
4088600530512
4088600531144
4088600537467
4088600541730
4088600544861
4088600545844
4088600548333
4088600548722
4088600548920
4088600550930
4088600552774
4088600554334
4088600554952
4088600555225
4088600555898
4088600556291
4088600559315
4088600559827
4088600560106
4088600561042
4088600561189
4088600561745
4088600562056
4088600562315
4088600562537
4088600563985
4088600564111
4088600564661
4088600564975
4088600565859
4088600569239
4088600569383
4088600569406
4088600570242
4088600570341
4088600570648
4088600571089
4088600571478
4088600571928
4088600571942
4088600573007
4088600573106
4088600574257
4088600575025
4088600575032
4088600576121
4088600856858
4099200033518
4100060033713
4100290026097
4101430005163
42000914
42358367
4250402400335
4251032605022
4251097406770
4251097411699
4251097416298
4251097419282
4260133230255
4260334140148
4260551290527
4305615615653
4311501457740
4334035170510
4335619018617
4335619027367
4335619036413
4335619040984
4335619041455
4335619061873
4335619070592
4335619071339
4335619071407
4335619072800
4335619072930
4335619094024
4335619109827
4335619110502
4335619121942
4335619122598
4335619122772
4335619126022
4335619151246
4335619153905
4335619180765
4335619180901
4335619182646
4335619183308
4335619272163
4335619272415
4335619273245
4335619312029
4335619314207
4337256147194
4337256542647
4337256780520
44642730
44642785
4568367701023
4711162821803
4715409919094
4715409919698
4740029047018
4745010479038
4750001330977
4750007000249
4750020020200
4750020020224
4750020042448
4770149214571
4770149216766
4770149216872
4770265044014
4770583216995
4778600021102
4779024792364
4779028345740
4792024009331
4800016643095
4809016216032
4820006534752
4820179258523
4823077621000
4823096429687
4870208439201
4891028711391
4894514100624
4897058441604
4902674200822
4970077163563
4971128105716
5000108030614
5000108033271
5000108133384
5000108178378
5000108199007
5000108281061
5000111018005
5000111046862
5000112575071
5000112606386
5000112630633
5000112633979
5000112644890
5000112648768
5000112658668
5000112668629
5000112673739
5000112674866
5000112684339
5000116102044
5000116102693
5000116109234
5000116111732
5000116111749
5000116111824
5000116112074
5000116124633
5000116124664
5000116125579
5000116126903
5000116127788
5000116127801
5000116129072
5000118202490
5000118203534
5000119089731
5000119102263
5000119309204
5000128008792
5000128027298
5000128180511
5000128310444
5000128413800
5000128519199
5000128581783
5000128582575
5000128584586
5000128587044
5000128590921
5000128591683
5000128595056
5000128596077
5000128597371
5000128597586
5000128599450
5000128601979
5000128612708
5000128612906
5000128625975
5000128630412
5000128630900
5000128632416
5000128648738
5000128651653
5000128651691
5000128657723
5000128661072
5000128663557
5000128667586
5000128668781
5000128683272
5000128684460
5000128687119
5000128690423
5000128693455
5000128706995
5000128707404
5000128708081
5000128711449
5000128711463
5000128711647
5000128714891
5000128723220
5000128729475
5000128738248
5000128742887
5000128742924
5000128742979
5000128745574
5000128749336
5000128750431
5000128758482
5000128766586
5000128766920
5000128769433
5000128770897
5000128776905
5000128779784
5000128782357
5000128785549
5000128795562
5000128795838
5000128795944
5000128796996
5000128797986
5000128800709
5000128803472
5000128807302
5000128816540
5000128822510
5000128824392
5000128825573
5000128841078
5000128841566
5000128843966
5000128861083
5000128862745
5000128891189
5000128895767
5000128907163
5000128907613
5000128920384
5000128925099
5000128926164
5000128940870
5000128943758
5000128943772
5000128948548
5000128955874
5000128956130
5000128966481
5000128967686
5000128968010
5000128968478
5000128969291
5000128974899
5000128979641
5000128984102
5000128986069
5000128990028
5000128990530
5000128994316
5000128995504
5000128995573
5000129283990
5000129290554
5000129294064
5000129294187
5000129299489
5000129300536
5000129300963
5000129302905
5000129308693
5000129309928
5000129315950
5000129315967
5000129316100
5000129316186
5000129316285
5000129318845
5000129322958
5000129323986
5000129328165
5000129329001
5000129329087
5000129329308
5000129331011
5000129338348
5000129338546
5000129339208
5000129340549
5000129340617
5000129344158
5000129344691
5000129347449
5000129347753
5000129348736
5000129348873
5000129351712
5000129353112
5000129356526
5000129357349
5000129357417
5000129360257
5000129362930
5000129363111
5000129365689
5000129372335
5000129372588
5000129372670
5000129380361
5000129380910
5000129385625
5000137487908
5000147026753
5000157004000
5000157007391
5000157024909
5000157072641
5000157074409
5000157074591
5000157079619
5000157140166
5000157144324
5000157144539
5000157145246
5000157146212
5000157147301
5000157149121
5000157150028
5000157152589
5000157154019
5000157154361
5000157156686
5000157158109
5000159031103
5000159314572
5000159393928
5000159451000
5000159460927
5000159470292
5000159490573
5000159501460
5000159508377
5000159516297
5000159528764
5000159530774
5000159533072
5000159533096
5000159536394
5000159536615
5000159537964
5000159543910
5000159549493
5000159551281
5000159567374
5000159570640
5000159572064
5000165033757
5000168000657
5000168001135
5000168005737
5000168006963
5000168007052
5000168008509
5000168022499
5000168023557
5000168027791
5000168027838
5000168034256
5000168034324
5000168039770
5000168040424
5000168040806
5000168041230
5000168041506
5000168041650
5000168076218
5000168170961
5000168181639
5000168200781
5000168201092
5000168207674
5000168214559
5000168215792
5000168440910
5000169001141
5000169009963
5000169012628
5000169013328
5000169014295
5000169014998
5000169015278
5000169015643
5000169015698
5000169017333
5000169023471
5000169025345
5000169025383
5000169025550
5000169037614
5000169037706
5000169037881
5000169038161
5000169039458
5000169040836
5000169044049
5000169045688
5000169047842
5000169049099
5000169054680
5000169055168
5000169058848
5000169059012
5000169059111
5000169059159
5000169061794
5000169063972
5000169064047
5000169073117
5000169073186
5000169078549
5000169079997
5000169081792
5000169081914
5000169084076
5000169085639
5000169086506
5000169088210
5000169088845
5000169090350
5000169094044
5000169101636
5000169107317
5000169107829
5000169114933
5000169114957
5000169116326
5000169122556
5000169124574
5000169127568
5000169129821
5000169130285
5000169133705
5000169134610
5000169135235
5000169138014
5000169138229
5000169145289
5000169153253
5000169153307
5000169172483
5000169173442
5000169177273
5000169177280
5000169182284
5000169182307
5000169184493
5000169187333
5000169202111
5000169202821
5000169206775
5000169209554
5000169220917
5000169223888
5000169225356
5000169226261
5000169226315
5000169232750
5000169242629
5000169245330
5000169245750
5000169247792
5000169251140
5000169253915
5000169258156
5000169259894
5000169263556
5000169268155
5000169269787
5000169295779
5000169301685
5000169304136
5000169328705
5000169331033
5000169342527
5000169342695
5000169351277
5000169356678
5000169356784
5000169357613
5000169360545
5000169363546
5000169365717
5000169373637
5000169374993
5000169376096
5000169376195
5000169376294
5000169377147
5000169377796
5000169377819
5000169382806
5000169387023
5000169389393
5000169409107
5000169428306
5000169467350
5000169489659
5000169494127
5000169495421
5000169499689
5000169515020
5000169515181
5000169522479
5000169525159
5000169525234
5000169526835
5000169529850
5000169531822
5000169532355
5000169533871
5000169534281
5000169538890
5000169546475
5000169547656
5000169548653
5000169548806
5000169552162
5000169560761
5000169561171
5000169561188
5000169561201
5000169561577
5000169565445
5000169565865
5000169566640
5000169567128
5000169567135
5000169567753
5000169569733
5000169569740
5000169576144
5000169578193
5000169578759
5000169579800
5000169580707
5000169582213
5000169585139
5000169585757
5000169585894
5000169592472
5000169595237
5000169599556
5000169599655
5000169601822
5000169602133
5000169602157
5000169603093
5000169603703
5000169605820
5000169607275
5000169608180
5000169608388
5000169608395
5000169611838
5000169612361
5000169614723
5000169616482
5000169617328
5000169619766
5000169623510
5000169623534
5000169623886
5000169624531
5000169631744
5000169633526
5000169634363
5000169634882
5000169634905
5000169635186
5000169635858
5000169636404
5000169640210
5000169643983
5000169643990
5000169646229
5000169647141
5000169647790
5000169651551
5000169652787
5000169654460
5000169654514
5000169655078
5000169656679
5000169658987
5000169661970
5000169662205
5000169662427
5000169663370
5000169663653
5000169663776
5000169664070
5000169666784
5000169668344
5000169668375
5000169669617
5000169669747
5000169669792
5000169669921
5000169670002
5000169670514
5000169671122
5000169671399
5000169671481
5000169671849
5000169671900
5000169671924
5000169671931
5000169673096
5000169676264
5000169677995
5000169765722
5000169792360
5000169870624
5000169940525
5000169959756
5000169966129
5000171010421
5000171034014
5000171051981
5000171053367
5000171055026
5000171055910
5000171057822
5000171057853
5000171059734
5000171060136
5000171060501
5000171060747
5000171060983
5000171061584
5000171061607
5000171061737
5000175409344
5000177467229
5000177477082
5000183038031
5000187155123
5000189602021
5000193940966
5000197153898
5000197153942
5000205035093
5000205039558
5000205046419
5000205047614
5000205047942
5000205048628
5000208009473
5000208025459
5000208058761
5000213027356
5000221004585
5000221004769
5000221501053
5000221505228
5000221606703
5000221607434
5000221607977
5000221608943
5000221608950
5000221608998
5000221609407
5000225005069
5000225012227
5000225013071
5000225018090
5000225018106
5000225018816
5000225026156
5000225026613
5000225027030
5000225031303
5000225031556
5000225044686
5000225048646
5000225050212
5000225054975
5000225055002
5000225057730
5000225066022
5000227000659
5000227001298
5000227001618
5000227001793
5000227510813
5000227991148
5000227991667
5000232001689
5000232004512
5000232005212
5000232007049
5000232024022
5000232029546
5000232031983
5000232203403
5000232414809
5000232874658
5000232877734
5000232878410
5000232879363
5000232900722
5000234050067
5000234050852
5000234052351
5000234052658
5000234053327
5000234054225
5000234055369
5000237089033
5000237120149
5000237123348
5000237124772
5000237127025
5000237128237
5000237128244
5000237131077
5000237131473
5000237134023
5000237136867
5000237136881
5000237136928
5000237138403
5000237138465
5000237138564
5000237139561
5000237202340
5000237202432
5000237202517
5000237207000
5000237207161
5000237207444
5000242111620
5000242451528
5000246727834
5000246729685
5000254021245
5000255001178
5000256015112
5000256050618
5000289929417
5000295151031
5000299618240
5000306004233
5000316000256
5000316000683
5000316000867
5000316001208
5000316001277
5000316001284
5000326012041
5000328013275
5000328014128
5000328014845
5000328014951
5000328015286
5000328016467
5000328017716
5000328017747
5000328019123
5000328019154
5000328019253
5000328022673
5000328022765
5000328026138
5000328027098
5000328027760
5000328027807
5000328027838
5000328036175
5000328036410
5000328036588
5000328037028
5000328037059
5000328037110
5000328037608
5000328039169
5000328107462
5000328196237
5000328197364
5000328206998
5000328210438
5000328222486
5000328249087
5000328257747
5000328263038
5000328312736
5000328316666
5000328328812
5000328334271
5000328376080
5000328376325
5000328452579
5000328529233
5000328555584
5000328760810
5000328768342
5000328839400
5000342002842
5000354156106
5000354160912
5000354201547
5000354700194
5000354770050
5000354903762
5000354904790
5000354905452
5000354906015
5000354906022
5000354909108
5000354909245
5000354909948
5000354911095
5000354912719
5000354914416
5000354914492
5000354915550
5000354915611
5000354916090
5000354916601
5000354917370
5000354918933
5000354919152
5000354919329
5000354919596
5000354919916
5000354919930
5000354921926
5000354922220
5000354923623
5000354923906
5000354924873
5000354925115
5000354925481
5000354925870
5000354925986
5000354926471
5000354927270
5000354928284
5000354928352
5000354929601
5000358229059
5000358682106
5000358939484
5000358962239
5000362000187
5000362002884
5000362400192
5000382018438
5000382029816
5000382034919
5000382036982
5000382102458
5000382109372
5000382111320
5000382114246
5000382115007
5000382123767
5000387905504
5000396054514
5000436144007
5000436441557
5000436616467
5000436777588
5000462001022
5000462121027
5000462290518
5000462324718
5000462577596
5000462822436
5000462822450
5000462822474
50019984
50020720
50020881
5008412211019
5009995359983
5010003065666
5010003066953
5010026515667
5010026515933
5010026517999
5010026519078
5010026520173
5010026520777
5010029217872
5010029219289
5010029228304
5010029231663
5010034011434
5010034011519
5010034011526
5010034011564
5010034011595
5010034013827
5010034014145
5010034014251
5010034514300
5010035001427
5010035066525
5010035067409
5010044008318
5010044010038
5010052112731
5010052112755
5010052113097
5010052113127
5010052115091
5010052115671
5010061001637
5010067300857
5010067306019
5010067306033
5010067347500
5010069648148
5010069793381
5010084309444
5010084702399
5010084902669
5010084904861
5010102003422
5010102003804
5010102106918
5010102113497
5010102119819
5010102242067
5010102243125
5010102244474
5010102344204
5010115802852
5010115809363
5010115924769
5010115926831
5010115927159
5010115960675
5010118317841
5010148111075
5010153771622
5010153872718
5010204352428
5010204374147
5010204438009
5010204540351
5010204816814
5010223000508
5010225000674
5010228002286
5010228006635
5010228007564
5010228078014
5010236102121
5010236157817
5010238020546
5010238022564
5010238022625
5010238022847
5010238023028
5010251145066
5010251217626
5010251217633
5010251413400
5010251425878
5010251427353
5010251433644
5010251436010
5010251450429
5010251450436
5010251450443
5010251458968
5010251460305
5010251460510
5010251460640
5010251462804
5010251476689
5010251504702
5010251507765
5010251508502
5010251519614
5010251521495
5010251523765
5010251524175
5010251525509
5010251526070
5010251535263
5010251537519
5010251541233
5010251551737
5010251552512
5010251554011
5010251554615
5010251554745
5010251555339
5010251555933
5010251556237
5010251558866
5010251569435
5010251569732
5010251581017
5010251581079
5010251587804
5010251588931
5010251589341
5010251590439
5010251592846
5010251595410
5010251595465
5010251595892
5010251596936
5010251598428
5010251601883
5010251602842
5010251603917
5010251604792
5010251605508
5010251614739
5010251618867
5010251621386
5010251628965
5010251634096
5010251672081
5010251672845
5010251689621
5010251694618
5010251702931
5010251707295
5010251713401
5010251714651
5010251716600
5010251716624
5010251718697
5010251719786
5010251724476
5010251731146
5010251733003
5010251733157
5010251733409
5010251733539
5010251736769
5010251737650
5010251738855
5010251746539
5010251756163
5010251756866
5010251756941
5010251757351
5010251758594
5010251764434
5010251765059
5010251765066
5010251767152
5010251767503
5010251772811
5010251775195
5010251776178
5010251778530
5010251779506
5010251795278
5010251795285
5010251795476
5010251795506
5010251803713
5010251830054
5010251830436
5010251834472
5010251838944
5010251840794
5010251844853
5010251864219
5010251878476
5010251878520
5010251890553
5010251890577
5010251903031
5010251908012
5010251916215
5010251919810
5010251925538
5010251928522
5010251929314
5010251930914
5010251931034
5010251943891
5010251952763
5010251952985
5010251953043
5010251953258
5010251953302
5010251953319
5010251958079
5010251958147
5010251980407
5010251985952
5010265002072
5010282012498
5010292933486
5010292954177
5010292962271
5010292963391
5010292965135
5010292965425
5010292965821
5010292966569
5010292966828
5010292967238
5010292967580
5010292970283
5010292972522
5010292972843
5010338000110
5010338016081
5010338103262
5010338200145
5010338202132
5010338223588
5010338301255
5010338301323
5010338301675
5010338301767
5010338404611
5010338404765
5010338404826
5010358275314
5010358276007
5010358276168
5010412867578
5010421074455
5010431601658
5010438015045
5010438018916
5010438020544
5010438020599
5010438021824
5010477337757
5010477363831
5010477364739
5010477368935
5010478072084
5010478210059
5010478210882
5010478224414
5010478250451
5010478355811
5010478521179
5010478591400
5010478721616
5010478748231
5010478781405
5010478847125
5010482044770
5010482124045
5010482148218
5010482170318
5010482176846
5010482184766
5010482187545
5010482189587
5010482240004
5010482267803
5010482282110
5010482328009
5010482368487
5010482368494
5010482373504
5010482373573
5010482378202
5010482409982
5010482557652
5010482568375
5010482591892
5010482607029
5010482616427
5010482662158
5010482663360
5010482665968
5010482685591
5010482773311
5010482793043
5010482797348
5010482809683
5010482812768
5010482812775
5010482817060
5010482817084
5010482831608
5010482836719
5010482836733
5010482870799
5010482870805
5010482874582
5010482874605
5010482875282
5010482903114
5010482912635
5010482915650
5010482922245
5010482923785
5010482925130
5010482925673
5010482925697
5010482944049
5010482948801
5010482949587
5010482951931
5010482954710
5010487346039
50105090
5010511477029
5010511478835
5010511479726
5010511480142
5010525005713
5010525013091
5010525013145
5010525016375
5010525017716
5010525017723
5010525020389
5010525048697
5010525050140
5010525050478
5010525050720
5010525051390
5010525055749
5010525058115
5010525059013
5010525059150
5010525062426
5010525063591
5010525066363
5010525077086
5010525078465
5010525078823
5010525086279
5010525086354
5010525087573
5010525091402
5010525091464
5010525092249
5010525092362
5010525093697
5010525094571
5010525095820
5010525116136
5010525116143
5010525116150
5010525125442
5010525125763
5010525130514
5010525135465
5010525136813
5010525143576
5010525151885
5010525152592
5010525153469
5010525154732
5010525160030
5010525163123
5010525163161
5010525166575
5010525170497
5010525181264
5010525182803
5010525183480
5010525187624
5010525201733
5010525202174
5010525202358
5010525202402
5010525203317
5010525203386
5010525207483
5010525207698
5010525207766
5010525208688
5010525208695
5010525209647
5010525216775
5010525220024
5010525220215
5010525220277
5010525220574
5010525220673
5010525223070
5010525225647
5010525232393
5010525232492
5010525235035
5010525235172
5010525235202
5010525235646
5010525240190
5010525244228
5010525246994
5010525247632
5010525249056
5010525249414
5010525249469
5010525257600
5010525258706
5010525263199
5010525263632
5010525272467
5010525274898
5010525278179
5010525278223
5010525281353
5010525281933
5010525281940
5010525282060
5010525288352
5010525292175
5010525299969
5010525314037
5010525319247
5010525319261
5010525320663
5010525320694
5010525353395
5010525355474
5010525358048
5010525363721
5010525381596
5010525385334
5010525399775
5010525404226
5010525404233
5010525407975
5010548002171
5010578003025
5010578003049
5010578003094
5010578003100
5010578003148
5010578008075
5010578009065
5010622017978
5010651003515
5010652985469
5010663250754
5010663817797
5010663818145
5010718211211
5010718228011
5010718317517
5010718417415
5010745053792
50107452
5010775203099
5010775203884
5010775203921
5010775204805
5010793381977
5010801005000
5010822990408
5011003000046
5011005056485
5011032670777
5011037611119
5011053021664
5011053023637
5011059001875
5011069162269
5011069163815
5011157993829
5011157996912
5011157996974
5011157997308
5011157997322
5011157997872
5011166054559
5011259043118
5011308303255
5011308550277
5011348022871
5011357000433
5011371204008
5011376002548
5011563004027
5011579450078
5011579450795
5011673400610
5011673400825
5011673400863
5011673620131
5011766010719
5011766300520
5011766778039
5011766778138
5011785013753
5011785013760
5011788009128
5011835101225
5011835102772
5011866101690
5011898002125
5011898003016
5011898005119
5012035928124
5012035951542
5012035955083
5012035958626
5012035959371
5012035962180
5012035962401
5012035963392
5012035964719
5012035964801
5012035966393
5012035966980
5012035971397
5012035971915
5012035972646
5012035985172
5012035986667
5012035997625
5012035998394
5012035998622
5012058010042
5012121002899
5012159035067
5012159038105
5012262010630
5012362001064
5012389002501
5012389670588
5012389673725
5012427005709
5012427094901
5012427277700
5012427309708
5012427625402
5012427690202
5012547005849
50126002
5012818193848
5012836131105
5012836755714
5012845205583
5013092002932
5013092009764
5013375108320
5013427019062
5013531997416
5013635101917
5013635410989
5013635755202
5013665101550
5013665103004
5013665112297
5013665114031
5013665116516
5013665117674
5013803001094
5013803105532
5013803106188
5014044006350
5014067446607
5014213001711
5014213711719
5014276600012
5014276706721
5014276840036
5014284056252
5014379010053
5014379012866
5014379014457
5014379015591
5014379025200
5014379025217
5014491582971
5014653021010
5014908008346
5014908008421
5015093180329
5015093786842
5015167008153
5015285000022
5015285811734
5015326937638
5015552555132
50157303
5015819200102
5015821140748
5015821142339
5015821161033
5016049086238
5016157077883
5016236034226
5016316012380
5016316040673
5016346510900
5016451062103
5016451232575
5016451322405
5016451413035
5016451512929
5016451882305
5016599010493
5016599010622
5016765102540
5016805000584
5016805003158
5016805010309
5016805011559
5016845004801
50168774
5016944018617
5017079000829
50171316
5017174046470
5017174924150
5017375067335
5017397001980
5017397002338
5017397002512
5017601014119
5017601014157
5017601016595
5017601018117
5017601027157
5017601030492
5017601034070
5017601034391
5017601039518
5017601039532
5017601040071
5017601042204
5017601046677
5017601047971
5017601050711
5017601052814
5017764000752
5017764001841
5017764003678
5017764003715
5017764112134
5017764417000
5017764430085
5017838815183
5017838821351
5017838822945
5017840005299
5018076100185
5018076101212
5018076200397
5018095001104
5018095185798
5018297011673
5018297012236
50183319
5018357003815
5018357009299
5018357011919
5018374026880
5018374118950
5018374175182
5018374207944
5018374287557
5018374567154
5018374572981
5018605785159
50187560
5018811000381
5018811000978
5018811999913
5019087040606
5019101305872
5019124056058
5019180061959
5019312081183
5019312083521
5019312083651
5019312089615
5019378003112
5019402500778
5019432446930
5019503000955
5019503009644
5019503031409
5019503036947
5019503041866
5019503045727
5019503046779
5019547001116
5019605002697
5019827000846
5019827199915
5019871202531
5019998000553
5020379136341
5020379137225
5020379150736
5020379154727
5020379159937
5020379173520
5020379174572
5020379175951
5020379178464
5020379179874
5020431815863
5020580012489
5020580014865
5020580019792
5020580022808
5020580032944
5020580033026
5020580198251
5020580400156
5020580555566
5020580559762
5020934000117
5020934007031
5021185402958
5021254900682
5021254902747
5021254908879
5021265221301
5021265222902
5021427912207
5021537000016
5021546482605
5021554001652
5021554005513
5021554005681
5021554980056
5021554986331
5021554987949
5021554988878
5021638001868
5021638100714
5021638111451
5021698100280
5021991200021
5021991939969
5021991943973
5022030000831
5022032122739
5022235003071
5022313000107
5022313000312
5022313000695
5022313136967
5022313211817
5022313269054
5022313318677
5022374048711
5022374054682
5022374057584
5022374058581
5022374059311
5022452002482
5022463451064
5022824240047
5023705813480
5023751002340
5024121326424
5024121347412
5024121483110
5024121484117
5024121497216
5024121890307
5024143000012
50242047
5024255000948
5024333996897
5024373061036
5024448524206
5024448548509
5024448552520
5024593000723
5024593000860
50251179
50251414
5025165301040
5025251012805
5025324006168
5025820005368
5025820006563
5025820007027
5025840001814
5025840005980
5025840006758
5025960003316
5026018000271
5026109003280
5026109007363
5026109010066
5026489470306
5026489477503
5026489480749
5026489507132
5027017267252
5027017267351
5027255000260
5027255078702
5027324001631
5027324003833
5027733000874
5027738013602
5027738020204
5027738101118
5027748000890
5027808044017
5027882940403
5027952005902
5027952013471
5027952015895
5028030001304
5028184200202
5028482103809
5028772021004
5028869060558
5028931006576
5029106000337
5029106004298
5029210000698
5029210001060
5029212001464
5029212500523
5029223001750
5029223011506
5029223011667
5029223011681
5029223013210
5029223013296
5029223013333
5029396003230
5029396212359
5029396739078
5029578001085
5029617002448
5029788168103
5029788203385
5029788602195
5029872021284
5029872023929
50300860
5030101022248
5030101031783
5030101031905
5030131006300
5030131006331
5030343837884
5030563000457
5030755001484
5030756006297
5030765038791
5031021125576
5031021195418
5031021681317
5031021695543
5031153331890
5031396073878
5031396074158
5031431180004
50314904
5032015001913
5032439100254
5032457710879
5032457710992
5032543001393
5032558000381
5032558003092
5032678011274
5032722301139
5032722302235
5032722302990
5032722305984
5032722307018
5032722312227
5032722315808
5032722315976
5032722316256
5032722317789
5032722318908
5032722319400
5032722600164
5032952200141
5033126000130
5033665210168
5033665214043
5033665214203
5033665214647
5033665214722
5033742000606
5034033000824
5034210140046
5034210210145
5034210523047
5034467000834
5034654643813
5034660021421
5034660021667
5034660022220
5034660521495
5034865309225
5034865401110
5034865401219
5035139213651
5035139218526
5035139219387
5035230100010
5035272145277
5035272202741
5035272934277
5035272936714
5035272960016
5035540100366
5035766048770
5035766050001
5035766050056
5035766062950
5036034406407
5036040143136
5036259000190
5036259000398
5036364743739
5036589200017
5036589201663
5036589255154
5036589257554
5036601666685
5036601752654
5036820001403
5036820001717
5036829150898
5037682772012
5038512005010
5038512005102
5038862001519
5038862004046
5038862005159
5038862005616
5038862012898
5038862130707
5038862636520
5038961001205
5038961002066
5039303000818
5039303005417
5039303006384
5039303007244
5039378000157
5039378003998
5039378004063
5039378004834
5039378004971
5039378005077
50411887
5045092208335
5045093906933
5045738202369
5050028273271
5050028339298
5050083392863
5050179539639
5050179645392
5050179691276
5050402204884
5050432003501
5050469000849
5050665016453
5050665043800
5050665044104
5050665045644
5050665046481
5050665048379
5050665048942
5050665049024
5050665049123
5050665049277
5050665049994
5050854189487
5050854216794
5050854264900
5050854345999
5050854346002
5050854447327
5050854467196
5050854514166
5050854584183
5050854584244
5050854766947
5050854811647
5050854830709
5050854945946
5050854989889
5050974504559
5050974509530
5051007161923
5051007161947
5051008022070
5051140336547
5051140515768
5051140586898
5051277017050
5051277861295
5051277947432
5051399313634
5051413161708
5051413161715
5051413183120
5051413183144
5051413259054
5051413259238
5051413481783
5051413574959
5051413578223
5051413585726
5051413639566
5051413680032
5051413855355
5051413861455
5051413866764
5051413881279
5051413888094
5051413888131
5051413965924
5051469170402
5051622629198
5051622750236
5051622878572
5051622920493
5051622956027
5051622956126
5051790297953
5051790348433
5051873003334
5051873004843
5051873004898
5051873005277
5051873005819
5051873006441
5051873019885
5051898523527
5051898684945
5051898873684
5051898983109
5051898984533
5051898990787
5051927001545
5052003477445
5052004207669
5052004264020
5052004690065
5052004920421
5052109835842
5052109852849
5052109860936
5052109885397
5052109939731
5052319933895
5052319993288
5052320289240
5052320299034
5052320498598
5052320531035
5052320543052
5052320551446
5052320587841
5052320611317
5052320699032
5052320859733
5052320873920
5052320878819
5052449010541
5052449014686
5052449065688
5052449083149
5052449132731
5052449167887
5052449179705
5052449193770
5052449193992
5052449195477
5052449204704
5052449215045
5052449215335
5052449309386
5052449342000
5052449451764
5052449483222
5052449493269
5052449514193
5052449582819
5052449583250
5052449637977
5052449638004
5052449638011
5052449643350
5052449753714
5052449790955
5052449909579
5052449930467
5052675001078
5052675050205
50528936
5052898007468
5052909163756
5052909256878
5052909459248
5052909547327
5052909659792
5052909699989
5052909781059
5052909897415
5052910124449
5052910215918
5052910395696
5052910473943
5052910569370
5052910612779
5052910640123
5052910871930
5052910873354
5052910900708
5053526005788
5053526008253
5053526008291
5053526022464
5053526544447
5053526774318
5053526799717
5053526848507
5053526876012
5053526969790
5053526970413
5053826504820
5053826848641
5053827101554
5053827170062
5053827178549
5053827182959
5053827183659
5053827184687
5053827186674
5053827193894
5053827213806
5053947250873
5053947409141
5053947674495
5053947691140
5053947757426
5053947788505
5053947859328
5053990110872
5053990158331
5053990173150
5053990177899
5053990177950
5053990178407
5053990178469
5053990185917
5053990186440
5053990188246
5054070025192
5054070042335
5054070135921
5054070209035
5054070231586
5054070231593
5054070231821
5054070242933
5054070242940
5054070243121
5054070275627
5054070281628
5054070281987
5054070282342
5054070292587
5054070328354
5054070478936
5054070483633
5054070484548
5054070580691
5054070580868
5054070607053
5054070633380
5054070638101
5054070639900
5054070650646
5054070651537
5054070671726
5054070690833
5054070691137
5054070692097
5054070710692
5054070710708
5054070716311
5054070716328
5054070785508
5054070864555
5054070876404
5054070893524
5054070897799
5054070910009
5054267000162
5054267000223
5054267000469
5054267007123
5054267012936
5054267013193
5054267013377
5054267013391
5054267014220
5054267014374
5054267014527
5054267015579
5054268027847
5054268303095
5054268735131
5054268780407
5054268817011
5054268933193
5054268978620
5054269137583
5054269197914
5054269380088
5054269381788
5054269413861
5054269483659
5054269483802
5054269632477
5054269711363
5054269711745
5054269745610
5054269795912
5054269803921
5054402006097
5054402006165
5054402152534
5054402718075
5054402745132
5054402920560
5054402920997
5054775347865
5054775423903
5054775751655
5054775859344
5054781006244
5054781024859
5054781025320
5054781025757
5054781052555
5054781137115
5054781137276
5054781139898
5054781311881
5054781312789
5054781337225
5054781337294
5054781337317
5054781337430
5054781352914
5054781377467
5054781377535
5054781377603
5054781377641
5054781441557
5054781443414
5054781459132
5054781459170
5054781463290
5054781498346
5054781498636
5054781502043
5054781509769
5054781527596
5054781536055
5054781538363
5054781557340
5054781562399
5054781578703
5054781578994
5054781649984
5054781659167
5054781659181
5054781688174
5054781701002
5054781701712
5054781701729
5054781727712
5054781728436
5054781728993
5054781729624
5054781734895
5054781741251
5054781745488
5054781763628
5054781768159
5054781796602
5054781796664
5054781796695
5054781844105
5054781844839
5054781845317
5054781873396
5054781875000
5054781875437
5054781875918
5054781876038
5054781877219
5054781939023
5054781951094
5054781951803
5054781951810
5054781951889
5054781951896
5054781951902
5054781959656
5054781965091
5054781982654
5054781982753
5055014310442
5055014324999
5055014396545
5055036901697
5055036901857
5055037003802
5055159501309
5055159502795
5055365647419
5055365647860
5055365657005
5055365679670
5055365683660
5055365685633
5055476107444
5055476128050
5055476166595
5055476169473
5055496709543
5055534302927
5055534320266
5055540001593
5055540007465
5055540018607
5055540021515
5055540022314
5055540025100
5055540031675
5055540059723
5055540061221
5055540071558
5055540071572
5055566971603
5055713300225
5055713300249
5055904223289
5055904223494
5055940100599
5055945401929
5055946000510
5055950601352
5055950620421
5055950621268
5055958700255
5055958701184
5055958703270
5055958703546
5055958704307
5055958705380
5055958706660
5055959200112
5055967501577
5055967501911
5055967559523
5056025440272
5056025471368
5056053300685
5056053300708
5056053303631
5056053304836
5056053309473
5056079901149
5056079901194
5056138201487
5056150601296
5056182401284
5056182402670
5056182403592
5056185744371
5056192410672
5056215600004
5056215600790
5056238600630
5056238600708
5056297000723
5056307353269
5056307355812
5056315500204
5056315500747
5056315501249
5056344400896
5056344401169
5056344401237
5056357900857
5056357901069
5056357901748
5056357904497
5056357906316
5056357906323
5056357906774
5056357912539
5056357914236
5056357914809
5056357915110
5056357999783
5056379507225
5056484800075
5056517310991
5056517312520
5056517312995
5056517315972
5056517316306
5056517316726
5056517319697
5056517321447
5056555202623
5056555207420
5056555208229
5056569902601
5056660529141
5056711100015
5056784900000
5056784900246
5056784901151
5057008025219
5057008059573
5057008169678
5057008252141
5057008349414
5057008390935
5057008392830
5057008455269
5057008495357
5057008655577
5057008761377
5057008762985
5057008763272
5057008919747
5057008994423
50571680
5057172008759
5057172008780
5057172015276
5057172032648
5057172066599
5057172080861
5057172086122
5057172086863
5057172089895
5057172089932
5057172090143
5057172101719
5057172101986
5057172122035
5057172127030
5057172135424
5057172140695
5057172152162
5057172159406
5057172169016
5057172169603
5057172181971
5057172201723
5057172213009
5057172219186
5057172223510
5057172226016
5057172226085
5057172233908
5057172237142
5057172262342
5057172262557
5057172262618
5057172263592
5057172274659
5057172276240
5057172312870
5057172332489
5057172332502
5057172332700
5057172346684
5057172383993
5057172384020
5057172384044
5057172404636
5057172445660
5057172468201
5057172472611
5057172483747
5057172483754
5057172483778
5057172483815
5057172483877
5057172484324
5057172484478
5057172484485
5057172515844
5057172549993
5057172567461
5057172567829
5057172606153
5057172606269
5057172628414
5057172630998
5057172702848
5057172706143
5057172726073
5057172726332
5057172726523
5057172726561
5057172726714
5057172728947
5057172729425
5057172736706
5057172810789
5057172819232
5057172845231
5057172845309
5057172858194
5057172858217
5057172859481
5057172877393
5057172878895
5057172886814
5057172908622
5057172909216
5057172910175
5057172957866
5057172978946
5057172979929
5057172980871
5057172987764
5057172996582
50572984
5057373224538
5057373266538
5057373815576
5057373815637
5057373817051
5057373818331
5057373869562
5057373869647
5057373891075
5057545429174
5057545435397
5057545619155
5057545677964
5057545678107
5057545678336
5057545696385
5057545713839
5057545713877
5057545715352
5057545777435
5057545778821
5057545829912
5057545845868
5057545864067
5057545864449
5057545864500
5057545864524
5057545864586
5057545878859
5057624248740
5057624278020
5057624281891
5057624284809
5057624773075
5057624877056
5057753084080
5057753097493
5057753097516
5057753098889
5057753098902
5057753125479
5057753159054
5057753197223
5057753211035
5057753212001
5057753238582
5057753264239
5057753283964
5057753305277
5057753325442
5057753437978
5057753438289
5057753466633
5057753541590
5057753585525
5057753638313
5057753880972
5057753891725
5057753892166
5057753892302
5057753895051
5057753896744
5057753896959
5057753897536
5057753899806
5057753899974
5057753901370
5057753902162
5057753902728
5057753903916
5057753904210
5057753904753
5057753904906
5057753905156
5057753905392
5057753905606
5057753906849
5057753909123
5057753909338
5057753910655
5057753911140
5057753911638
5057753912109
5057753912260
5057753912529
5057753912642
5057753913106
5057753913472
5057753914318
5057753914561
5057753914882
5057753915032
5057753916459
5057753920272
5057753920661
5057753921057
5057753921545
5057753921835
5057753921958
5057753922429
5057753923136
5057753923167
5057753923754
5057753924652
5057753925253
5057753925307
5057753925567
5057753927059
5057753927271
5057753927615
5057753929077
5057753930448
5057753930585
5057753930875
5057753932848
5057753933760
5057753933999
5057753934118
5057753934156
5057753935252
5057753936969
5057753938222
5057753938901
5057967049042
5057967137275
5057967139460
5057967163632
5057967253807
5057967341740
5057967342068
5057967464050
5057967576531
5057967577071
5057967620746
5059319000848
5059319014814
5059321006791
5059334024355
5059334024379
5059512724947
5059512725166
5059512725944
5059512726798
5059512727030
5059512727122
5059512729300
5059512730009
5059512730139
5059512732065
5059512732676
5059512732690
5059512735455
5059512737169
5059512738166
5059512738913
5059512739248
5059512741692
5059512743665
5059572000258
5059604610332
5059604631894
5059604636752
5059604639777
5059604639821
5059604644337
5059604644405
5059604644658
5059604645013
5059604645372
5059604645464
5059604645471
5059604645730
5059604645815
5059604645891
5059604645969
5059604646041
5059604647499
5059604676970
5059604677021
5059604677069
5059604688553
5059697254253
5059697256264
5059697256493
5059697256608
5059697257407
5059697257988
5059697259333
5059697261442
5059697263125
5059697265433
5059697265785
5059697266812
5059697268212
5059697269998
5059697272462
5059697384592
5059697385261
5059697386350
5059697387104
5059697389689
5059697390067
5059697390258
5059697391057
5059697397585
5059697397899
5059697397905
5059697398933
5059697399343
5059697401442
5059697403620
5059697679032
5059697679094
5059697680649
5059697681790
5059697686436
5059697686795
5059697687310
5059697688607
5059697691089
5059697692802
5059697694523
5059697694592
5059697700255
5059697703607
5059697704284
5059697704949
5059697707292
5059697709777
5059697711176
5059697711374
5059697719912
5059697721328
5059697722660
5059697723339
5059697725302
5059697726149
5059697727665
5059697727771
5059697728549
5059697729362
5059697731785
5059697733710
5059697735073
5059697735370
5059697738913
5059697741890
5059697742477
5059697743429
5059697743924
5059697744631
5059697747014
5059697747090
5059697747427
5059697748363
5059697748677
5059697753480
5059697754319
5059697754807
5059697756078
5059697757839
5059697758553
5059697759932
5059697760464
5059697764790
5059697765483
5059697765766
5059697766220
5059697767142
5059697768958
5059697771347
5059697772535
5059697773068
5059697774249
5059697776892
5059697778056
5059697778360
5059697778568
5059883118147
5059883118383
5059883235639
5059883309156
5059944006581
5059944008851
5059944013978
5059944014036
5059977012160
5060002043073
5060002043967
5060002043998
5060002044469
5060002044520
5060002470169
5060002470213
5060004210985
5060004214938
5060005421502
5060005421861
5060005421939
5060005422400
5060005422714
5060005462239
5060005532437
5060005534172
5060005534189
5060005880019
5060006200021
5060006203114
5060011700103
5060011957972
5060012436209
5060013260087
5060013260353
5060016802888
5060026829943
5060027071419
5060029910259
5060033580127
5060034483298
5060034486510
5060034489337
5060035570935
5060035760633
5060039156166
5060040253137
5060040256992
5060040259207
5060042941674
5060043223274
5060045375230
5060047913195
5060050985516
5060050990121
5060050991333
5060050996895
5060053601086
5060053604988
5060053605107
5060054134064
5060055254129
5060059532377
5060059532476
5060060387355
5060061218054
5060065302476
5060072652113
5060076100658
5060076101648
5060079652666
5060079654912
5060079655339
5060079655674
5060079656916
5060080390106
5060081112592
5060081113483
5060081113995
5060081114916
5060081115012
5060081115500
5060081116071
5060084348356
5060084572607
5060084572676
5060084982079
5060086844351
5060088701041
5060088701669
5060088704394
5060088705049
5060088705193
5060088707876
5060088707951
5060088709023
5060088709436
5060088709689
5060088709764
5060092692366
5060095330111
5060095330319
5060095862865
5060095864142
5060099290008
5060099999802
5060100601038
5060100602318
5060100603117
5060101406441
5060102661993
5060102662143
5060102662341
5060107330023
5060107330139
5060107332096
5060107333895
5060107333970
5060108450041
5060108450164
5060110484065
5060112547492
5060113917775
5060119290421
5060119531494
5060120283665
5060120284310
5060121673861
5060121673885
5060122034654
5060124940076
5060126610601
5060128501105
5060132280904
5060132284896
5060136251467
5060136255236
5060136255915
5060136256424
5060136750199
5060137140166
5060139434010
5060139434980
5060139435222
5060139435659
5060139435895
5060139436366
5060139570169
5060139660099
5060145052888
5060145052994
5060146372893
5060148131597
5060148382852
5060149412589
5060149460924
5060149570005
5060149575055
5060149576076
5060156990001
5060156991350
5060159310530
5060161309836
5060162824604
5060165540327
5060165580439
5060165580477
5060165582976
5060166540135
5060168994554
5060169982055
5060172430987
5060175133182
5060175390684
5060175390707
5060175391100
5060175415349
5060178070972
5060178072808
5060178073324
5060178073508
5060178073911
5060178074772
5060178075021
5060178332988
5060178333091
5060183134508
5060183671447
5060183673625
5060183673953
5060183674264
5060188691914
5060188950806
5060189400041
5060193938325
5060193939667
5060193939704
5060193939728
5060195900313
5060195901334
5060198252730
5060198533037
5060198642968
5060198643453
5060198644153
5060198644436
5060198645839
5060198645914
5060198645938
5060200951361
5060201624226
5060206820159
5060208742428
5060208743098
5060212107008
5060212470010
5060212650900
5060213723634
5060218970514
5060221201605
5060222530025
5060222787887
5060227120764
5060228270932
5060228323485
5060229260055
5060232070009
5060232660095
5060232660118
5060232810438
5060232811848
5060233280322
5060234310035
5060234310479
5060234310516
5060234311148
5060234311186
5060235830938
5060235831454
5060235831744
5060235831768
5060235980480
5060235980497
5060238480079
5060238480390
5060238482318
5060238482486
5060238483070
5060238483612
5060238956550
5060239488449
5060248208601
5060250344908
5060250345806
5060253701265
5060257803248
5060265325213
5060265325480
5060268001558
5060280600920
5060282750463
5060283763844
5060292302706
5060293441411
5060298571748
5060300551645
5060305461550
5060308360508
5060308361192
5060310130649
5060310780585
5060310781278
5060314480245
5060317321804
5060317322993
5060317323105
5060317352808
5060317353348
5060317356042
5060318660612
5060319170752
5060319171100
5060319171124
5060319171223
5060319171292
5060321255652
5060321390308
5060321390506
5060323900017
5060324810568
5060329692619
5060334561115
5060336504073
5060336505087
5060336505261
5060336507166
5060336508224
5060337221122
5060337222563
5060338033526
5060338650464
5060339010748
5060339017648
5060342470614
5060343748033
5060343940390
5060346990293
5060346991511
5060350562110
5060356680085
5060356680269
5060356680375
5060358030147
5060360505466
5060360506401
5060360506876
5060360507385
5060360507422
5060360509051
5060360509297
5060362070085
5060367180406
5060367180932
5060367181342
5060371200046
5060374400177
5060375090049
5060375300148
5060379650140
5060379650287
5060384263236
5060384263694
5060385460146
5060385462027
5060385463116
5060391622545
5060391624471
5060391628509
5060392490228
5060399850223
5060403180131
5060406081848
5060411298422
5060411921641
5060413700091
5060424708369
5060425280765
5060425283810
5060425284978
5060425286835
5060425288150
5060426812644
5060426812705
5060426812736
5060430291923
5060430293200
5060430293323
5060430551379
5060430551577
5060433990250
5060434790842
5060444910872
5060444980042
5060444980103
5060452360003
5060452360096
5060452491240
5060452492261
5060452492346
5060456690991
5060456691394
5060456691646
5060456691660
5060456691783
5060462261475
5060462263288
5060463494322
5060466510296
5060466510500
5060466516632
5060468010640
5060468520835
5060468521399
5060468522662
5060468522792
5060468522846
5060468522860
5060468522877
5060468523010
5060468523041
5060468562866
5060469989082
5060476790909
5060476792989
5060476793177
5060476793252
5060476794662
5060476796758
5060476797359
5060482841060
5060482841282
5060482842180
5060482842197
5060482842869
5060482842883
5060482843835
5060482843910
5060482849363
5060487820046
5060487820350
5060489730503
5060490400006
5060490400426
5060492002239
5060494701543
5060495111006
5060495113932
5060495114137
5060495114199
5060495114212
5060495114236
5060495114625
5060495115059
5060495115110
5060495116803
5060495117374
5060496530097
5060501563041
5060501564475
5060503815582
5060503880528
5060504311618
5060509390816
5060510581425
5060516880072
5060519810083
5060524150242
5060524590345
5060525200014
5060525200434
5060529740059
5060530210855
5060534671010
5060538080306
5060540310729
5060542193283
5060544130231
5060545680032
5060545680636
5060548500009
5060549322228
5060551420677
5060558350182
5060558350748
5060558350762
5060558351356
5060558351387
5060559970082
5060560280002
5060560281023
5060561609789
5060563220203
5060572521117
5060574954616
5060579990022
5060584300038
5060586970901
5060587580215
5060593390457
5060594020056
5060594020315
5060594550003
5060595790477
5060595790743
5060600010859
5060602580251
5060602580862
5060604011852
5060604012385
5060604012392
5060605060613
5060614800743
5060614801641
5060614805885
5060614807483
5060626100008
5060626100060
5060626100381
5060626400382
5060626400412
5060626400443
5060626403260
5060626405509
5060626950030
5060627110037
5060628430035
5060628430097
5060639123025
5060639124329
5060639126439
5060639127917
5060639128709
5060639601776
5060640420069
5060641190114
5060657220065
5060666570151
5060678700003
5060678710163
5060678710606
5060678710675
5060678711108
5060680370096
5060691520602
5060699970201
5060699970812
5060699971215
5060716854279
5060719550017
5060719550055
5060719920308
5060719920643
5060719920704
5060719926775
5060740661720
5060740661843
5060746508951
5060746510244
5060746960681
5060751994619
5060751995579
5060751998105
5060756341036
5060756342972
5060756344792
5060756348172
5060765640427
5060769300679
5060770730649
5060771270625
5060771270649
5060771270700
5060796960044
5060802523133
5060811381489
5060811382332
5060811383483
5060811386521
5060812970125
5060819940329
5060828500125
5060831610262
5060837390045
5060837490042
5060853421259
5060853640087
5060859910542
5060859910559
5060865891620
5060868950089
5060868950195
5060884430473
5060884851216
5060896628790
5060914840234
5060922350183
5060925290448
5060925290844
5060925291537
5060929632077
5060929632107
5060929632275
5060929633425
5060940940045
5060940940076
5060941970539
5060941970751
5060941970805
5060947545878
5060947546080
5060947549074
5060960660909
5060960661203
5060960661548
5060960662040
5060960663177
5060960663917
5060963017106
5060971860398
5060971861449
5060971861593
5060971861890
5060971862040
5060972180006
5060972180204
5060992430051
5060996420355
5060999170455
5061005130067
5061013940535
5061013949828
5061013949972
5061040653187
5061079880028
5061083300017
5063089000205
5063089005125
5063089015773
5063089021798
5063089021897
5063089021927
5063089105337
5063089112403
5063089124659
5063089125120
5063089131909
5063089132029
5063089135594
5063089159095
5063089160671
5063089163610
5063089164044
5063089164556
5063089173008
5063089221433
5063089221853
5063089222027
5063089223994
5063089224021
5063089281468
5063089282106
5063089282809
5063089307625
5063089307793
5063089307984
5063089309681
5063089310076
5063089313862
5063089314920
5063089315057
5063089315064
5063089315583
5063089315590
5063089316238
5063089324288
5063089324523
5063089325377
5063089331125
5063089340769
5063089340837
5063089340844
5063089477915
5063089485842
5063089498408
5063089501481
5063089518007
5063089520086
5063089543597
5063089577417
5063089595619
5063089631607
5063089700228
5063089701126
5063089798690
5063089832219
5063089868676
5063089966389
5063089966488
5063210002450
5063210007714
5063210008216
5063210008254
5063210009350
5063210020270
5063210020331
5063210049523
5063210052448
5063210058068
5063210071296
5063249299838
5063250531101
5063250532504
5063250534577
5063250538056
5063250539930
5063250542930
5063250545658
5063250546167
5063250549625
5063250556586
5063250556784
5063250557149
5063250557507
5063250559242
5063334000110
5063334000851
5063334002350
5063334002633
5063334003562
5063334003777
5063334003951
5063334004651
5063334006587
5063334007713
5063334013004
5063334013462
5063334014049
5063334015145
5063334017194
5063334017217
5063334017736
5063334018955
5063334019051
5063334019686
5063334021351
5063334023201
5063334026387
5063334027070
5063334027124
5063334028282
5063445782547
5063445782714
5063445783070
5063445789034
5063445794168
5063445797466
5063445799101
5063445800395
5063445806236
5063445808650
5063446502540
5065002532053
5065002532374
5065002532497
5065002532510
5065002532626
5065002532848
5065004680073
5065005301243
5065008359128
5065008402060
5065009224166
5065009432011
5065010040014
5065010040403
5065010242036
5065010803008
5065010803053
5065010803091
5065012058307
5065012241426
5065012380101
5065013305660
5065013646077
5065013646138
5065014509111
5065015507017
5065015569060
5065016643202
5065017175085
5065020434124
5065020434919
5065021708057
5065021708118
5065021708170
5065021817445
50698646
5070000130408
5070000329918
5070000525822
5070000565125
5070000962009
5070001027301
5070002089100
5070002447344
5070002633501
5070003068142
5070003730407
50801800
5088722226040
5088722227030
50963539
50963546
5099229002815
5099303017605
5099337900140
5099682000007
5099801003148
5099801006316
5099801006477
5099823013378
5099839605550
5099869042219
5099873086261
5099874081500
5099874328117
5200364123376
5201041004100
5201049211395
5201054017029
5201415201685
5202234145877
5202390015403
5202390022319
5202390027963
5281094024003
5283003202007
5285001400027
5285001620142
52907111
5292874001299
5350701003929
5391312003274
5391500918298
5391511422012
5391516884457
5391520498268
5391520503979
5391521691200
5391521691491
5391526416211
5391527000402
5391527000426
5391527000624
5391527000655
5391527000686
5391527000754
5391527072263
5391527075769
5391528181919
5391529280567
5391536640361
5397139001639
5400101075054
5410013811046
5410076602513
5410228273462
5410438036857
5410438041226
5410438044029
5410438044692
5410438046245
5410438047730
5410792411468
5410976840022
5411188123415
5411188130796
5411188210368
5411195099154
5412949097105
5414150410551
5419980182104
5430000504041
5449000000989
5449000020864
5449000043757
5449000060501
5449000229861
5449000263513
5449000276018
5449000284235
5449000294616
5449000315649
5449000334251
5593406310064
5600396643208
5601312135388
5601312184164
5694230257010
5701977000639
57027821
57038902
5709152017786
5711953003967
5711953079481
5711953145957
5711953150548
5711953168055
5711953176623
5711953203046
5730800623059
5740900053304
5740900401532
5741000134573
5760466736107
5900020016423
5900102025831
5900120064591
5900120070042
5900130030692
5900189004491
5900259098245
5900259099419
5900259122667
5900334013552
5900334014467
5900352000602
5900353640777
5900397736757
5900397737679
5900500037146
5900535015171
5900552072126
5900749020022
5900820012960
5900852324000
5900857009070
5900951255663
5900956006505
5901044003604
5901104005111
5901135000321
5901135016018
5901135033220
5901154042890
5901356072732
5901384504854
5901588018973
5901588068206
5901713023780
5902162113336
5902746320020
5902898825404
5902898825411
5902898825435
5902899123622
5903260263114
5904061000021
5906259840013
5907501002418
5908221104611
5908260255855
59092506
5941168003944
5941238010650
5941300001463
5941712889901
59945574
5997347555674
5997523300036
5997523314972
5997684502218
6000169931400
6001059946404
6003770000649
6003770008980
6006570000086
6007788005740
6007788005757
6009544928508
6009544953319
6009544953371
6009544960652
6009900189543
6027857012578
6033000085658
6034000390063
6151100034786
6161107792145
6177821873787
6221134013610
6260415738224
6301286349406
6363367732439
6408432000157
6408432102516
6412500079167
6430056289533
6430056289595
6430056289793
6901009342129
6901668005946
6921294392685
6922738565313
6923692954465
6923807807075
6927849467235
6930058200340
6936756263113
6954139414600
6972549661513
6975448430228
7004775413402
7014851564119
7034280003010
7036110009926
7064111270441
7064778070187
7300400127004
7310040021341
7310070004246
7310100605412
7310867800563
7311100450026
7314710210004
7316641513919
7316641817116
7316641817185
7340001804126
7340001806304
7393714518903
7394376614699
7394376618796
75001629
7501003101938
7501030474722
7610023000807
7610113007495
7610700001059
7610700612934
7610900020089
7610900037421
7610900252534
7612100066683
7612100066720
7612100555606
7612100905470
7612100918142
7613030081883
7613031419029
7613031508808
7613033523113
7613033910135
7613034065520
7613034310095
7613034599612
7613034872579
7613034872593
7613034872616
7613034959287
7613034961983
7613034968340
7613035058347
7613035184404
7613035301665
7613036076173
7613036104302
7613036106405
7613036261753
7613036360791
7613036521208
7613036633741
7613036701686
7613036839808
7613036912617
7613036927550
7613038459912
7613038575650
7613039118498
7613039445693
7613039575642
7613039848258
7613287324122
7613287364678
7613287548184
7613287552266
7613287811561
7613287933003
7613287959751
7622201144449
7622201383404
7622201394196
7622201426415
7622201438043
7622201438913
7622201440930
7622201442880
7622201495411
7622201498764
7622201517939
7622201520441
7622201522100
7622201690410
7622201693879
7622201700416
7622201725402
7622201726522
7622201726607
7622201730550
7622201730574
7622201758387
7622201758578
7622201762452
7622201789442
7622201799014
7622201799076
7622201800444
7622201800543
7622202006722
7622202008696
7622202009198
7622202029349
7622202033315
7622202037719
7622202209758
7622202251306
7622202257780
7622202257841
7622202258169
7622202258589
7622202260858
7622202267031
7622202275418
7622202275678
7622202276088
7622202276453
7622202276873
7622202288333
7622202294488
7622202306983
7622202311154
7622210106988
7622210286918
7622210287021
7622210307323
7622210307385
7622210400857
7622210497390
7622210584755
7622210654212
7622210685834
7622210693303
7622210705426
7622210740519
7622210740564
7622210771988
7622210781093
7622210817297
7622210832986
7622210838209
7622210863362
7622210941244
7630428735326
7630486400723
7640110703670
7640155340540
7640155340823
7640155341059
7640164290591
7702189057877
7790040133211
7804320746104
8000070022287
8000300430349
8000300430943
8000500128350
8000500144862
8000500216231
8000500360194
8000500397466
8000500445877
8001060011649
8001060037052
8001060037960
8001060038912
8001060039148
8001113080042
8001250005984
8001310006890
8001440127441
8001665706803
8001665722094
8001830533036
8002210129603
8002210131491
8002270056574
8002270066665
8002270446689
8002330032333
8002330113773
8002371000353
80028079
8004030005044
8005110000720
8005360001522
8006040485007
8006070072741
8006440013596
8007660755426
8008481795363
8008698006733
8008698014684
8008698029503
8008698041574
8008698043233
8009004850088
8010706700120
8015565039497
8015673033684
8016784222110
8023797216913
80324782
8032680560798
8032817248797
8050444750216
8053904630011
8056737785071
8076809547802
80879299
8088002327587
81824519
8410031964936
8410066144884
8410066147021
8410076410344
8410076430168
8410076460189
8410076460585
8410076470775
8410076471208
8410076475039
8410076475749
8410076481177
8410076601933
8410076611338
8410076620002
8410076620514
8410076620903
8410076621658
8410076910899
8410100200736
8410156976647
8410333000219
8410376056303
8410376058116
8410660048038
8410783350230
8411317100598
8411317300271
8428922016411
8435201703641
8435455410579
8435595808472
8436033826027
8437002393021
8445290420985
8445290476173
8445290622686
8445290745323
8445290750785
8445290805706
8445290886750
8445290909947
8445291009905
8445291179257
8445291245822
8445291269910
8445291318823
8445291360068
8445291401266
8445291451162
8445291455221
8445291457126
8445291508644
8445291561403
8445291609457
8445291740334
8445291740358
8445291747142
8480017371676
8590421070758
8593893744097
8593893776104
8593893786394
8593893787964
8594010512070
8594403707670
8595072631921
8595685206493
8595685231204
8595717716525
8600043028935
8684808240053
8690105000429
8690146105886
8690146106579
8690146127536
8690146154860
8690612417901
8710428011961
8710588100000
8710604766241
8710624250034
8710742021783
8711000362679
8711000565612
8711000677681
8711200389186
8711327313712
8711327377998
8711327397620
8711327434981
8711327475298
8711327528741
8711327531024
8711327531222
8711327541870
8711327572652
8711327572836
8711327578968
8711327584259
8711327586475
8711327590311
8711327618350
8711327627352
8711327635104
8711327680685
8711327680715
8711399003474
8711571019026
8711571049146
8711900022291
8712000039929
8712000050115
8712566328352
8712941100962
8713108011534
8713354092356
8713600637980
8714685001239
8714685001338
8714685906367
8714800004336
8714800024150
8715700123677
8715700124537
8717163854228
8717774267523
8718096162725
8718114774084
8718300860799
8718300877476
8718300878237
8718403015171
8718858613809
8718907543552
8718907561853
8718976009584
8718989010232
8719089007559
8719200008700
8719200079014
8719200264328
8719956491702
8719956497964
8719956498114
8719956498657
8720182064400
8720182234759
8720182296689
8720182362278
8720182371560
8720182725134
8721201981593
8721274802214
8722700187349
8723400779339
8723400826866
8800209672778
8801007943626
8801392062155
8809125064551
8850030111922
8850206110025
8850206110117
8850228008744
8850487001166
8850718809011
8850718822256
8852023669328
8852043629135
8855790000783
8858984838032
8858984838384
8886451056023
8888056604012
8888056701117
8888077108148
8888111586635
8888919123186
8901063136250
8902579105013
8906010505295
8906013030947
8906064233168
8906119260743
8906131680598
8908002701197
8934711014518
8944596459243
8958901259015
8961014018233
9000196051658
9003754005599
9004439396988
9006382981938
9006900205652
90454905
90486487
9067469190681
9120068541527
9120125314019
9300617074366
9300654310953
9300695007201
9310006005628
9310012040149
9310434000394
9311471890603
9318471000841
9323975104803
9334279001675
9334279004607
9340784001956
9340784001963
9342749034382
9349571002329
93498739
9352042003855
9356435000353
9417986936680
9421017551575
9421903370631
9421903370686
9421904480247
9556018000088
9556041600309
9556041612609
9556538004702
96123256
96184639
96199855
96202630
96213360
0000200003080
0000200010496
0000227883417
00003077
0000354909924
00004435
0000467400009
0000653930006
0000890127023
0000908258275
0000932832366
00011501
00011693
00011730
00011778
00011785
00011891
0001202312090
0001202312158
0001202312223
00012683
0001585001507
00016940
00018257
00019064
0002000483197
00020374
0002086211233
00021104
0002140343030
00022750
00024075
00024280
00025751
00025942
00027137
00028271
0002953685129
00030014
00030045
00030083
00030113
00030797
00031394
00032155
00034951
00035460
00035545
00036351
0004035032432
00042161
0004361108320
0004378650300
00045933
00047852
00048521
0004932590899
0004949246611
0005050215800
00050678
00052368
00053297
00053303
00053334
0005555783255
00057998
00058018
00059688
00059695
00062381
00064491
00070430
00071185
00071406
00071574
00071604
00072847
00072854
00073455
00073974
00074957
0007500183899
00076715
00077125
00078115
00078832
0008226502339
00084925
0008550002215
00086547
00087445
00088749
00088817
00088893
00088978
00089555
00090056
00090100
00090162
00090414
00090476
00090483
0009302397030
0009499957864
00096225
00096386
00096485
00096560
0009770140350
00098144
0009869673943
00099332
0009999645766
0010000038958
00100151
00101042
00102315
00102452
00102469
00102476
00102483
00103268
0010408006542
00104364
0010544574530
0010621087748
00106498
0010700102003
0010707600489
00107884
00109062
00110112
00111652
00112314
0011233077424
0011280028424
00113380
00113595
00114035
00114356
00115636
00115759
00115830
00116343
00116350
00116367
00116954
00117746
00118248
00119931
0012000150050
00120944
00120999
0012161405983
0012179409737
00121903
00121934
00122191
00123099
00123600
00123617
00123709
00124195
00125000
00125024
00125413
00126304
00126410
00127844
00128179
00129268
00129312
00129879
00130271
00130493
00130530
00131391
00132428
00132862
0013300211007
00133128
00133845
00133852
0013412006461
00134637
00134817
00134820
0013539298831
00136365
00139557
00139892
00140591
00141130
00141352
00143707
0014402513747
00144353
0014487947741
00145206
0014529323137
00145954
0014621886530
00148023
00148498
00150139
00150255
00151269
00154208
00156523
00157773
00157780
00158039
00159203
00159890
0016000487956
00160360
00160582
00160650
00160858
00161428
00161862
00162142
00162180
0016229002114
0016229906221
00162791
00164429
00164535
00164634
00166010
00166423
00166553
0016695774911
00168403
00169042
00169509
00170376
00170437
00170758
00171243
0017296973956
00173377
00174275
00174350
00174411
00175098
00175388
00175579
00179119
00179317
00180115
00180177
00181907
00181945
00184311
00184793
00185943
0018627100478
0018627386896
00187640
00194402
00196970
00197182
0019892004904
00199841
00199998
0020035963064
00202138
00202336
0020315200011
00204019
0020649144835
00208727
00208918
00208970
00210270
00213431
00213790
00216067
00217866
00218757
00219761
00221139
00221696
00223874
00224291
00224451
00224635
00224642
00224826
00227704
00227711
00227735
00228206
00228480
00230100
00230148
00230933
00232326
00232449
00232807
0023344268912
00233446
00233729
00236553
00236959
00237420
00238397
00238533
0023923900011
00239455
00239844
0024000104209
0024000150800
00242103
00242332
00242530
00242769
0024354420802
00244060
00244831
00244961
00245081
00245838
00247467
00247986
00250078
00251433
00253499
00253512
00253611
0025583111868
0025638214049
0025675120020
00256933
00257084
00257091
00257183
00258401
00258913
00259309
00259972
0026361010113
00263948
00263979
00264532
00264587
00265478
00265720
00265829
00266987
00267533
00268783
0027000009666
00272995
00273565
00274326
00275255
00277181
00277495
00277631
0027800072723
00278478
00278881
00280631
00280648
00280655
00280709
00280785
00280839
00281911
00283083
0028400172516
0028400760454
00285254
00285766
00285988
0028600339351
00286855
00287166
00289665
00289702
00289726
00290050
00290845
00291507
00291576
00296724
0029700921118
00297028
00298186
00299619
0030000018002
0030000268728
00300100
00300117
00300841
00301183
00301916
00302074
00302463
00302852
00303033
00303163
00303705
00303859
00305761
00306706
0030712000067
00307765
00308502
00311113
0031200452337
0031200468932
0031200468963
00312806
00312929
00313957
00319638
00319720
00319805
0032000762893
0032005333166
00321969
00321976
00322881
00324922
00324939
00325356
00325585
00328463
00328487
00328555
00328791
00328920
0033000038186
00330770
00330848
00331500
00332743
0033295169664
00334976
00335003
00335591
00336895
00337014
00337229
00337359
0034000195282
0034000446636
0034000455263
0034000471652
0034000473700
0034000485208
00341080
00341202
0034325062238
00343503
00343985
00344036
00344135
00344371
00344395
00344784
00344791
00344814
00344951
00345484
00345934
00346689
00347259
00347372
00347532
00348157
00348232
00349116
00349888
00351522
0035200106726
00352550
00352666
00352918
00353915
00354417
00354691
00354721
0035540101301
00355643
00355872
00355964
00356152
00356237
00356350
00356886
00356893
00357111
00357302
00358156
00359450
00360333
00360494
00361439
00361460
00361507
00362542
00363396
00363419
0036416480723
00367110
00367257
00369596
00369695
00371315
00371803
00371872
00372060
00372947
00373739
00373937
00374606
00375597
00375658
00375672
00375689
0037578617248
0037578800824
0037600669351
0037600864749
00376075
00376204
00377850
00378208
00378611
00378963
00379403
00379526
00379861
0038000291210
0038000324109
00380171
00381062
00381161
00381857
00381918
00382274
00382373
00382427
00383028
00384162
00384339
00384483
00385190
00385237
00385510
00385909
00386043
00387286
00387309
00388061
00388191
00388474
0038900000370
0038900030537
0038900033125
00389532
00389655
00389822
00390248
00390330
0039047001107
0039047004931
0039047010246
0039047013094
0039047014183
0039047015265
0039047015760
0039047016101
00390811
00391023
00391054
00391405
00391573
00391580
00391870
00392679
00392877
00395380
00396516
00398022
00399500
00399517
0040000473671
00400104
0040032123513
00400336
0040232288999
00403269
00403559
00403719
00403771
00404068
00404877
00406918
00407373
00407779
00407793
00408073
00409087
00410199
00411059
0041190057511
0041220977390
00413329
0041420077104
00414814
0041498176655
00415132
00415378
00416801
0041700047179
00417198
00417440
00420389
0042121233813
0042272003747
0042272005420
0042272005444
0042272005499
0042272006823
00423021
00424981
00425001
00425490
00426152
00427210
00427425
00427623
00427975
0042800512147
0042895484343
00429825
00429863
00429870
0043000955611
00430029
00430234
00432597
00433662
00434157
00434614
0043490168096
00435567
0043641760070
0043647020017
0043647120014
0043647150011
0043647410023
0043647688019
0043647691033
0043647775061
0043647776068
0043647900203
00437516
00437622
00437790
00437875
00439855
0044000020330
0044000053895
00440141
00440356
00440431
00440585
0044112993669
0044160006601
0044168379516
0044169343462
0044169652069
00441698
00442749
00443173
0044319001143
0044353167850
0044353922879
0044361269300
0044374204008
0044404661184
00444194
00444583
00444972
00445054
0044510021155
00445108
00445122
00445238
0044550021122
0044599668265
0044738201698
0044738201957
0044738205610
0044738215909
00447584
00447690
00447744
00447911
00448581
0044936232807
0044936232845
00451635
00451925
00452083
00452861
00454940
00455039
00455053
00455060
00455121
00455183
00455213
00455312
00455497
00456388
00458030
00458085
00458559
00459976
00460316
00460354
0046049786543
00462907
00463713
00463737
00464284
00464567
00464789
00464833
00465175
00466769
00469050
00469456
00469814
00472081
00472777
00473156
00473439
00474009
00476089
00476676
00478843
00479042
00479257
00480529
00480925
00481342
00481809
00482608
00483759
0048400802206
00484404
00484480
00485418
00485579
00486644
00487245
00487672
00487689
00490399
0049070000381
00491006
00491044
00491754
00491990
00492201
00492430
00492720
00494496
00495448
00495516
0049568773407
00496445
00496933
00498319
00498937
00499231
00499477
00500197
00502184
0050279701504
00505192
00505413
00505697
00505833
0050602485309
00506045
00506120
00507288
0050750663574
00507837
00508193
00508940
0050901097500
00510448
00511483
00511506
00511889
00512947
00514811
00514897
00516167
00521499
00522618
00524735
00524896
00525107
00527323
00527385
00530439
0053125054458
00534512
00535175
00539210
00544665
00544788
0054529002045
0054800339051
0054800344468
0054881000024
00549288
00556729
00558235
00559232
0056054198064
00561112
00565790
0056600816503
00566049
00567756
00568371
0056844448812
00568463
0056947562064
0057000330330
00573856
00573924
00573955
00574082
00575188
00575300
00580342
00587761
0058779140717
00594165
00594257
0059517738814
00595537
0059622000424
0059680900179
0059697693656
00597395
0059771565331
00599214
00599542
00600057
00600309
0060260374440
0060383141608
0061232201016
0061232202846
00613385
00613637
00613903
00614313
00614375
00618878
00619189
0063316353581
00636018
00636094
00637367
00637596
00642118
00642873
00646642
00649391
00652230
0065633214866
00659741
00664103
00665469
00667890
00670210
00670890
00670944
00673068
00679220
00680158
0068100044126
0068100047462
00684439
00684750
00685382
00686792
00686822
00687423
0070074578026
00700788
00701235
0070154077784
0070177010713
0070177067731
0070177075095
0070177115715
0070177225889
0070177225896
0070177226657
0070177226930
0070177231651
0070177248499
0070177248512
00702300
00702317
0070450113278
0070462005325
00707473
00709606
0070970000324
0070970471254
0070970471261
00710084
00710701
00711540
00713023
00713979
00714501
0071512121163
0071899624066
00722728
00722858
0072417136160
0072417140693
0072417141089
0072417159152
0072417160707
0072417162428
0072417178269
0072417187582
0072417189821
0072417190315
0072417199707
0072417200410
0072417203282
0072417329975
0072417330018
0072417335846
0072417336621
0072417833892
00724418
0072545981359
0072700004961
00727259
00730716
00730877
00731089
00731515
00735346
00735407
00737531
00740180
00740265
00742030
0074472281229
0074680001138
00748049
00748629
00748681
0075172039462
0075172078874
00752022
00752558
00762175
0076550001506
0076840600038
0076840600915
00769761
00769839
00770453
0077330345071
00773447
00774642
0077521235334
0077544138407
0077544806207
00776073
00778985
0078024008784
00786966
0078742090511
0078742235875
00788090
00788298
00788786
0078895120356
0078895157109
0078895170009
0078895688849
00789813
00790956
00791274
0079200370213
0079200472146
0079200983710
00795524
00795555
00797399
0079763111919
00798426
00802833
00804301
00805926
00806237
00808279
0080868002675
0080874414806
00808880
00809825
00809894
00811040
00812283
00813747
00816274
00817998
00819046
00819077
00819138
00819237
00819350
00819367
00819657
00821230
00823517
00828147
00842938
00843973
00846776
0084685000968
00847049
00848039
00848503
00848671
00849364
00850315
00852265
0085239401200
00853118
00853415
00854474
00859998
0086003005143
00862264
00863704
00864374
00864916
00866118
00867146
00869164
00869232
0087303857272
00873383
00875059
00875400
0087666052062
00878692
00879255
00885454
00887687
00888165
00888202
00888325
00888707
00888844
00889971
00891295
00891653
00892612
00892629
00893084
00895651
00895729
00895736
00897273
00897310
00897396
00897419
0089782014115
00898287
00898478
00898508
00899109
00899581
00899918
00900027
0090006980123
00900720
00900911
00901352
00901369
00901765
00901949
00902182
00903837
00903882
00903899
00905350
0091036736933
00911399
00911801
00914475
00915052
00916592
0092029954563
00920957
00921121
00921398
0092152125533
00922739
00922784
00923804
00923996
00926577
0093300203479
00935791
00936408
00938105
00938181
0093856991127
0093856994623
0093856994692
00939140
00940030
0094235980589
00942720
00945653
00946483
00947794
00950169
00950565
00953061
00954464
00954594
00959032
00960007
00961349
00963824
0096551020734
0096619077564
0096619245505
0096619255580
0096619274833
0096619462674
0096619498666
0096619499106
0096619750047
0096619957071
00970396
00971614
00974097
00974110
00974127
00975353
0097644054452
00976510
00981255
0098300064419
0098440670488
00985819
0098600038813
0098600161689
0098644646401
00988681
00989657
00989688
0099000004767
00991834
00992695
00993555
00993678
0099642330644
0099664148098
00998093
00999427
0100001124740
01004412
01008135
01038514
01038958
01039481
01043396
01053197
01054217
01054439
01054460
01056280
01058642
01058680
01062168
01063240
01065961
01071450
01073461
01082388
01089677
01097719
01111095
01111385
01112931
01117455
01118919
01119527
0112057854014
01120967
01122329
01122893
01125221
01131062
01133578
01135701
01137361
01142440
01144383
01145052
01145861
01145946
01145991
01146080
01146448
01146776
01147650
01151053
0115200283105
01154719
01158069
01162486
01162936
01163605
01166019
01167092
01167320
01170184
01185113
01188004
01190625
01191066
01191691
01192711
01196603
01199635
01215397
01216486
01218565
01221701
01223804
01225983
01227086
01230161
01235012
01244885
0127050047530
01272079
01275926
01278460
01291063
01291599
01297201
0129909588096
01302264
01305692
01313628
01317282
01321777
01327151
01330359
01354324
01356403
01364569
01372687
01373677
01374506
01381450
01383300
01386011
01398458
01406276
01408751
01409895
01410808
01412192
01413489
01432077
01432145
01441871
01451634
01451955
01456424
01460759
01468168
01489637
01501940
01506266
01508529
01510263
01514612
01522396
01526008
01530254
01531039
01537642
01542288
01542295
01555066
01578782
01578805
01583441
0158444004754
01584851
01602722
01613902
01615838
01620627
01621853
01622355
01628890
01642759
0164400400072
01644500
01649123
01649147
01649222
01649284
01674736
01677355
01680034
01680041
01681642
01685657
01687798
01689570
01693980
01695427
01697407
0170464161255
01705355
01707045
01711318
01716399
01721430
01727296
01730180
01730234
01730371
01732344
01733303
01733624
01734256
01735307
01736632
01737554
01738001
01738704
01741674
01748000
01751062
01760729
01765892
01767216
01767247
01771251
01771282
01771633
01774030
01774320
01775297
01780475
01780963
01781052
01784426
01784558
01786415
01787757
01789706
01790801
01794083
01796124
01799255
01800302
01800425
01800692
01800982
01802924
01802955
01804331
01804706
01804805
01808605
01811902
01814835
01816761
01825794
01828450
01828993
01830330
01830811
01831696
01835182
01835366
01838817
01838824
01839975
01843965
01845037
01845075
01847376
01847970
01848809
01848915
01850420
01851076
01851472
01852141
01853223
0185340422719
01854961
01856934
01857276
01858907
01859652
01879377
01888201
01888560
01888669
01889451
01890778
01891508
01892345
01892383
01893939
01895674
01895865
01897753
01898262
01898293
0190817047234
0190817096478
0190912100872
0191414011956
0194575000890
01950236
0196633933119
0197644278640
0200030417476
02006765
0202014040618
02025122
0202988013120
0203534001509
0204304300983
0204480001506
0204567682123
0204990001799
0208645063347
0209559389158
0211540042188
0211958001371
02132444
0213518251370
0215582002650
0216030004004
0216462001305
0217128127759
0218058004813
0220020004332
02202013
0222528728871
0223687002901
0223943006247
0224609004454
0225613002115
0232126869586
0237590001371
0237884001506
02400006
0240430001349
0241155001409
0241273001206
0241932006597
0249672001995
0254012008107
0254148001904
0257230016787
0257772014777
0257778012463
0265730008980
0266282003751
02702433
0270701001006
0270785001657
0270815001657
0272113009472
0278770001804
0280318000804
0282280000000
0282289001156
0282389002008
0282791001002
0283929002250
0284490001987
0284731001004
0284739000900
0284741001001
0285000075153
0285657001604
0286703001203
0286990013668
0287992003237
0288354001502
0290484019371
0290590001475
0290592001428
0290631001006
0291010834000
0291531003138
0292020589669
0292343004702
0295688005137
0296200011858
0298035004050
03038581
03042342
03045671
03056233
03062081
0309695000013
03106686
03203019
03222409
03223000
03224472
03224724
03230527
03230794
03230916
03231296
03232149
03232156
03234136
03234761
03234785
03239216
03242759
03248980
03249437
03253540
03257708
03261354
03263419
03265185
03277416
03280157
03280270
03281055
03281475
03281833
03282045
03284924
03285640
03286623
03301968
03306154
03307229
03310380
03326640
03335604
03335727
03338896
03339039
03340035
03341162
03346686
03396353
03400906
03400968
03403204
03405086
03406816
03421277
03422649
03426289
03440629
03450758
03456989
03466377
03474433
03480380
03481639
03489178
03551626
0370995665035
03746901
0400000004457
0400012360138
0400012365423
04014407
04048121
0435235993634
0440540537879
0441163262100
0444416635140
0444634560606
0449650350620
0454180129868
0471730410030
04842163
04844907
04886556
0494560747435
0497000235448
0499016279140
0500169123294
0500328428581
05027446
05047017
05119213
0512011187217
0512444624136
0520115501385
05244560
0532332081452
0540359239930
05407945
0544409591030
0544500003326
0551139324470
0570177886122
0593954321524
0602352940623
0602807693913
0604565025661
0604565036582
0604565053763
0604565172600
0604565176905
0604565195302
0604565348210
0604565578945
0604565791849
0604619932013
0608938316165
0612322000110
0612322000479
0612322000738
0612322000745
0612322000820
0612322000851
0612322000905
0612322001216
0612322001339
0612322001360
0612322001537
0612322001889
0612322030063
0612322030261
0612322030308
0613008765798
0615357120525
0615357122475
0615357123465
0616676092210
0620514000565
0620514004044
06260361
0630128634995
0632556270004
0634114047752
0634158474545
0634158625169
0634158669354
0634158722950
0634158734168
0634158735646
0634158847578
0634158847608
0634158938689
0634158969102
0637793000971
0637793000988
0637796404448
0638097567344
0640516989927
0640904299072
06431118
0643131485522
0643434020901
0653168000391
0654139287476
0654960301969
0655762002757
0655762101023
0658010120883
0660989784898
0660989784911
06648121
0664950286039
06664473
0673367832166
0678108200044
06784140
0680275029212
0683489709291
06840424
0689481798295
0689481798936
06918529
06930257
0697941840255
0700254742410
0700254742434
0700461649618
0700461775379
0700461775386
0700461807926
0700814777739
0701997412509
0705632238585
0706502216481
0708440600209
07100448
0710069404557
0711212668901
0712096265989
0712096887952
0712251642938
0712711541658
0714407142002
0715235567418
0716053273192
07164897
0718157245914
0720158480614
0720158480652
0720193806448
0720552830640
0723526022324
0724461830647
0725246322326
0725294730708
0725576751728
0725793077687
0726003023364
0727044578400
0727156149437
0729343132574
0737069805818
0741360498334
0741407489448
0744830094760
0745092012295
0748404420092
0748927029574
0749105024206
0749440533203
0750258035964
0751991623449
0752046153546
0752578627836
0752578693916
0753214711032
0753854584126
0753854584164
0754169760205
0754523566733
0760672113018
0765951339264
0766000360154
07664090
0767665920066
0767665920073
0768990027949
0771356042807
0775462000447
0776029703238
0778551103500
0781138710183
0781231000457
0787099922955
0788610841809
07887147
0793618129811
0793869166481
0794179706343
0796465002214
0797297919008
0797698955223
0797776565887
07993112
0799439640283
0803813101168
0810095631559
0810116120765
0810116124039
0810116125869
0811670031207
08122816
08123910
0813636021710
0813636023196
0814784027135
0818562022725
0820824040033
0822052122482
08235459
08288578
08363497
08367754
0838455000036
0842595115949
0846462141833
0846548089073
0850003560700
0850003560717
0850006283798
0850008225451
0850013014095
0850044599622
0850057068009
0850066113349
0850232005249
08510703
0851099004338
0851861006072
0852629004859
0852697008032
0857273008628
0858010005412
0858051520011
0858799002725
08640312
0876681000987
08772350
0888109253875
0893647269127
0898999007106
0898999777771
0900610511258
09015050
09015807
09016811
09016927
09017382
09018051
09019027
09020153
09022591
09023697
09024601
0917300168784
0920000012424
0923523001432
0944564048248
0947530300593
0949650026834
0950937432606
0983991000832
09869721
0988445681490
0990264643283
0996092099353
1000028106202
1000029268107
1000034397106
1000039990302
1000040330609
1000040724408
1000040983348
1000041459811
1000041816607
10004265
10005804
10006405
10008133
10023297
10040911
10056097
10071076
10095645
10099674
10099889
1010083001176
10110195
10110294
10111017
10112298
10113875
10114155
10122860
10130698
10148150
10159248
10168455
1019600090051
10222072
10257470
10261095
10281765
10296516
1033962001609
10366226
1040129312065
1040133154255
10421901
10421918
10459603
10469848
10485835
10500016941075200179
10500016953989700219
10500016961732800435
10500016965473600129
10503366521612200363
1050834189487
1052600001658
1055030242912
1056535201268
1059957010142
10601725
10612022
10616116
10620649
10632000
10637050
10754818
10763896
10811177
1090193451221
11016311
11068853
11075824
1111963502018
11148364
11214274
11319049
11466055
11745929
12094080
1210002010702
1210002110136
1220000420014
1220000500013
12218234
1230000037129
1230000037372
1230000068055
1230000068239
1230000147774
12413492
12583720
12648618
12793792
13017071
1303749220005
13046608
1307700324276
13170165
13764621
13798741
13798833
1391576180074
13917821
13982913
14161944
14317057
14433942
14871252
15048288
15060088709938
15186043
15365634
15422798
15685528
15753237
1602553810007
16642106
16929522
17088152
17258728
18062203
18115220
18873010
1901246900002
1901516740000
1903605830005
19826230
19833996
1985089000198
19892764
19969022
2000000013565
2000000024993
2000000028573
2000000034754
2000000035799
2000000035803
2000000035805
2000000045769
2000000088385
2000000088386
2000000132465
2000000150454
2000002318019
20002879
2000300002603
20005481
20006150
2000674006276
20009205
2001215011353
20016142
20016616
20017637
20026424
2003020056222
20033071
20033491
20043780
20050184
20053413
20053680
2005713009362
20063443
2006383006408
2006383006811
2006486007999
20068110
20068929
20068936
2006971006650
20070335
20070748
20070755
20071783
20072742
20076573
20083007
20083014
20083076
20085117
2008569008497
20087579
20087586
20092016
20098292
20101749
2010194599998
20107772
20113346
20113612
20113834
20114480
20116798
20117795
20130602
20142384
20146528
20158590
20167998
20168278
20169961
20172572
2017453255145
20175108
20178048
20178161
20182496
20184476
20194833
20198893
20201623
20203269
20206635
20214050
20216016
20243517
20244729
20252137
20278731
20279844
20280819
20280888
20281724
20282424
20284251
20290904
20297695
20298302
20298463
20303051
20303327
20315801
20322137
20324193
20329778
20329918
20338855
20342012
20350864
20357504
20360405
20369576
20369699
20380908
20380939
20390150
20395513
20397807
20398507
20403805
20405786
20416096
20421816
20422530
20423056
20424008
20425487
20425708
20430214
20430870
20430900
20434830
20439231
20450236
20453923
20455040
20461539
20464325
2046906028333
20471750
20471958
20472344
20486488
2049703006177
20499778
20500139
20500146
20501198
20509835
20510060
20510183
20511135
2051173005277
20520090
20528447
2053065115712
20532956
20535643
2054100316040
20546281
20546915
20566050
20574253
20574437
20574444
20574512
20574673
20575472
20582975
20601621
20607074
20607715
20608569
20608729
20608736
20619480
20625504
20629182
20634667
20635244
20635251
20635589
20636432
20645076
20646721
20654733
20656928
20663650
20663667
20664305
20664312
20669225
20670177
20674113
20674533
20675493
20675530
20675578
20676025
20676032
20676155
20676728
20684587
20688165
20705688
20707279
20707774
20718084
20718268
20719418
20719449
20719470
20719487
20720162
20720223
20753948
20755744
20758943
20774318
20799090
20799816
20800291
20800970
20801786
20802196
20802929
20803032
20803377
20805616
20831448
20836498
20840051
20844493
20844851
20844912
20844943
20845315
20846077
20861209
2086696123436
20889234
20889241
20889869
20903565
20913649
20914196
20914202
20914257
20917036
20925284
20928414
20950897
20951771
20952181
20953027
20953072
20953331
20954062
20954109
20966300
20984113
2098765839100
2098765839117
2099101003148
20992927
20995379
20995423
20995461
20997519
2101139005107
21035401
21048494
21057830
21058844
21082535
21084096
21084362
21105586
21105593
21105739
21107443
21118244
21128639
21142574
21142680
21142840
21143298
21143342
21152900
21156977
21157035
21163517
2127888009210
22053237
2210065003788
22218087
2226070005112
2227961003200
22357915
2279769012311
23008892
23009127
23057142
2322118700695
2322891404971
2323124551547
2324157102492
2324179404000
2325520401594
2326926601007
2327304902181
2333053202007
2334087301308
2335300302850
23382077
2424204094418
2441810043166
25000153
25005356
25011036
25018479
25027129
25029901
25053425
25059069
25096392
2511118015124
25119534
25185683
25207798
25211931
25212129
25215342
25231656
25231724
25247879
25258844
25259605
25263251
25273120
25279269
25284324
25297751
2529796006815
25304213
25309812
25324228
25332339
25332513
25334098
25344202
25346657
25352740
25352757
25355239
25355734
25356663
25361872
25369984
25378139
25383027
25384338
25386806
25397536
25407242
25408898
25411096
25425536
25430899
25436631
25442489
25444971
25453478
25480146
25485929
25897128
26007755
2603040366334
26039084
2609869003269
2716810001813
27190920
27193433
27199923
27212080
27244784
27281550
27429464
27430514
27436318
27451748
27533024
27563571
27604564
27640364
27676820
27684634
27684801
27728710
27738436
2805252015288
29000067
29013869
29022809
29032532
29032723
29036684
29039456
29044023
29057030
29058976
29061310
29061587
29062102
29062355
29064748
29069361
29073948
2907590014517
29075966
29077281
29077731
29078905
29079711
29086474
29086580
29086924
29087181
29088645
29089130
29089154
29090976
29094967
29095599
29099382
29100163
29100811
29100972
29116119
29118106
29119097
29119653
29120406
29122479
29124220
29125418
29126354
29126583
29126651
29127160
29127993
29129461
29129478
29133390
29133642
29133840
29136094
29136100
29137633
29137855
29138036
29139194
29139880
29144068
29145218
29147304
29147311
29148110
29148929
29149117
29150168
29150465
29152469
29152537
2915631308983
29156689
29156849
29156900
29156962
2915700606187
29157945
29159604
29160617
29160754
29176489
29177400
29181001
29181223
29182619
29182664
29182831
29184156
29189700
29196821
29197552
29198009
29198764
29202966
29205431
29205592
29205622
29209293
29218479
29221011
29221134
29221165
29221257
29231010
29234523
29235056
29235094
29236978
29237449
29237487
29248407
29249442
29249459
29249947
29250264
29250301
29251865
29252022
29252756
29252794
29253555
29254118
29256891
29256907
29257324
29257393
29258918
29281466
29281534
29283064
29283972
29285686
29285709
29286706
29290710
29293407
29296088
29298396
29298730
29299188
29299461
29299799
29304806
29305667
29308286
29308910
29310234
29310593
29318568
29318636
29320653
29323333
29326228
29326235
29328901
29332052
29333011
29333813
29336395
29336975
29337491
29338528
29338665
29338719
29338801
29338818
29338986
29339167
29339174
29339853
29343935
29343980
29344529
29344567
29347223
29355242
29355655
29356331
29359738
29359745
29361687
29365654
29368044
29368730
29369706
29369928
29370115
29372690
29375011
29375172
29378357
29383276
29386512
29386802
29387403
29389988
29391271
29395682
29395705
29395712
29397297
29397389
29400102
29401109
29401208
29401246
29401321
29402038
29402441
29406531
29406623
29408597
29409884
29410323
29411993
29412983
29414055
29414062
29415823
29417568
29417582
29421022
29421039
29421244
29421671
29422302
29422357
29422388
29422425
29422432
29425099
29427369
29427727
29430246
29430253
29430543
29430680
29430710
29430741
29431076
29432851
29432929
29433087
29434305
29434718
29435319
29435326
29435388
29436026
29437726
29437740
29439478
29446483
29448180
29453528
29453672
29453870
29455423
29456086
29456291
29456871
29456987
29457076
29457229
29457595
29457601
29457663
29457847
29458035
29458431
29458561
29458677
29460724
29463121
29463930
29464241
29470204
29470662
29471102
29471126
29471140
29471409
29472291
29472475
29473540
29473922
29479573
29480876
29482955
29484928
29488728
29488759
29488810
29489572
29493784
2959997403760
3017800194980
3017800195000
3017800501948
3021760406045
3023290038710
3023290045282
3023290059241
3023290070208
3023290083321
3023290111130
3023290220689
3023290453667
3023290470879
3033491117084
3036810205387
3036811366056
3040730111680
3041091427717
3046920011501
3046920021791
3046960098944
3052910052874
3052911247194
3065876124264
3067163645834
3073780774130
3073781011456
3073781031072
3073781137910
3073781208092
3073781209389
3103220036235
3104544072244
3111952030902
3122045636345
3123349012262
3123930611355
3123930661305
3128899003104
3154230815259
3178530401561
3178530415506
3178530424768
3178530427424
3178534003006
3179730010799
3228023190073
3234750022167
3250393220579
3252920011797
3256540035041
3263670016321
3263850014390
3263853195119
3263855091761
3263859334413
3263859600211
3269210253034
3270160840472
3270160868681
3270190130802
3271470758549
3271560000756
3272320012149
3274664142070
3274664147600
3274664178482
3283040000187
3289470012875
3289470013117
3308297730035
3329770060913
3329770062047
3329770065598
3329770079519
3329775188230
33584355
3360100220102
3360100340107
3360100360105
3360100380103
3360100580015
3360100620018
3360101220101
3360101490108
3360101810104
3360101840101
3360101850100
3360101880107
3360101890106
3360101900102
3360101910101
3360102050103
3360102100013
3360102110012
3360102140019
3360102160109
3360102170016
3360102180015
3360102210019
3360102260014
3360102280012
3360102290011
3361420002027
3372900018155
3395328117002
3414017001511
3415581176124
3415581597929
3415582301921
3415587522024
3415587523021
3446174694466
3449350002871
3450160004818
3451790562990
3451790802515
3456770868154
3476770000071
3495566214652
3498940010680
3500610164989
3560070955558
3574660435221
35988342
3608580059929
3608580081562
3608580082729
3608580179313
3608580188094
3608580910176
36271474
3638814112304
3662072017040
3664346304948
3664346331159
3664346336680
3664346340670
3664346345491
3664346347365
3664346347440
3700152400204
3700260700982
3700389705189
3700389708036
3700389708067
3700389715225
3700961317410
3701198800478
3713154017991118
3758327483071
3760049798647
3760108450110
3760126978504
3760164594353
3760199050206
3760199054563
3760339881790
3760386469668
3770011698271
3770016750141
3770018078137
3770018078700
3770025192031
3800012193144
3800020401231
3800020401262
3800020492512
3800020492536
3800020492796
3800020492925
3800202070125
3800214421656
3827876000142
3830053876072
3900000001915
3904023680621
39101181
39125828
3973424533874
39786302
3991193027523
39917850
3997312000286
40000022
4000145760933
4000177026793
4000177997000
4000349500441
4000415028701
4000415043100
4000417260000
4000512364382
4000521033675
4000539110429
4000539130007
4000539682087
4000539682681
4000539707049
4000539740008
4000539769207
4000539772986
4000980274015
4001330129733
4001518009314
4001518112717
4001686011447
4001724032717
4001724045854
4001724819905
4001724820000
4001724820208
4002103266501
4002309026435
4002359001468
4002359001628
4002359001642
4002359001758
4002359002595
4002359008047
4002359015373
4002359019135
4002359040061
4002359641671
4002359644702
4002359645181
4002359647772
4002359663239
4002359664359
4002359670848
4002391949209
4002468021319
4002676650561
4002971508109
4002971775105
4003455004001
4003587070554
4004199125076
4005500038092
4005790381090
4006229018044
4006894308006
4007993021643
4008007017805
4008074100134
4008400221328
4008400472027
4008976682127
4009176837102
4009900465304
4009900469630
4009900470049
4009900483513
4009900485142
4009900513906
4009900514293
4009900525763
4009900526814
4009900527101
4009900532099
4009900532457
4009900534437
4009900534895
4009900534956
4009900534970
4009900534994
4009900538589
4009900538787
4009900541701
4009900545983
4009900546041
4009900549875
4010198022773
4010198030693
4010352046300
4014400928860
4014400930344
4014400932140
4014400935134
4014400937145
40144924
4014500509372
4016337911229
4017100206214
4017100284687
4017100936777
4018077005602
4018077821479
4018703002098
4022381025263
4025500165239
4025500165291
4025500165451
4025500165550
4025500174934
4025500175221
4025500183714
4025500183790
4025500191719
4025500243548
4025500243630
4025500244798
4025500245092
4025500245207
4025500246600
4025500251888
4025500252144
4025500252168
4025500252397
4025500257576
4025500260750
4025500270896
4025500270919
4025500276935
4025500277789
4025500277802
4025500278380
4025500280734
4025500287405
4025500287429
4025500292089
4025500294724
40263168
4026427020175
4029538133178
4030318878943
4030387755497
4031446842011
4031464341565
4033443792337
4033500101843
40358826
4041088063804
4044889002744
4045992129625
4050439930450
4052917274544
4053184758614
4053189128368
4056474037963
4056489000853
4056489001461
4056489006220
4056489009757
4056489013716
4056489015475
4056489023593
4056489023968
4056489036296
4056489040590
4056489046264
4056489046790
4056489047094
4056489053415
4056489055037
4056489055044
4056489058717
4056489069683
4056489100911
4056489100942
4056489101420
4056489106241
4056489111320
4056489111351
4056489111948
4056489112143
4056489112785
4056489113157
4056489117735
4056489127376
4056489128458
4056489128731
4056489128960
4056489128984
4056489129202
4056489129219
4056489134664
4056489135968
4056489139386
4056489141297
4056489148203
4056489148951
4056489149064
4056489149347
4056489149361
4056489159803
4056489160267
4056489160298
4056489173670
4056489174394
4056489174691
4056489186083
4056489189411
4056489198246
4056489198284
4056489198291
4056489198420
4056489198499
4056489198949
4056489198956
4056489200093
4056489203254
4056489219316
4056489221975
4056489222026
4056489222033
4056489222071
4056489222088
4056489223498
4056489224464
4056489226932
4056489226949
4056489227533
4056489227717
4056489227977
4056489228585
4056489232094
4056489234029
4056489234036
4056489236726
4056489238119
4056489238591
4056489239024
4056489239925
4056489239932
4056489240075
4056489240082
4056489240280
4056489240433
4056489240693
4056489240709
4056489240730
4056489240914
4056489241065
4056489241638
4056489241713
4056489243960
4056489245544
4056489246022
4056489250166
4056489251088
4056489251538
4056489255031
4056489260905
4056489267973
4056489270409
4056489270430
4056489270492
4056489291305
4056489295983
4056489296508
4056489299752
4056489300793
4056489306085
4056489306375
4056489306917
4056489306924
4056489315131
4056489322344
4056489324614
4056489325024
4056489334415
4056489334439
4056489334644
4056489334927
4056489334996
4056489335825
4056489340430
4056489353539
4056489353676
4056489353911
4056489354666
4056489354802
4056489354901
4056489354925
4056489371892
4056489372677
4056489374329
4056489376798
4056489383581
4056489383819
4056489383918
4056489383925
4056489384021
4056489384762
4056489385103
4056489385134
4056489389491
4056489389866
4056489415992
4056489422709
4056489423508
4056489436294
4056489437925
4056489438571
4056489442356
4056489442394
4056489443667
4056489447894
4056489461579
4056489462378
4056489462453
4056489479222
4056489479369
4056489479819
4056489479857
4056489480907
4056489481225
4056489492290
4056489498759
4056489516774
4056489518174
4056489519041
4056489519560
4056489520122
4056489527558
4056489527749
4056489540144
4056489555445
4056489557036
4056489560869
4056489561293
4056489561415
4056489561491
4056489594727
4056489619567
4056489624431
4056489634805
4056489639732
4056489648611
4056489648802
4056489649939
4056489650645
4056489650775
4056489656722
4056489677321
4056489686941
4056489691303
4056489705291
4056489709138
4056489710103
4056489711728
4056489712022
4056489712152
4056489712510
4056489713050
4056489742265
4056489742630
4056489743330
4056489746089
4056489751427
4056489755685
4056489755692
4056489756286
4056489756583
4056489756682
4056489757429
4056489757573
4056489762300
4056489768197
4056489786429
4056489793526
4056489794721
4056489803027
4056489804673
4056489810766
4056489818441
4056489823049
4056489823117
4056489823179
4056489823490
4056489823629
4056489823698
4056489824008
4056489824565
4056489824602
4056489829980
4056489837558
4056489850885
4056489850939
4056489850991
4056489851196
4056489852551
4056489852681
4056489852704
4056489852872
4056489865438
4056489883289
4056489894902
4056489894933
4056489895510
4056489895893
4056489896777
4056489897095
4056489898030
4056489898740
4056489898788
4056489900948
4056489902003
4056489902348
4056489902485
4056489902690
4056489902997
4056489903086
4056489903116
4056489903628
4056489903796
4056489903826
4056489903901
4056489903956
4056489904014
4056489904144
4056489904472
4056489904526
4056489906179
4056489918738
4056489927372
4056489928478
4056489932109
4056489932451
4056489934653
4056489935179
4056489936329
4056489936343
4056489939931
4056489977698
4056489985280
4059667271625
4060387354680
4060689844230
4060796847216
4060800133601
4060800177155
4060800302014
4060800302694
4060800302717
4060800303356
4060800304360
4060800306982
4060800308399
4060800309099
4060800310125
4060800310170
4060800311238
40608044
4061298298346
4061430981266
4061458000413
4061458014748
4061458016056
4061458214063
4061458214100
4061459014952
4061459050516
4061459060928
4061459061703
4061459084573
4061459090598
4061459090666
4061459106695
4061459143973
4061459165197
4061459194548
4061459226591
4061459234893
4061459258059
4061459258233
4061459274448
4061459313642
4061459324860
4061459358483
4061459444711
4061459478242
4061459494884
4061459543414
4061459594904
4061459594911
4061459721478
4061459750256
4061459786286
4061459786446
4061459789492
4061459791167
4061459798838
4061459801859
4061459803563
4061459824681
4061459833461
4061459854879
4061459854893
4061459893885
4061459954302
4061459986280
4061459996784
4061459996883
4061459999495
4061461013264
4061461071714
4061461083144
4061461083847
4061461119041
4061461143701
4061461151201
4061461153892
4061461164065
4061461169534
4061461201791
4061461201838
4061461237875
4061461268602
4061461281366
4061461303860
4061461304195
4061461323721
4061461331818
4061461339722
4061461350055
4061461359720
4061461366070
4061461380007
4061461382544
4061461383961
4061461400231
4061461419219
4061461498764
4061461528997
4061461555597
4061461560546
4061461560560
4061461578343
4061461587147
4061461593834
4061461601157
4061461612245
4061461668556
4061461679071
4061461684211
4061461710712
4061461749408
4061461754068
4061461772734
4061461792848
4061461859404
4061461874728
4061461905651
4061461905736
4061461952792
4061461982751
4061461998097
4061462010347
4061462010415
4061462057397
4061462106576
4061462108570
4061462142727
4061462143076
4061462143090
4061462171536
4061462175862
4061462182648
4061462193705
4061462211539
4061462229688
4061462240218
4061462247293
4061462256271
4061462279430
4061462309175
4061462322532
4061462322563
4061462331404
4061462353772
4061462355264
4061462366109
4061462374708
4061462395697
4061462402500
4061462410680
4061462416149
4061462449253
4061462455933
4061462525131
4061462541490
4061462589225
4061462590603
4061462602115
4061462617935
4061462648649
4061462677823
4061462733116
4061462735769
4061462737558
4061462739514
4061462740718
4061462746413
4061462751585
4061462751677
4061462846090
4061462874321
4061462875144
4061462931925
4061462953392
4061462977565
4061463003683
4061463003690
4061463014740
4061463019509
4061463050472
4061463062420
4061463096241
4061463098863
4061463174895
4061463276438
4061463398888
4061463488190
4061463529558
4061463540553
4061463572318
4061463659385
4061463667489
4061463703668
4061463736598
4061463766601
4061463766649
4061463779151
4061463788702
4061463828286
4061463860729
4061463864307
4061463864345
4061463871787
4061463890504
4061463904324
4061463915375
4061463962430
4061464055681
4061464630291
4061464638709
4061464663787
4061464664203
4061464669345
4061464686793
4061464696877
4061464701601
4061464717824
4061464718777
4061464750715
4061464774698
4061464774704
4061464784444
4061464785113
4061464805187
4061464805286
4061464855748
4061464878594
4061464878662
4061464878839
4061464879645
4061464958685
4062139015559
4062139015924
4062139016600
4062139017324
4062139018413
4062139020874
4062139024759
4062300037731
4062300076938
4062300092891
4062300238008
4062300292468
4062300329409
4062300400658
4062676100381
4063224390438
4064175251236
4064433602046
4064690561759
4069365091333
4069365166314
4069890563831
4074060139884
4081800118351
4081800118368
4087344041728
4087344123912
4087344160023
4087344248592
4087344532370
40874036
40875576
40875606
4088600001494
4088600003993
4088600004051
4088600007106
4088600007137
4088600007366
4088600009049
4088600009766
4088600010083
4088600012117
4088600012483
4088600012711
4088600013763
4088600014654
4088600015651
4088600016283
4088600017280
4088600017891
4088600019505
4088600020495
4088600021737
4088600021744
4088600022499
4088600023540
4088600023663
4088600023700
4088600027968
4088600028521
4088600029009
4088600029023
4088600029252
4088600029337
4088600030326
4088600031668
4088600031781
4088600033334
4088600033341
4088600033778
4088600033808
4088600034812
4088600035161
4088600036045
4088600036052
4088600037400
4088600037745
4088600038810
4088600040356
4088600040790
4088600040929
4088600041247
4088600041254
4088600041292
4088600041773
4088600044743
4088600045375
4088600045627
4088600045917
4088600046204
4088600046457
4088600046501
4088600046570
4088600046891
4088600047102
4088600047164
4088600047331
4088600048178
4088600048468
4088600048529
4088600048543
4088600049762
4088600050584
4088600053417
4088600053509
4088600053561
4088600053684
4088600053707
4088600054223
4088600054490
4088600054506
4088600058276
4088600059709
4088600063560
4088600063577
4088600063614
4088600064024
4088600064048
4088600064321
4088600064536
4088600065465
4088600066691
4088600067537
4088600068862
4088600070261
4088600071091
4088600074047
4088600074184
4088600074269
4088600074856
4088600074993
4088600075075
4088600075525
4088600077093
4088600078243
4088600078861
4088600079165
4088600079219
4088600079226
4088600080260
4088600080277
4088600081687
4088600081861
4088600082615
4088600082936
4088600083971
4088600084107
4088600084121
4088600084268
4088600084770
4088600089188
4088600090931
4088600091716
4088600091723
4088600091730
4088600095974
4088600096001
4088600099811
4088600099958
4088600100180
4088600100203
4088600101217
4088600103716
4088600103761
4088600104768
4088600107660
4088600107776
4088600108629
4088600108896
4088600109572
4088600112831
4088600113036
4088600113500
4088600113630
4088600116709
4088600118871
4088600119175
4088600119410
4088600121062
4088600122410
4088600123080
4088600123295
4088600124056
4088600124346
4088600124711
4088600125022
4088600125060
4088600128498
4088600128917
4088600129426
4088600131634
4088600133980
4088600134383
4088600136301
4088600137001
4088600138473
4088600138619
4088600139654
4088600140025
4088600142463
4088600144269
4088600144276
4088600144955
4088600145099
4088600145129
4088600145136
4088600146225
4088600153964
4088600155913
4088600157344
4088600157474
4088600158051
4088600158303
4088600160306
4088600163086
4088600163093
4088600164830
4088600165011
4088600166100
4088600167176
4088600167756
4088600168951
4088600169910
4088600169958
4088600172163
4088600174297
4088600174303
4088600175546
4088600179070
4088600179124
4088600180434
4088600183169
4088600183305
4088600187150
4088600189352
4088600189932
4088600190136
4088600190235
4088600192574
4088600192659
4088600201801
4088600202457
4088600202686
4088600202723
4088600205120
4088600205137
4088600207780
4088600212500
4088600213170
4088600213309
4088600213446
4088600214283
4088600214757
4088600215273
4088600216133
4088600216188
4088600216218
4088600219844
4088600221229
4088600222752
4088600224596
4088600225289
4088600226132
4088600227153
4088600227429
4088600228167
4088600228624
4088600234205
4088600236445
4088600236865
4088600239736
4088600241371
4088600244549
4088600245263
4088600245607
4088600245904
4088600245928
4088600247427
4088600248561
4088600248943
4088600252292
4088600259963
4088600260419
4088600261287
4088600261430
4088600262826
4088600265391
4088600265629
4088600266756
4088600266794
4088600267241
4088600268590
4088600268767
4088600268910
4088600268965
4088600274096
4088600274232
4088600274713
4088600274737
4088600275031
4088600275871
4088600275994
4088600276038
4088600276540
4088600276564
4088600277738
4088600277813
4088600278162
4088600280134
4088600281407
4088600281414
4088600281506
4088600283166
4088600285474
4088600286822
4088600290041
4088600290164
4088600290300
4088600290331
4088600290447
4088600291116
4088600291130
4088600294582
4088600295411
4088600295527
4088600297002
4088600298641
4088600300252
4088600300290
4088600300665
4088600307800
4088600309606
4088600310213
4088600310770
4088600312910
4088600313344
4088600315799
4088600316741
4088600317823
4088600320465
4088600321158
4088600321219
4088600322063
4088600323961
4088600328058
4088600330068
4088600335766
4088600337821
4088600340494
4088600341781
4088600342566
4088600347493
4088600350547
4088600353210
4088600353265
4088600354545
4088600356518
4088600359427
4088600361222
4088600361352
4088600361956
4088600361987
4088600367231
4088600367248
4088600367316
4088600367712
4088600369051
4088600371603
4088600372679
4088600373966
4088600376738
4088600376967
4088600381220
4088600382128
4088600382500
4088600384887
4088600386072
4088600386195
4088600387796
4088600388724
4088600388809
4088600389356
4088600389363
4088600389967
4088600390826
4088600391472
4088600393322
4088600394909
4088600395104
4088600395999
4088600397887
4088600398310
4088600398334
4088600398686
4088600399218
4088600402451
4088600403267
4088600404509
4088600406640
4088600406794
4088600411286
4088600412122
4088600412702
4088600415987
4088600416458
4088600416908
4088600417172
4088600418018
4088600418926
4088600418940
4088600419848
4088600419862
4088600421339
4088600422107
4088600422756
4088600423791
4088600427348
4088600428000
4088600428208
4088600428536
4088600431338
4088600434247
4088600434391
4088600435763
4088600436319
4088600436876
4088600437224
4088600437972
4088600438610
4088600439341
4088600440200
4088600443577
4088600445397
4088600446653
4088600457864
4088600461205
4088600461212
4088600461243
4088600461298
4088600463179
4088600466217
4088600469089
4088600470313
4088600470566
4088600473291
4088600476063
4088600476124
4088600478449
4088600480824
4088600485645
4088600490847
4088600492612
4088600493626
4088600494067
4088600496108
4088600496665
4088600498744
4088600501857
4088600502410
4088600505091
4088600505305
4088600506333
4088600508726
4088600512044
4088600516547
4088600516554
4088600518008
4088600518237
4088600520421
4088600522906
4088600523002
4088600524252
4088600524900
4088600525532
4088600525563
4088600526393
4088600531465
4088600534176
4088600535210
4088600536293
4088600537139
4088600537399
4088600541136
4088600543833
4088600544571
4088600544915
4088600547503
4088600547510
4088600551609
4088600551616
4088600552354
4088600553252
4088600553955
4088600554167
4088600554792
4088600555829
4088600555911
4088600555935
4088600556451
4088600557014
4088600557212
4088600557458
4088600557557
4088600557953
4088600558776
4088600559056
4088600559346
4088600560403
4088600560441
4088600560564
4088600560656
4088600561165
4088600561172
4088600561196
4088600561271
4088600562292
4088600562483
4088600562513
4088600562872
4088600564272
4088600565088
4088600565910
4088600565934
4088600565989
4088600566016
4088600566047
4088600566986
4088600567556
4088600567631
4088600568638
4088600569260
4088600570082
4088600570594
4088600570655
4088600570976
4088600571430
4088600571485
4088600571904
4088600572239
4088600572994
4088600573410
4088600573816
4088600575209
4088600575803
4088600576299
4088600576336
4088600576398
4088600576480
4088600576800
4088600577227
4088600577920
4088600715674
40893044
40896656
40898131
40899947
40899978
4099200039077
4100130037771
4100290035334
4101540707179
4101540707254
41024362
42114963
42211464
42353454
4250402400267
4251097413709
4251097414751
4251097414782
4251097417240
4251097419558
4251097420165
4251097421018
4251871713537
4260360271632
4263249733443
4297621003312
4305720014273
4306188381600
4311501742648
4314131015281
4316734058887
43191703
4335619004689
4335619009851
4335619014527
4335619041448
4335619063143
4335619070615
4335619070745
4335619070998
4335619071032
4335619071575
4335619071803
4335619072459
4335619081888
4335619081901
4335619082014
4335619099784
4335619109841
4335619115149
4335619121973
4335619123113
4335619123762
4335619123816
4335619124165
4335619124301
4335619124943
4335619125551
4335619126077
4335619136762
4335619162167
4335619179837
4335619180208
4335619180222
4335619180307
4335619181274
4335619181540
4335619181748
4335619182318
4335619182844
4335619182950
4335619183315
4335619184015
4335619209190
4335619214477
4335619227187
4335619227200
4335619232020
4335619254145
4335619258211
4335619268272
4335619272040
4335619272989
4335619273641
4335619311930
4335619313323
4335619313460
4335619314429
4335619314832
4335619339668
4377533931085
4388844041691
44068776
44664824
4515389000092
4580530493870
4582410703284
4600680014982
4604890324626
4607078679310
46106315
4673764890055
4682307000790
4710037218601
4710068003146
4711123800007
4711931033680
4712905020576
4712928343201
4712966543427
4713007040042
4740012020356
4740012032908
4748341811911
4750011000587
4750022002723
4750042001867
4751001040651
4751012094827
4751019530885
4751022362183
4752050202410
4770149216773
4770149218685
4770237042437
4770374192101
4770395222023
4770583201106
4770583205937
4770663404557
4771096224293
4771173208390
4777923298116
4779030380333
4779047980908
4791034004527
4792038107009
4800092110535
4800116099006
4800216121058
4800523220048
4820179258813
4823096429700
4860110820020
4864467414963
48809887
4890008400300
4891028711469
4891208040136
4892030000749
4892616020611
4895058312979
4895072413881
4897008381288
4897039310776
4900244372887
4901001135714
4901005132177
4901577000058
4901726014974
4902102000161
4902105001103
4902201183291
4956479237309
49616200
4970077163587
4970457000013
4973413347818
4977344048783
4993989997453
4998364440494
4999457543030
5000108171553
5000108178538
5000108180890
5000108236832
5000108240952
5000108252511
5000108278078
5000108652137
5000108763291
5000108880646
5000111046701
5000111047630
5000112547634
5000112549737
5000112557336
5000112572933
5000112581935
5000112582642
5000112585452
5000112629101
5000112630688
5000112641981
5000112646238
5000112647297
5000112654134
5000112664294
5000112673944
5000112674019
5000112677324
5000112684650
5000112684834
5000116102006
5000116108428
5000116108633
5000116109661
5000116111763
5000116111770
5000116111817
5000116111855
5000116111923
5000116112265
5000116124176
5000116124572
5000116124657
5000116125135
5000116125296
5000116125517
5000116125531
5000116125616
5000116125821
5000116126262
5000116126293
5000116126552
5000116126996
5000116127337
5000116127528
5000116127825
5000116128211
5000116128242
5000116128334
5000116128440
5000116128464
5000116128471
5000116128655
5000116128976
5000116129553
5000118033834
5000118048333
5000118084089
5000118203718
5000119085443
5000119090706
5000119092267
5000119092281
5000119122391
5000119162472
5000119163875
5000119440600
5000119694003
5000123126026
5000127140196
5000127146723
5000127533196
5000128078115
5000128104456
5000128118194
5000128180917
5000128229784
5000128247313
5000128256292
5000128291200
5000128331814
5000128430210
5000128430418
5000128583572
5000128584753
5000128587198
5000128587471
5000128591614
5000128595476
5000128596008
5000128608879
5000128611589
5000128616904
5000128619943
5000128621472
5000128626477
5000128629560
5000128629744
5000128629874
5000128640558
5000128643337
5000128645348
5000128646093
5000128648578
5000128649261
5000128652926
5000128653213
5000128655286
5000128657471
5000128658874
5000128660525
5000128660969
5000128661324
5000128662888
5000128665421
5000128670210
5000128677127
5000128681117
5000128681513
5000128686327
5000128687911
5000128694223
5000128695688
5000128697026
5000128702157
5000128709248
5000128712668
5000128714877
5000128719612
5000128723244
5000128726009
5000128727457
5000128729451
5000128731416
5000128733083
5000128746779
5000128751889
5000128754118
5000128754330
5000128759861
5000128761833
5000128762250
5000128763424
5000128767033
5000128769372
5000128769419
5000128770354
5000128771276
5000128772570
5000128779388
5000128780988
5000128781763
5000128789592
5000128789936
5000128790949
5000128791274
5000128802055
5000128803465
5000128804318
5000128817127
5000128824781
5000128826488
5000128827843
5000128830997
5000128831055
5000128838177
5000128839532
5000128840651
5000128854542
5000128855211
5000128880503
5000128883535
5000128890519
5000128890687
5000128893510
5000128895323
5000128901130
5000128907149
5000128909792
5000128916127
5000128916325
5000128920490
5000128920759
5000128925464
5000128927543
5000128929257
5000128929905
5000128939973
5000128941693
5000128943567
5000128943697
5000128948395
5000128954839
5000128955799
5000128956185
5000128959063
5000128959964
5000128960212
5000128960229
5000128963879
5000128964272
5000128966429
5000128969314
5000128971935
5000128976435
5000128980777
5000128980791
5000128982917
5000128983631
5000128984065
5000128986090
5000128991322
5000128994118
5000128995559
5000129290820
5000129293388
5000129293401
5000129293869
5000129295634
5000129297287
5000129297317
5000129304589
5000129308457
5000129310245
5000129315271
5000129315943
5000129315974
5000129317282
5000129318487
5000129321722
5000129321784
5000129322545
5000129322972
5000129323238
5000129324518
5000129326369
5000129327731
5000129328363
5000129328745
5000129328837
5000129330717
5000129334746
5000129338928
5000129340754
5000129343847
5000129343915
5000129346121
5000129347210
5000129347234
5000129347562
5000129348910
5000129349009
5000129350456
5000129352856
5000129352917
5000129353020
5000129353129
5000129353389
5000129353419
5000129353433
5000129356441
5000129357554
5000129357578
5000129358582
5000129359626
5000129360646
5000129360684
5000129362497
5000129363142
5000129363173
5000129366266
5000129369700
5000129372779
5000129372878
5000129373714
5000129373974
5000129379259
5000129380026
5000129381023
5000129381207
5000129384222
5000129384482
5000136083750
5000147032945
5000154010844
5000157003126
5000157024930
5000157026224
5000157063922
5000157068934
5000157072917
5000157075079
5000157075338
5000157076458
5000157077011
5000157140104
5000157140425
5000157140432
5000157140463
5000157140487
5000157140630
5000157141026
5000157142948
5000157143020
5000157143778
5000157143792
5000157145260
5000157145512
5000157146229
5000157146915
5000157147974
5000157150219
5000157150332
5000157150875
5000157151742
5000157152435
5000157152558
5000157154422
5000157156273
5000159416979
5000159418843
5000159421515
5000159458290
5000159461641
5000159462037
5000159470476
5000159470629
5000159470643
5000159475525
5000159483278
5000159503631
5000159503914
5000159504669
5000159510745
5000159514217
5000159516587
5000159518956
5000159521468
5000159523776
5000159524322
5000159528382
5000159529617
5000159533638
5000159536073
5000159538749
5000159539289
5000159539326
5000159539340
5000159542777
5000159543071
5000159543125
5000159544016
5000159544139
5000159546072
5000159550031
5000159550680
5000159551205
5000159553957
5000159554657
5000159555630
5000159563956
5000159564700
5000159564984
5000159565028
5000159565295
5000159565578
5000159566391
5000159568487
5000159569194
5000159570992
5000159571883
5000159603676
5000160049579
5000165358126
5000167082890
5000167082906
5000167082913
5000168000541
5000168001142
5000168001159
5000168002057
5000168002736
5000168003887
5000168005270
5000168006062
5000168006383
5000168006444
5000168007038
5000168008523
5000168008820
5000168009001
5000168024547
5000168025506
5000168025568
5000168025926
5000168026213
5000168027197
5000168027395
5000168027852
5000168029900
5000168030937
5000168031040
5000168031613
5000168031996
5000168032702
5000168033235
5000168033877
5000168034089
5000168034300
5000168035192
5000168039305
5000168039756
5000168041278
5000168041520
5000168041803
5000168104119
5000168104157
5000168144702
5000168158099
5000168176727
5000168181998
5000168183718
5000168183732
5000168195506
5000168198354
5000168198392
5000168199221
5000168199535
5000168199733
5000168200637
5000168200941
5000168203959
5000168209425
5000168211657
5000168213705
5000168218700
5000168219745
5000169002544
5000169003763
5000169007525
5000169008973
5000169008980
5000169009383
5000169009901
5000169010709
5000169011270
5000169013335
5000169014301
5000169015209
5000169020227
5000169022825
5000169024584
5000169024836
5000169024843
5000169025024
5000169025048
5000169025239
5000169025765
5000169026069
5000169032534
5000169032602
5000169033098
5000169034514
5000169034606
5000169034699
5000169034774
5000169037485
5000169040652
5000169040850
5000169042212
5000169042755
5000169042878
5000169043608
5000169043691
5000169044094
5000169044100
5000169045886
5000169045893
5000169048832
5000169052853
5000169055885
5000169056394
5000169058008
5000169058824
5000169061138
5000169061343
5000169062883
5000169063996
5000169065044
5000169066133
5000169069158
5000169073261
5000169073681
5000169074770
5000169075067
5000169075104
5000169075913
5000169078464
5000169083673
5000169084427
5000169088036
5000169088920
5000169090367
5000169090886
5000169096475
5000169096741
5000169097151
5000169097373
5000169101599
5000169104149
5000169112861
5000169113516
5000169116388
5000169116531
5000169116562
5000169118153
5000169118160
5000169119808
5000169120231
5000169123881
5000169124727
5000169124772
5000169125182
5000169127117
5000169129807
5000169129814
5000169130735
5000169130742
5000169132425
5000169132920
5000169134221
5000169134641
5000169135440
5000169135716
5000169136485
5000169140116
5000169142363
5000169142370
5000169142561
5000169143544
5000169145258
5000169145487
5000169145937
5000169145944
5000169148716
5000169150191
5000169151044
5000169151068
5000169151785
5000169153277
5000169153734
5000169157077
5000169157671
5000169162163
5000169168387
5000169170403
5000169170755
5000169170779
5000169172919
5000169173480
5000169173534
5000169173541
5000169181515
5000169183298
5000169188019
5000169191835
5000169193099
5000169194263
5000169198476
5000169199169
5000169199909
5000169200704
5000169205969
5000169206607
5000169206720
5000169207116
5000169207178
5000169208564
5000169208632
5000169209455
5000169211588
5000169211663
5000169215548
5000169215609
5000169218310
5000169218372
5000169223932
5000169224786
5000169229644
5000169231425
5000169235966
5000169236154
5000169236284
5000169243565
5000169245743
5000169245774
5000169247082
5000169252857
5000169258040
5000169258163
5000169266403
5000169266724
5000169268032
5000169269206
5000169270769
5000169279335
5000169289938
5000169290408
5000169295267
5000169295694
5000169296103
5000169299128
5000169320303
5000169322444
5000169328767
5000169331415
5000169332726
5000169342039
5000169342718
5000169342732
5000169342770
5000169352236
5000169356685
5000169365830
5000169366141
5000169375334
5000169376218
5000169376553
5000169377062
5000169379516
5000169381298
5000169383025
5000169383902
5000169384053
5000169386460
5000169408704
5000169409312
5000169409398
5000169411193
5000169412329
5000169413210
5000169426937
5000169430897
5000169433454
5000169433652
5000169434512
5000169441237
5000169442760
5000169444566
5000169462584
5000169462911
5000169465783
5000169470145
5000169472880
5000169477168
5000169478134
5000169483817
5000169488836
5000169489314
5000169492031
5000169492994
5000169494721
5000169496862
5000169498248
5000169498255
5000169499641
5000169500675
5000169514184
5000169515174
5000169520895
5000169521847
5000169526095
5000169526101
5000169526200
5000169526217
5000169530610
5000169530634
5000169534274
5000169537169
5000169537183
5000169537220
5000169540466
5000169542811
5000169546307
5000169547366
5000169547854
5000169551172
5000169551257
5000169553473
5000169559116
5000169561249
5000169562246
5000169562840
5000169564936
5000169565452
5000169565711
5000169565841
5000169566657
5000169567197
5000169567289
5000169567982
5000169568521
5000169569412
5000169569436
5000169569535
5000169570203
5000169572467
5000169577158
5000169578698
5000169578872
5000169579329
5000169580684
5000169581223
5000169581483
5000169582244
5000169582275
5000169582282
5000169592274
5000169593271
5000169593561
5000169596562
5000169596586
5000169597460
5000169598986
5000169599150
5000169599570
5000169600894
5000169602126
5000169602140
5000169602195
5000169602720
5000169602898
5000169603437
5000169603680
5000169603772
5000169604014
5000169604021
5000169604120
5000169604175
5000169604199
5000169605219
5000169606001
5000169606261
5000169606476
5000169606490
5000169606889
5000169608067
5000169608159
5000169608197
5000169608272
5000169608371
5000169612392
5000169612729
5000169614082
5000169614167
5000169615744
5000169618493
5000169620519
5000169623244
5000169623367
5000169624289
5000169624487
5000169624562
5000169625835
5000169627815
5000169627839
5000169630723
5000169630747
5000169630815
5000169631560
5000169632499
5000169633441
5000169633465
5000169633830
5000169634219
5000169634585
5000169634837
5000169634929
5000169636152
5000169641897
5000169643310
5000169643471
5000169646212
5000169646243
5000169646267
5000169646731
5000169648872
5000169651407
5000169651636
5000169651766
5000169653753
5000169654439
5000169656372
5000169656648
5000169659175
5000169659458
5000169660331
5000169660423
5000169660430
5000169660447
5000169661659
5000169662281
5000169662458
5000169663400
5000169664520
5000169665220
5000169665251
5000169665701
5000169665961
5000169666531
5000169666807
5000169668276
5000169668702
5000169669648
5000169670484
5000169671016
5000169671177
5000169671641
5000169671856
5000169671962
5000169673164
5000169673249
5000169673348
5000169675113
5000169675496
5000169676202
5000169676424
5000169676745
5000169677032
5000169678091
5000169678138
5000169723227
5000169846186
5000169870600
5000169876244
5000169920220
5000169920237
5000169940334
5000169959763
5000171002358
5000171050939
5000171052421
5000171052438
5000171056047
5000171057327
5000171058720
5000171058744
5000171059345
5000171059765
5000171059802
5000171060044
5000171060709
5000171060778
5000175410203
5000175412665
5000177449638
5000177474777
5000177481331
5000177487807
5000177499121
5000181024012
5000181035766
5000181035780
5000184592372
5000184592402
5000187008153
5000187008238
5000187106101
5000187110955
5000187114670
5000187114779
5000187118005
5000187127243
5000187140587
5000187144509
5000193020712
5000193240974
5000193640989
5000197154802
5000197157681
5000197314008
5000197550000
5000199845449
5000205036144
5000205040561
5000205040714
5000205043753
5000205047713
5000205047744
5000205047874
5000205048321
5000205048345
5000205048444
5000205049397
5000205050065
5000205050201
5000208000203
5000208001033
5000208015184
5000208069903
5000213027738
5000214017691
5000214021155
5000221001638
5000221002253
5000221503439
5000221506201
5000221506744
5000221508465
5000221551058
5000221601265
5000221601890
5000221603337
5000221604549
5000221605720
5000221607410
5000221607496
5000221607915
5000221607922
5000221608868
5000221609483
5000221698753
5000225007445
5000225012746
5000225018335
5000225019721
5000225022097
5000225024107
5000225026927
5000225027962
5000225027986
5000225028006
5000225041777
5000225044914
5000225052599
5000225053558
5000225062451
5000225062475
5000225062574
5000225063458
5000225070753
5000227000611
5000227000789
5000227000826
5000227001571
5000227502856
5000227505994
5000227506144
5000227510783
5000227514330
5000227985338
5000227991766
5000227991780
5000227994644
5000232001504
5000232001627
5000232001641
5000232007964
5000232018649
5000232019516
5000232019547
5000232023360
5000232025838
5000232027023
5000232027818
5000232027900
5000232027924
5000232027948
5000232027962
5000232029089
5000232031181
5000232033628
5000232041104
5000232041128
5000232041241
5000232133014
5000232171009
5000232264800
5000232415103
5000232815989
5000232823397
5000232823434
5000232825827
5000232826183
5000232831354
5000232872814
5000232877710
5000232878298
5000232878496
5000232884442
5000232884916
5000232888624
5000232892546
5000232900845
5000232900869
5000232902740
5000232903419
5000234044028
5000234046862
5000234047814
5000234052597
5000234053150
5000234053976
5000234054690
5000237048085
5000237123898
5000237127506
5000237127711
5000237127773
5000237128138
5000237128251
5000237128268
5000237128756
5000237130070
5000237130100
5000237130674
5000237130933
5000237131015
5000237131091
5000237131923
5000237132319
5000237134214
5000237134542
5000237135600
5000237136157
5000237136904
5000237137802
5000237139172
5000237139493
5000237202418
5000237202692
5000237202739
5000237203583
5000237204603
5000237204856
5000237206096
5000237206355
5000237206539
5000237207215
5000242110500
5000242112085
5000242201956
5000243503011
5000243678702
5000243969909
5000254003203
5000254019303
5000254020408
5000254020477
5000254020507
5000254020736
5000254021276
5000254021528
5000256050670
5000256054067
5000289929899
5000295009356
5000295144088
5000295145078
5000295147829
5000295152007
5000295157873
5000309201547
5000314009688
5000316000904
5000316000973
5000316001345
5000316001369
5000316030055
5000317462084
5000326010818
5000326011099
5000328013107
5000328013213
5000328013626
5000328013930
5000328015347
5000328015705
5000328016245
5000328017778
5000328018010
5000328018911
5000328019857
5000328019949
5000328021454
5000328022499
5000328024349
5000328024370
5000328024707
5000328027715
5000328028095
5000328028880
5000328031484
5000328032153
5000328033761
5000328033945
5000328034508
5000328034584
5000328035093
5000328035130
5000328035338
5000328035529
5000328035567
5000328036205
5000328036526
5000328036991
5000328037189
5000328038230
5000328101460
5000328125909
5000328135748
5000328135809
5000328137674
5000328144849
5000328187211
5000328190976
5000328195940
5000328196312
5000328197449
5000328200378
5000328200880
5000328205939
5000328206059
5000328206134
5000328206561
5000328206738
5000328207018
5000328207278
5000328219097
5000328244716
5000328261959
5000328262079
5000328262918
5000328271095
5000328271682
5000328271767
5000328271934
5000328293479
5000328308593
5000328311937
5000328314822
5000328316581
5000328328737
5000328329604
5000328329833
5000328334196
5000328344218
5000328366005
5000328422633
5000328493787
5000328494067
5000328508153
5000328515168
5000328533018
5000328619989
5000328671390
5000328699370
5000328741314
5000328784960
5000328868479
5000328935782
5000328984100
5000328987750
5000328988627
5000328990071
5000328990231
5000342000206
5000342000336
5000342001081
5000342001517
5000347098383
5000354163128
5000354168260
5000354168994
5000354204388
5000354404184
5000354404412
5000354404887
5000354406515
5000354700248
5000354770036
5000354770326
5000354800757
5000354902178
5000354904837
5000354904844
5000354904851
5000354905001
5000354905698
5000354905964
5000354907609
5000354907661
5000354907883
5000354908361
5000354908408
5000354908880
5000354909160
5000354909238
5000354909856
5000354910272
5000354913532
5000354914034
5000354914430
5000354914966
5000354915581
5000354915598
5000354915635
5000354915666
5000354916335
5000354916342
5000354916847
5000354917349
5000354919336
5000354920257
5000354921353
5000354921988
5000354922183
5000354922275
5000354922282
5000354922305
5000354922367
5000354923043
5000354923159
5000354923173
5000354923234
5000354923425
5000354923432
5000354924316
5000354924576
5000354924651
5000354924859
5000354926006
5000354926594
5000354927324
5000354928253
5000354928505
5000358618341
5000358917369
5000362000248
5000362000347
5000362002853
5000362014900
5000362104601
5000362125101
5000362211156
5000362256393
5000382023197
5000382101222
5000382101369
5000382104032
5000382106548
5000382106586
5000382106609
5000382108092
5000382108870
5000382109433
5000382111405
5000382111856
5000382112327
5000382112723
5000382112808
5000382114345
5000382114888
5000382115236
5000382115410
5000382120285
5000382120421
5000382121251
5000382123576
5000382123880
5000382124566
5000382124801
5000382124917
5000396054392
5000436150695
5000436452812
5000436508298
5000436531418
5000436815938
5000462125551
5000462246102
5000462384323
5000462558687
5000462689930
5000462960015
5000488105773
5000820000070
50012862
50012909
50019939
50022861
5002687271020
50038848
5010000510008
5010003033160
5010003051515
5010003063808
5010003063846
5010003065512
5010003068766
5010003070004
5010024101381
5010024103910
5010024118105
5010026514301
5010026514424
5010026518286
5010026518583
5010026519054
5010026520708
5010029201642
5010029203882
5010029203905
5010029211030
5010029219500
5010029221602
5010029222173
5010029224795
5010029225297
5010029226072
5010029226218
5010029227284
5010029228076
5010029228922
5010029228977
5010029229936
5010029229998
5010029230109
5010034000261
5010034002302
5010034008939
5010034010383
5010034011397
5010034011571
5010034012349
5010034012356
5010034014237
5010034014268
5010034015227
5010034016323
5010034517202
5010034518001
5010034592407
5010034594005
5010035000345
5010035000734
5010035001342
5010035001489
5010035001762
5010035060356
5010035062220
5010035067041
5010035067980
5010035068369
5010035068444
5010035069328
5010035069335
5010035069366
5010035069816
5010035169332
5010038484098
5010038495827
5010044007779
5010044007816
5010044009117
5010044009261
5010044009278
5010044009667
5010044010182
5010044010526
5010044010656
5010044011561
5010052108307
5010052110591
5010052111420
5010052112892
5010052113080
5010052114148
5010052114193
5010052114308
5010052114858
5010052115121
5010052115763
5010052116289
5010061001002
5010061242177
5010067306927
5010067307030
5010067314991
5010067322453
5010067334654
5010067382396
5010069707272
5010069724248
5010069725542
5010074603019
5010076742815
5010082113593
5010082133263
5010084902706
5010084903475
5010084903598
5010084905042
5010092051922
5010092079544
5010092096046
5010092236442
5010092299348
5010092706419
5010102000391
5010102003507
5010102004368
5010102118102
5010102118973
5010102118980
5010102241657
5010102242852
5010102243798
5010102245235
5010102341630
5010102343269
5010102343290
5010102344433
5010102348011
5010105002095
5010112006222
5010115822324
5010115822355
5010115822362
5010115900442
5010115927111
5010115934386
5010115943463
5010134918916
5010140349605
5010153773671
5010153812561
5010153871278
5010188000636
5010204194158
5010204505442
5010204845609
5010204862439
5010204914015
5010204973104
5010215445317
5010223682124
5010225001503
5010228001920
5010228002262
5010228002897
5010228003542
5010228004723
5010228005324
5010228005393
5010228005607
5010228005669
5010228005690
5010228005881
5010228006772
5010228006789
5010228006802
5010228007007
5010228007106
5010228012506
5010228077345
5010228084411
5010236073353
5010236101490
5010236114322
5010236157619
5010236157862
5010236334010
5010238013678
5010238013715
5010238013852
5010238014729
5010238017829
5010238019298
5010238020294
5010238021994
5010238022151
5010238022465
5010238022502
5010238022526
5010238022724
5010251154174
5010251268130
5010251268178
5010251332886
5010251384243
5010251390862
5010251395683
5010251413172
5010251413226
5010251413240
5010251413363
5010251413431
5010251413448
5010251413479
5010251413868
5010251414681
5010251414988
5010251423027
5010251425816
5010251426905
5010251429906
5010251432654
5010251434924
5010251436027
5010251439486
5010251440253
5010251443841
5010251446996
5010251450528
5010251455301
5010251455325
5010251455578
5010251457206
5010251457220
5010251460114
5010251460268
5010251460336
5010251460800
5010251461302
5010251462507
5010251462873
5010251463993
5010251464013
5010251476719
5010251476825
5010251481843
5010251481904
5010251482147
5010251493921
5010251494331
5010251494706
5010251507826
5010251508465
5010251508526
5010251508939
5010251509004
5010251509011
5010251510611
5010251510789
5010251511267
5010251512424
5010251518013
5010251519621
5010251521426
5010251521464
5010251522201
5010251522560
5010251522669
5010251523222
5010251523253
5010251524113
5010251524564
5010251524601
5010251525066
5010251525073
5010251525301
5010251525400
5010251526452
5010251535348
5010251535393
5010251535423
5010251535430
5010251536161
5010251536710
5010251536918
5010251538431
5010251540502
5010251544074
5010251551218
5010251552635
5010251552871
5010251553953
5010251554028
5010251554714
5010251554882
5010251555117
5010251555148
5010251555162
5010251555179
5010251555247
5010251555742
5010251557333
5010251557357
5010251557371
5010251557746
5010251558880
5010251559535
5010251560036
5010251560074
5010251560104
5010251560197
5010251560487
5010251561408
5010251561828
5010251561958
5010251562931
5010251563174
5010251564829
5010251567066
5010251569497
5010251581727
5010251581987
5010251581994
5010251582250
5010251587811
5010251588689
5010251588962
5010251589082
5010251589358
5010251590545
5010251590934
5010251590972
5010251592938
5010251593140
5010251593188
5010251593379
5010251593447
5010251594109
5010251595052
5010251595434
5010251595472
5010251595724
5010251595854
5010251596837
5010251597322
5010251597445
5010251598404
5010251602156
5010251603252
5010251603269
5010251603597
5010251603665
5010251603740
5010251603900
5010251604549
5010251604952
5010251607205
5010251607441
5010251607618
5010251607632
5010251607724
5010251610373
5010251613329
5010251613794
5010251615712
5010251615729
5010251618843
5010251621164
5010251629801
5010251629818
5010251629863
5010251633648
5010251633792
5010251638544
5010251655374
5010251658450
5010251664062
5010251664154
5010251664284
5010251664307
5010251666073
5010251678526
5010251686767
5010251694625
5010251696070
5010251696568
5010251696964
5010251697268
5010251702900
5010251711117
5010251714675
5010251714705
5010251715689
5010251716242
5010251716297
5010251716358
5010251720034
5010251721024
5010251722106
5010251725022
5010251725657
5010251729389
5010251729815
5010251730835
5010251732990
5010251733133
5010251733300
5010251733362
5010251733386
5010251733423
5010251733454
5010251733508
5010251734215
5010251737117
5010251737124
5010251737155
5010251743408
5010251743422
5010251746416
5010251755012
5010251755562
5010251755593
5010251756224
5010251756958
5010251757054
5010251758075
5010251759591
5010251760351
5010251764410
5010251764564
5010251764649
5010251764670
5010251765226
5010251766476
5010251767244
5010251768463
5010251775256
5010251775362
5010251775942
5010251779025
5010251779513
5010251783015
5010251783060
5010251783107
5010251783268
5010251783459
5010251783466
5010251785590
5010251790617
5010251795100
5010251796985
5010251797074
5010251797210
5010251797487
5010251797494
5010251798200
5010251803621
5010251821687
5010251821700
5010251821748
5010251826309
5010251826316
5010251830016
5010251830139
5010251835097
5010251838166
5010251839217
5010251840787
5010251842347
5010251842354
5010251843351
5010251843375
5010251845249
5010251845300
5010251863571
5010251863717
5010251863823
5010251870678
5010251870746
5010251878568
5010251881315
5010251883425
5010251884729
5010251884996
5010251902980
5010251903345
5010251903772
5010251903796
5010251907008
5010251908531
5010251914679
5010251915041
5010251915096
5010251918172
5010251918196
5010251919742
5010251920182
5010251921967
5010251922223
5010251928515
5010251930440
5010251930822
5010251930853
5010251931492
5010251931515
5010251931577
5010251933243
5010251943907
5010251946052
5010251950011
5010251953142
5010251953166
5010251953272
5010251961116
5010251976905
5010251976950
5010251979937
5010251985747
5010251986829
5010254002786
5010254500114
50102747
50102754
5010282010685
5010282011064
5010282012504
5010282012979
5010285103889
5010292922350
5010292937262
5010292948480
5010292963117
5010292969447
5010292969584
5010292969744
5010292971099
5010292971839
5010292973192
5010301043458
5010301358620
5010338000387
5010338000479
5010338102517
5010338103064
5010338103972
5010338202118
5010338202125
5010338202613
5010338205195
5010338206093
5010338220235
5010338300357
5010338405151
5010338800079
5010357427592
5010358242972
5010358244396
5010358246192
5010358252735
5010358265469
5010358267272
5010358267494
5010358268392
5010358271743
5010358271910
5010358273334
5010358275468
5010358275536
5010358278933
5010386103597
5010392004628
5010392004659
5010431600309
5010431600941
5010437000677
5010437021870
5010438007767
5010438011924
5010438013089
5010438016486
5010438017117
5010438017346
5010438017476
5010438017544
5010438018428
5010438018787
5010438020186
5010438020605
5010438021800
5010438022197
5010459000907
5010474005611
5010477357373
5010477363879
5010477364593
5010477368898
5010477373632
5010478200517
5010478224575
5010478246812
5010478271142
5010478350144
5010478401570
5010478415843
5010478440234
5010478477209
5010478489172
5010478497818
5010478511729
5010478532144
5010478562172
5010478587120
5010478622548
5010478681477
5010478730014
5010478789258
5010478847330
5010478884519
5010478938816
5010478945616
5010481658565
5010482119379
5010482121570
5010482167561
5010482175207
5010482177386
5010482177416
5010482187958
5010482188139
5010482188528
5010482200015
5010482200176
5010482207892
5010482212490
5010482229184
5010482229191
5010482232337
5010482234485
5010482234508
5010482234522
5010482245405
5010482260590
5010482263478
5010482270971
5010482274948
5010482275006
5010482276690
5010482324421
5010482327903
5010482339838
5010482368500
5010482369286
5010482373511
5010482374228
5010482379599
5010482379810
5010482381158
5010482383640
5010482399276
5010482507664
5010482510862
5010482537265
5010482538507
5010482538545
5010482539597
5010482549732
5010482552640
5010482559175
5010482565091
5010482567279
5010482570798
5010482570811
5010482570873
5010482578596
5010482578626
5010482579968
5010482617967
5010482633660
5010482633752
5010482642570
5010482645694
5010482648107
5010482648688
5010482650025
5010482657161
5010482659370
5010482662165
5010482663308
5010482668037
5010482668075
5010482689155
5010482705756
5010482712105
5010482716226
5010482721442
5010482732844
5010482738761
5010482738792
5010482751050
5010482751081
5010482751173
5010482753665
5010482754945
5010482757762
5010482758806
5010482761103
5010482761332
5010482761486
5010482767174
5010482768737
5010482772390
5010482774127
5010482774158
5010482783396
5010482786328
5010482789343
5010482789572
5010482789725
5010482792312
5010482793838
5010482796778
5010482797034
5010482797065
5010482797126
5010482797157
5010482797195
5010482797669
5010482797850
5010482799700
5010482812423
5010482812737
5010482812782
5010482813048
5010482817114
5010482817879
5010482835088
5010482836740
5010482837273
5010482837938
5010482838416
5010482838430
5010482838454
5010482840617
5010482841065
5010482843731
5010482857967
5010482858186
5010482858247
5010482859213
5010482860943
5010482867980
5010482867997
5010482870829
5010482872267
5010482874551
5010482874599
5010482877583
5010482879693
5010482883102
5010482883119
5010482888145
5010482888268
5010482888749
5010482890988
5010482891923
5010482900243
5010482903084
5010482903121
5010482903190
5010482912406
5010482912413
5010482912727
5010482916053
5010482916176
5010482916206
5010482918095
5010482922221
5010482924614
5010482924690
5010482934378
5010482935238
5010482938406
5010482945794
5010482945824
5010482945916
5010482949570
5010482949907
5010482950200
5010482951870
5010482951979
5010482951986
5010482952358
5010482953188
5010482953492
5010482953751
5010482953911
50105083
5010511471652
5010511472239
5010511472673
5010511475421
5010511475445
5010511475681
5010511476923
5010511478545
5010511480272
5010511480753
5010511481378
5010511481385
5010525002897
5010525004259
5010525004730
5010525009988
5010525010182
5010525013084
5010525013114
5010525014920
5010525015989
5010525017181
5010525017754
5010525022147
5010525022215
5010525022352
5010525022383
5010525022482
5010525022499
5010525024172
5010525027074
5010525034034
5010525040875
5010525041339
5010525041360
5010525044217
5010525048857
5010525048864
5010525048871
5010525050034
5010525051260
5010525056081
5010525056104
5010525056234
5010525057064
5010525057620
5010525063638
5010525063959
5010525063973
5010525064062
5010525077192
5010525087801
5010525088419
5010525088426
5010525092522
5010525092553
5010525092928
5010525094366
5010525094458
5010525094519
5010525094816
5010525095837
5010525095851
5010525096995
5010525099682
5010525099750
5010525099866
5010525099941
5010525100647
5010525102320
5010525102375
5010525102412
5010525105093
5010525116204
5010525116716
5010525117379
5010525117386
5010525120126
5010525123097
5010525123356
5010525125626
5010525125671
5010525125701
5010525135557
5010525135625
5010525136783
5010525136806
5010525151090
5010525151526
5010525152028
5010525153193
5010525157214
5010525157245
5010525157276
5010525163208
5010525165363
5010525167305
5010525167633
5010525170473
5010525178790
5010525179988
5010525183343
5010525187099
5010525187150
5010525187631
5010525188287
5010525193847
5010525196817
5010525202167
5010525203492
5010525207452
5010525207599
5010525208251
5010525209111
5010525209180
5010525209852
5010525210025
5010525210261
5010525210438
5010525210599
5010525213439
5010525213453
5010525216652
5010525216720
5010525217314
5010525220017
5010525220222
5010525220253
5010525220338
5010525221519
5010525221601
5010525222264
5010525224138
5010525224954
5010525226675
5010525232430
5010525234021
5010525236056
5010525236940
5010525240329
5010525244433
5010525244457
5010525246581
5010525246635
5010525246710
5010525247649
5010525249049
5010525249261
5010525249285
5010525249681
5010525249834
5010525250144
5010525250236
5010525257419
5010525257518
5010525258690
5010525258751
5010525272412
5010525276663
5010525277233
5010525277479
5010525277554
5010525278100
5010525278155
5010525278162
5010525278384
5010525288314
5010525289120
5010525289168
5010525309651
5010525309743
5010525314075
5010525315553
5010525317175
5010525317342
5010525319346
5010525319438
5010525319667
5010525319919
5010525320236
5010525324791
5010525325088
5010525334608
5010525335438
5010525355887
5010525356716
5010525357560
5010525357591
5010525357720
5010525357911
5010525358123
5010525362977
5010525363059
5010525363158
5010525363936
5010525378930
5010525381466
5010525382746
5010525384900
5010525389455
5010525391199
5010525391922
5010525396385
5010525401621
5010525402123
5010525405490
5010525417639
5010525421094
5010525423241
5010525424460
5010525425917
5010525431185
5010525432076
5010525432991
5010525438115
5010525443843
5010525445564
5010525948355
5010578003124
5010578003186
5010578004022
5010599016653
5010603001088
5010626021759
5010654333329
5010663251003
5010663252758
5010663800911
5010663803974
5010663812099
5010663817759
5010663817810
5010666030605
5010693308449
5010693411606
5010693601236
5010718172017
5010718205715
5010718314516
5010718315216
5010731131121
50107445
5010745053112
5010745054423
5010745065986
5010758306700
5010775197435
5010775204140
5010775204225
5010775204379
5010775204416
5010775204447
5010775204881
5010793378694
5010793381144
5010822991405
5010889010040
5010893850045
5010896092671
5010909001553
5010909005551
5010909006121
5010909007814
5010933012464
5010951469363
5010955200030
5010955209675
5010973003392
5010975050028
5010975075144
5011001100953
5011003000176
5011003046389
5011003048802
5011013100088
5011020104956
5011032580168
5011038138882
5011038139124
5011040025408
5011040028362
5011053021800
5011053025648
5011059001868
5011064000009
5011064001631
5011069029340
5011069172442
5011069172756
5011069172770
5011096010977
5011096015330
5011118077841
5011157630335
5011157993539
5011157993546
5011157993768
5011157993782
5011157993843
5011157995359
5011157995656
5011157996059
5011157996158
5011157996530
5011157996813
5011157996851
5011157997179
5011157997605
5011166019596
5011187113594
5011255015003
5011262236026
5011262859508
5011273005338
5011273007516
5011308000758
5011308010528
5011308303033
5011308303279
5011308520096
5011308701976
5011357000426
5011371000051
5011376001732
5011376002241
5011376003477
5011417582060
5011424500477
5011476004411
50115105
5011546473376
5011563624300
5011579450146
5011668715040
5011673109117
5011673401112
5011714020142
5011766010696
5011766010702
5011766222457
5011766300278
5011766300315
5011766666121
5011766666343
5011766778022
5011766778107
5011766778145
5011785013777
5011785013784
5011785015511
5011823001568
5011835100211
5011835100624
5011835104059
5011885002190
5011986004000
5012035949853
5012035950606
5012035951092
5012035951153
5012035952440
5012035952754
5012035952853
5012035955717
5012035962135
5012035962210
5012035962241
5012035962388
5012035962395
5012035962449
5012035962975
5012035964818
5012035965556
5012035965952
5012035966379
5012035969233
5012035969332
5012035969349
5012035969387
5012035969950
5012035970222
5012035970475
5012035971618
5012035971878
5012035971953
5012035971984
5012035972035
5012035972073
5012035972165
5012035972202
5012035972318
5012035973124
5012035973575
5012035985264
5012035985417
5012035986735
5012035986759
5012035986896
5012035998349
5012035998387
5012035998646
5012035999599
5012035999964
5012159037894
5012159039409
5012159039959
5012235003690
5012246004952
5012246006222
5012246022352
5012246115856
5012246115863
5012262010166
5012262010234
5012262010753
5012262010883
5012309011415
5012362001651
5012389007094
5012389100245
5012389670052
5012389670083
5012389672582
5012426360007
5012427042209
5012427066304
5012427072305
5012427108608
5012427143005
5012427227408
5012427270909
5012427293502
5012427298309
5012427310308
5012427642300
5012427671201
5012427676701
5012454063680
5012454066155
5012454072224
5012454072231
5012454073269
5012547004347
5012547005306
5012547006303
5012818192100
5012836704286
5012836757282
5012845198120
5012845205637
5012876106606
50129003
5013026197659
5013375117032
5013414999049
5013427011868
5013427013756
5013472000206
5013499009848
5013515423009
5013517123082
5013517126946
5013531001991
5013531210232
5013531212748
5013531380546
5013531381574
5013531730372
5013531730648
5013531940757
5013531940764
5013531940955
5013609001670
5013635101443
5013635104017
5013635352449
5013635390199
5013635410415
5013635420513
5013635630028
5013635701667
5013665101246
5013665101581
5013665112631
5013665113218
5013665113355
5013665115038
5013665115595
5013665115779
5013668418198
5013668435393
5013683307422
5013803000493
5013803001049
5013803124823
5013803340155
5013803620332
5013803666002
5013803701901
5014008000059
5014067344385
5014213000905
5014213001278
5014213001827
5014213200787
5014271002699
5014271380421
5014271797120
5014272108031
5014276654213
5014276701061
5014276701238
5014276701320
5014276701610
5014276701849
5014276702082
5014276702112
5014276702419
5014276702471
5014276703218
5014276703836
5014276706707
5014276707025
5014276721472
5014284004208
5014284056221
5014379003475
5014379008036
5014379012859
5014379012934
5014442027827
5014653026428
5014747759096
5014908003310
5014908010479
5015093160383
5015096993100
5015096993124
5015096993162
5015168000385
5015274005007
5015282127562
5015282127777
5015285811758
5015301999941
5015436296151
5015612015958
5015634045414
5015696442251
5015753000011
5015753002879
50157846
5015821121167
5015821159665
5015821161040
5016049086245
5016049086696
5016049283323
5016084151281
5016096123450
5016143003308
5016143005081
5016157077791
5016157079207
5016316013349
5016316052003
5016346514748
5016346515578
5016346515943
5016346516773
5016346517237
5016346519576
5016346519651
5016346520497
5016346520640
5016451062189
5016451062578
5016451212270
5016451222415
5016451242536
5016451243960
5016451334293
5016451342908
5016451433071
5016451453956
5016451522591
5016451761129
5016451761167
5016491123703
5016533513400
5016765102854
5016765102861
5016769996633
5016778196048
5016778466974
5016778666817
5016792005012
5016805010545
5016805011382
5016805011511
5016860000178
5016860100205
5016860361378
5016860959483
50168767
5016883003033
5016887001400
5016887007297
50168989
5016901002826
5016926010035
5016926010165
5016935000751
5016935000904
5016935000942
5017073000030
5017079006128
50171453
5017162004673
5017174011409
5017174073711
5017174074121
5017174130698
5017174345894
5017174364116
5017174818664
5017174826997
5017174922675
5017174949801
50172436
5017279241749
5017375033408
5017375033910
5017375034726
5017375067434
5017375070984
5017375377441
5017397002017
5017397002024
5017397002109
5017397004004
5017397077275
5017397077282
5017400108309
5017601001850
5017601004363
5017601008316
5017601009313
5017601009368
5017601009870
5017601011361
5017601014102
5017601015079
5017601016151
5017601016410
5017601018056
5017601018582
5017601020462
5017601020660
5017601024682
5017601024729
5017601025245
5017601027218
5017601028512
5017601030034
5017601034117
5017601035374
5017601035756
5017601036593
5017601039075
5017601039976
5017601040019
5017601041009
5017601041252
5017601041818
5017601041931
5017601042327
5017601042778
5017601043010
5017601044659
5017601044710
5017601046158
5017601046714
5017601047230
5017601050452
5017601050476
5017601050490
5017601050698
5017601061687
5017601061748
5017601770848
5017689001193
5017689005092
5017689014056
5017689075606
5017689080723
5017689097905
5017689518752
5017726189617
5017764000417
5017764003272
5017764004460
5017764004750
5017764004941
5017764125691
5017764126100
5017764430092
5017764600297
5017764901226
5017822000342
5017838817859
5017838822143
5017840005206
50178551
5017971000682
5018045913181
5018076100659
5018076100925
5018095000947
5018095000992
5018095013176
5018095131344
5018156012728
5018190009326
5018190009883
5018190010001
5018297007829
5018297010478
5018297011604
5018297011918
5018297012434
5018297012786
5018357006779
5018357010059
5018357010653
5018357011032
5018357011858
5018357011896
5018374062048
5018374112897
5018374113214
5018374194787
5018374207609
5018374315441
5018374320162
5018374371195
5018420170031
5018605006070
5018605006810
5018605131215
5018605427158
5018605582659
5018605679793
5018605743289
5018605768442
5018666021173
5018735225099
5018811000459
5018811000480
5018811000961
5018811001340
5018929050797
50189526
5019029011220
5019087042006
5019087046103
5019087046301
5019101305667
5019124276005
50191390
5019180045027
5019180063038
5019180069337
5019180078872
5019312081343
5019312081442
5019312081497
5019312081824
5019312083347
5019312083378
5019312089677
5019312094220
5019376002377
5019378000609
5019378002740
5019378002757
5019432441232
5019432441836
5019440011533
5019503003093
5019503009859
5019503018998
5019503021936
5019503023985
5019503028461
5019503031508
5019503036961
5019503043563
5019503044898
5019503045888
5019503046212
5019503046786
5019503048742
5019503048780
5019503446883
5019520001034
5019520001065
5019547001109
5019608200991
5019628001257
5019638202118
5019727520741
5019827000815
50201464
5020290602253
5020290603021
5020322000538
5020341800270
5020379056557
5020379060882
5020379095211
5020379116183
5020379124119
5020379130929
5020379135221
5020379150750
5020379150798
5020379150873
5020379154192
5020379154413
5020379154437
5020379154475
5020379157315
5020379157810
5020379162098
5020379168687
5020379174374
5020379175180
5020379175760
5020379184274
5020387000351
5020387002225
5020411121281
5020580002916
5020580009533
5020580022761
5020580119911
5020580198411
5020580200800
5020580269227
5020580269364
5020580551773
5020580553265
5020580555528
5020580563509
5020744670050
5020908270188
5020908270430
5020929000191
5020934000278
5020934520073
5021039023377
5021039024626
5021039032287
5021202548478
5021254901740
5021254909890
5021254910223
5021320168343
50213306
50214228
5021438000160
5021438000566
5021438017069
5021554000082
5021554000105
5021554000563
5021554002406
5021554003014
5021554004813
5021554004899
5021554005698
5021554980124
5021554981497
5021554984061
5021554984122
5021554986904
5021554987567
5021554988083
5021554988175
5021554989356
5021638000892
5021638013007
5021638120323
5021638124628
5021638130636
5021638199732
5021690203521
5021698401301
5021727004053
5021746000692
5021746001422
5021812003435
5021812005620
5021821141456
5021821141869
5021821141906
5021858336672
5021885020803
5021991113673
5021991942594
5022019170111
5022019220120
5022019420100
5022019430116
5022019650118
5022019860111
5022032129677
5022032133490
5022032140894
5022032144397
5022032148982
5022111021311
5022111031945
5022111031976
5022235003057
5022240015953
5022240016745
5022259000117
5022313124551
5022313228945
5022313562711
5022313596952
5022313731773
5022313864778
5022374056877
5022374058147
5022374058680
5022374061628
5022551816683
50225552
5022558001433
5022775000110
5022775000240
5022775001018
5022817000221
5022824044706
5022824044737
5022972009763
5022977003278
5022977008570
5023274049815
50232864
5023528000050
5023528000296
5023534008002
5023751000322
5023751000605
5023823004807
5023823005101
5023867020122
5024121099793
5024121100673
5024121339127
5024121378119
5024121488115
5024121897306
50241293
5024153111111
5024255000962
5024255002355
5024271111543
5024271111819
5024271111826
5024271112052
5024271112267
5024271112526
5024271113042
50243228
5024333020714
5024333218142
5024333221302
5024333230359
5024448561911
5024448565407
5024448567098
5024448572306
5024583000016
5024593000143
5024593000648
5024593000983
5024616003014
5024624807000
5024643000666
50249473
5025042004682
5025042012762
5025042018023
5025042029418
5025165301576
5025165643102
5025175005488
5025183052290
5025183069762
5025183074568
5025183076074
5025183078009
5025183078351
5025183078528
5025183078580
5025190411059
5025251001892
5025324004331
5025324006083
5025324009756
5025324010349
5025514000341
5025627000924
5025759013731
5025820005672
5025820005795
5025820006648
5025820007294
5025820008741
5025833051000
5025840000015
5025840000190
5025840002101
5025840006178
5025960008113
5025971207154
5026018543457
5026109000364
5026109002108
5026109008957
5026139000310
5026333366663
5026489465364
5026489479668
5026489484075
5026489497891
5026489500263
5026489500287
5026489500294
5026489500447
5026489503974
5026489503981
5026489505466
5026489506050
5026489507194
5026573000242
5026761001501
5027017275608
5027040017404
5027040025102
5027324000146
5027324000566
5027324005608
5027370000367
5027388000076
5027388000090
5027473000028
5027492002478
5027492002843
5027492003093
5027615072128
5027659793423
5027675514712
5027738008417
5027738010366
5027738013855
5027738014975
5027738016108
5027738017785
5027951000366
5027951007365
5027952014607
5027952015017
5027974000114
5028030002011
5028110003457
5028290085755
5028290085854
5028367000292
5028367001398
5028367005990
5028440437373
5028482103212
5028738001613
5028772000016
5028772007275
5028869060848
5028869092351
5028889001005
5028977010438
5029062000938
5029106000986
5029106003161
5029106004120
5029210000414
5029220001999
5029220154206
5029220154695
5029220155203
5029220156194
5029220157597
5029220209135
5029220858890
5029223000845
5029223001736
5029223002894
5029223009602
5029223010486
5029266180443
5029266200011
5029266900027
5029303322782
5029354013578
5029396001182
5029396002509
5029396222341
5029396322775
5029396738569
5029396738828
5029540000016
5029578000163
5029578000835
5029617001250
5029617002363
5029730074575
5029749112268
5029775010507
5029788155110
5029788158760
5029788158869
5029788161661
5029788164020
5029788165126
5029788172346
5029788178232
5029788179925
5029788187876
5029788188262
5029788192221
5029788194324
5029788198049
5029788602072
5029872016891
5029900000007
5029912043412
5029912043429
5029948786277
5029948786543
5030039001131
5030039005085
5030039006044
5030101022255
5030101022279
5030101022286
5030101028134
5030101028158
5030101031028
5030101031875
5030101033022
5030104001202
5030104005163
5030104005415
5030131006317
5030149025713
5030197000991
5030210004029
5030343014117
5030343080662
5030343831066
5030343833497
5030343834821
5030343834944
5030343836719
5030343836733
5030343836832
5030343836900
5030343837235
5030343838294
5030343839604
5030450731679
5030450738654
5030600064022
5030696000058
5030696200014
5030696400056
5030755001460
5030755001583
5030756000431
5030756005856
5030796000248
5030796003607
5031006710971
5031006820861
5031021047410
5031021125651
5031021239136
5031102000044
5031102000402
5031102000563
5031102000648
5031153000574
5031153333436
5031153338158
5031396069246
5031396083280
5031416030317
5031416081555
5031416082545
5031416082620
5031416112174
5031416112204
5031416221296
5031418000516
5031504722230
5031532020773
5031838000011
5031915300713
5032003004483
5032015000312
5032015002286
5032105470308
5032246000037
5032457710756
5032457710930
5032457711418
5032457711890
5032457711951
5032457712491
5032457716932
5032457800129
5032490051076
5032490052578
5032543002291
5032558000350
5032674000401
5032678004993
5032722301955
5032722302761
5032722302778
5032722304932
5032722305991
5032722306011
5032722307292
5032722307339
5032722310070
5032722311107
5032722311558
5032722312265
5032722312715
5032722312890
5032722313002
5032722313118
5032722313262
5032722313637
5032722315457
5032722315549
5032722315679
5032722315686
5032722315785
5032722315914
5032722316447
5032722317253
5032722317543
5032722318373
5032722318533
5032722318755
5032722318878
5032722643949
5032722649965
5032824017365
5032824017389
5032824022079
5032860020220
5033403014577
5033637000254
5033665212728
5033665213084
5033665214562
5033665215323
5033665215408
5033665216047
5033665216207
5033665217549
5033742002051
5033742002396
5033747023211
5034136040055
5034210140022
5034210521418
5034231003177
5034258001149
5034258002313
5034342000102
5034356465812
5034444101127
5034444101707
5034444101714
5034444113106
5034444115230
5034444115445
5034444115568
5034444115582
5034467000858
5034467002456
5034525003500
5034525007713
5034525013196
5034654654611
5034660003991
5034660522232
5034709004323
5034709005528
5034709005726
5034718082015
5034736000053
5034743200491
5034795000223
5034795001091
5034795001411
5034795004788
5034865401103
5034865401233
5035139215037
5035139215150
5035139218311
5035139218540
5035230000235
5035230100027
5035230100034
5035230100041
5035251001303
5035251001860
5035251004618
5035272200150
5035272578785
5035272768315
5035272934642
5035272937322
5035272967732
5035272968111
5035336000054
5035336000764
5035500004253
5035500004482
5035540104401
50357291
5035766049098
5035766049418
5035766381297
5036034003262
5036034406292
5036034406568
5036040140241
50362103
50362110
5036259000428
5036259001029
5036259001043
5036319017038
5036319017441
5036319017601
5036396000121
5036456599459
5036557001066
5036583226693
5036583226761
5036583227133
5036589200529
5036589201144
5036589201748
5036589203865
5036589204176
5036589204596
5036589204848
5036589250876
5036589252818
5036589253976
5036589255277
5036589256991
5036599207198
5036599237331
5036601324851
5036601554654
5036601554661
5036601565780
5036601752630
5036601852910
5036601867549
5036601867655
5036601876541
5036601969786
5036604564650
5036642011161
5036642077808
5036645645813
5036711001123
5036820001731
5036820002493
5036829233133
5036829750173
5036829751606
5036829756625
5036829757080
5036829757646
5036854001622
5036889752926
5036889754029
5037166000716
5037166001096
5037166003052
5037166005940
5037269880192
5037412009012
5037541000560
5037583001136
50382156
5038268004695
50382811
5038382002072
5038382325089
5038438000625
5038584800018
5038695000499
5038862137737
5038862138673
5038862231107
5038862235723
5038862237093
5038862237871
5038862238977
5038862239271
5038862360104
5038862632034
5038862633390
5038862836623
5038961000215
5039303003567
5039303005196
5039303006391
5039303007640
5039303007763
5039303007817
5039364200479
5039378003752
5039378004919
5039378004933
5039378005176
5039378006821
5040419010202
50409334
5041125000075
50412532
50412570
50413034
50413041
50413652
50414857
50426942
50436729
50449286
5045092725368
5045092850992
5045092851043
5045095203948
5045095736880
5045098338098
5045098592292
50457908
5048440431942
5050028266150
5050028271239
5050028279945
5050048050029
5050179071115
5050179080285
5050179080469
5050179701906
5050179916836
5050360013962
5050469001280
5050469002270
5050665011847
5050665013148
5050665023253
5050665025400
5050665033009
5050665033214
5050665034754
5050665039865
5050665040656
5050665043886
5050665045378
5050665045460
5050665045804
5050665047150
5050665048690
5050665049161
5050668020235
5050713316627
5050854213656
5050854216534
5050854288142
5050854334283
5050854535550
5050854535574
5050854584787
5050854628856
5050854633225
5050854636509
5050854652936
5050854653377
5050854664113
5050854830723
5050854830747
5050854946042
5050854975882
5050854976834
5050854977510
5050854989070
5050854989100
5050854989124
5050974500919
5050974505358
5050974505952
5050974506812
5051007161916
5051008951042
5051008983807
5051140011567
5051140030674
5051140265717
5051140338923
5051140474164
5051140643072
5051140682507
5051246170014
5051277445525
5051277849033
5051277861318
5051277937280
5051277937471
5051399223469
5051399321745
5051399571058
5051399757834
5051399758770
5051413015445
5051413049327
5051413051597
5051413142196
5051413142530
5051413145173
5051413145197
5051413183106
5051413184967
5051413246092
5051413258477
5051413270189
5051413288191
5051413363140
5051413392669
5051413543146
5051413577400
5051413578698
5051413579381
5051413621486
5051413621516
5051413679586
5051413818862
5051413846292
5051413871256
5051413881217
5051413888100
5051413965771
5051413981467
5051594009233
5051622082450
5051622749759
5051622750366
5051790249112
5051790298097
5051790308772
5051790623363
5051790819513
5051873003006
5051873003402
5051873004201
5051873005147
5051873005901
5051873006458
5051882127601
5051898231491
5051898684556
5051898696993
5051898781057
5051898873370
5051898958077
5052003083561
5052003441354
5052003490178
5052003523081
5052003565623
5052003619074
5052003671706
5052003714434
5052004288019
5052004540193
5052004604789
5052004649513
5052004660792
5052109810276
5052109810597
5052109870638
5052109950514
5052109963231
5052109997403
5052275001546
5052319187991
5052319217834
5052319332414
5052319711639
5052319969689
5052320400553
5052320400751
5052320529964
5052320539710
5052320565290
5052320724444
5052320859917
5052320917235
5052320985234
5052320986828
5052449004014
5052449008197
5052449010732
5052449010749
5052449010794
5052449010817
5052449010824
5052449018967
5052449082722
5052449093919
5052449098303
5052449156218
5052449167146
5052449167597
5052449186505
5052449192735
5052449194005
5052449204643
5052449204681
5052449206593
5052449211443
5052449211658
5052449263695
5052449295306
5052449336016
5052449341782
5052449341805
5052449344349
5052449344356
5052449437690
5052449439335
5052449474251
5052449481389
5052449489088
5052449493078
5052449493122
5052449493146
5052449513684
5052449515473
5052449528312
5052449539806
5052449589917
5052449637991
5052449638059
5052449638066
5052449658996
5052449668704
5052449668797
5052449668803
5052449747034
5052449781762
5052449782394
5052449782400
5052449782448
5052449791075
5052449791112
5052449803730
5052449844429
5052449853773
5052449911381
5052449912388
5052514013323
5052526025925
5052526054529
5052675000798
50528912
50528929
5052909067863
5052909067979
5052909098805
5052909306047
5052909354932
5052909528814
5052909714606
5052909824206
5052909937012
5052910019646
5052910048752
5052910079947
5052910080462
5052910080523
5052910096050
5052910096586
5052910707437
5052910707482
5052910720108
5052910721822
5052910805799
5052910833839
5052910857187
5052910872005
5052910938930
50530496
5053176000928
5053526285203
5053526306410
5053526330255
5053526691400
5053526751005
5053526816728
5053526878016
5053526935450
5053526937188
5053526937232
5053526954895
5053526982553
5053826478244
5053826480490
5053826534568
5053826702752
5053827140898
5053827188197
5053827189026
5053827206730
5053827209175
5053827211345
5053827212915
5053827213936
5053827213967
5053827214261
5053827215770
5053947026690
5053947026737
5053947312281
5053947623271
5053947675188
5053947757341
5053947818240
5053947839481
5053947860614
5053947930539
5053947930690
5053990101818
5053990113699
5053990146512
5053990154517
5053990167029
5053990167067
5053990172252
5053990176229
5053990179121
5053990181186
5053990186037
5053990188284
5054070000397
5054070020951
5054070021132
5054070021156
5054070040195
5054070050149
5054070099605
5054070124109
5054070136690
5054070150382
5054070192375
5054070205532
5054070209059
5054070215715
5054070215999
5054070222188
5054070225677
5054070225714
5054070267448
5054070281888
5054070282311
5054070282335
5054070292549
5054070292624
5054070299104
5054070313763
5054070313817
5054070313985
5054070328330
5054070335574
5054070358214
5054070359082
5054070359105
5054070359129
5054070359136
5054070412527
5054070467381
5054070468210
5054070468654
5054070478974
5054070479797
5054070481233
5054070481264
5054070484593
5054070504123
5054070537671
5054070549629
5054070581155
5054070607060
5054070629987
5054070629994
5054070630075
5054070630198
5054070630631
5054070638422
5054070650189
5054070674512
5054070674567
5054070691298
5054070698402
5054070710340
5054070710371
5054070716342
5054070716472
5054070716748
5054070729915
5054070730133
5054070822203
5054070822210
5054070839171
5054070839393
5054070842713
5054070853917
5054070870242
5054070874448
5054070874660
5054070875469
5054070876107
5054070876114
5054070876206
5054070893593
5054070904633
5054070904879
5054070904954
5054070908990
5054070951682
5054073002756
5054073089627
5054073092009
5054267002043
5054267004825
5054267007871
5054267007895
5054267009288
5054267009349
5054267009363
5054267009424
5054267009431
5054267009455
5054267009493
5054267010048
5054267010765
5054267011465
5054267011960
5054267012509
5054267013070
5054267014312
5054267014756
5054268028660
5054268028677
5054268423526
5054268519298
5054268597241
5054268703444
5054268703529
5054268779937
5054268892346
5054268954617
5054269006988
5054269078589
5054269079869
5054269080360
5054269080407
5054269080445
5054269107456
5054269266153
5054269266207
5054269267228
5054269381764
5054269446616
5054269551891
5054269603019
5054269603224
5054269765199
5054269794380
5054269834970
5054269893120
5054321532271
5054402056115
5054402056443
5054402160669
5054402250827
5054402321749
5054402369406
5054402552884
5054402554062
5054402633149
5054402687586
5054402745989
5054678307140
5054775299010
5054775346943
5054775540044
5054775540099
5054775578986
5054775750597
5054775751624
5054775859702
5054775891436
5054781006183
5054781006305
5054781006350
5054781006756
5054781023722
5054781024880
5054781025641
5054781039457
5054781049241
5054781051404
5054781052715
5054781052722
5054781052739
5054781054399
5054781056331
5054781056386
5054781082408
5054781136767
5054781137092
5054781137153
5054781137290
5054781212140
5054781246886
5054781248019
5054781248545
5054781253327
5054781253334
5054781257813
5054781258179
5054781258261
5054781258520
5054781267645
5054781272601
5054781297888
5054781307884
5054781307945
5054781312864
5054781312888
5054781312895
5054781313090
5054781313120
5054781313137
5054781313595
5054781327943
5054781336754
5054781337416
5054781339892
5054781339984
5054781340393
5054781340690
5054781340706
5054781377627
5054781377658
5054781407782
5054781441564
5054781441793
5054781461036
5054781461456
5054781494270
5054781494287
5054781496649
5054781502036
5054781508113
5054781509554
5054781509776
5054781510383
5054781511458
5054781516620
5054781526933
5054781537359
5054781542308
5054781553175
5054781557173
5054781557357
5054781557371
5054781557494
5054781557500
5054781557517
5054781562184
5054781562542
5054781562757
5054781563136
5054781569329
5054781569343
5054781578178
5054781580751
5054781581529
5054781648048
5054781649540
5054781649809
5054781649922
5054781658825
5054781658849
5054781669623
5054781670087
5054781673835
5054781673842
5054781674139
5054781686002
5054781701293
5054781702269
5054781710561
5054781713883
5054781718338
5054781718376
5054781718499
5054781718543
5054781718598
5054781718611
5054781718642
5054781719168
5054781728443
5054781733386
5054781733409
5054781741176
5054781741237
5054781749493
5054781749516
5054781763451
5054781767305
5054781793878
5054781794226
5054781796657
5054781796688
5054781816485
5054781843665
5054781843863
5054781843993
5054781844150
5054781844181
5054781844525
5054781844563
5054781844587
5054781844600
5054781855026
5054781859079
5054781861133
5054781872504
5054781873402
5054781873556
5054781875154
5054781875468
5054781875833
5054781875932
5054781876069
5054781876823
5054781876991
5054781890478
5054781890607
5054781891451
5054781901662
5054781901679
5054781936114
5054781938910
5054781939016
5054781950486
5054781950523
5054781951117
5054781951568
5054781951582
5054781951629
5054781951704
5054781965138
5054781971252
5054781982500
5054781982517
5054781982616
5054781992622
5054782952557
5054795027310
5054795145526
5055003702043
5055003704016
5055003704023
5055003704139
5055003714077
5055014308418
5055014309187
5055014360348
5055014394671
5055036900393
5055036901185
5055036901499
5055036901550
5055036907996
5055036977012
5055037001105
5055037001457
5055037002737
5055052618890
5055052619774
5055052620497
5055071000676
5055159500579
5055159504652
5055172812031
5055172814141
5055172816008
5055172816374
5055172860018
5055177534525
5055177534556
5055177535805
5055177536543
5055177537533
5055279020964
5055279021763
5055297200034
50553051
5055323803444
5055365629040
5055365629996
5055365635003
5055365669916
5055365670691
5055365671049
5055365680683
5055365690620
5055365691757
5055365693348
5055365693355
5055365694512
5055421342531
5055475449781
5055476103767
5055476108151
5055476112004
5055476112226
5055476112844
5055476114084
5055476121396
5055476139049
5055476139865
5055476139926
5055476150914
5055476161934
5055476168971
5055476168988
5055476172244
5055496708140
5055496710440
5055496710600
5055534302477
5055534307472
5055534320297
5055540001371
5055540007458
5055540008356
5055540014319
5055540015460
5055540020204
5055540022451
5055540022598
5055540022635
5055540022956
5055540024011
5055540024202
5055540027470
5055540027517
5055540028835
5055540028842
5055540030203
5055540030630
5055540044729
5055540059907
5055540059914
5055540061320
5055736356568
5055801102441
5055801123699
5055904221490
5055936873742
5055936890886
5055936890930
5055940104184
5055946000879
5055950615304
5055950615342
5055950616578
5055950619654
5055950620872
5055950621947
5055958700491
5055958700514
5055958700538
5055958700569
5055958700965
5055958701788
5055958702983
5055958703355
5055958703379
5055958704031
5055958704567
5055958704581
5055958704611
5055958704673
5055958704734
5055958704840
5055958705106
5055958706783
5055958708664
5055959200051
5055959200211
5055959200235
5055967500563
5055967500877
5055967500921
5055967501003
5055967501881
5055967502024
5055967502123
5055967502482
5055967557536
5056000501493
5056000505125
5056000505132
5056044700586
5056051802464
5056051803348
5056053302986
5056053304744
5056053308605
5056053310417
5056053310660
5056078807848
5056078808777
5056079900937
5056090916726
5056104400036
5056138201432
5056142401545
5056142401774
5056182400300
5056182400676
5056192406286
5056215600011
5056265000410
5056285800182
5056297000068
5056307346643
5056307361424
5056307362384
5056307386915
5056315500044
5056315500099
5056315500754
5056315501010
5056315501348
5056329518899
5056329523183
5056339401525
5056344400957
5056344401695
5056344401763
5056357900796
5056357901304
5056357901328
5056357901847
5056357902516
5056357902745
5056357903834
5056357904190
5056357904473
5056357904510
5056357905944
5056357908747
5056357909041
5056357909409
5056357910429
5056357910863
5056357913017
5056357913789
5056357914069
5056357915141
5056357915370
5056357999745
5056379585995
5056379588965
5056379680188
5056481100055
5056481100093
5056481100222
5056517306123
5056517310083
5056517310724
5056517310984
5056517311615
5056517311912
5056517311929
5056517313985
5056517314197
5056517314227
5056517314418
5056517315064
5056517315743
5056517316054
5056517316344
5056517316559
5056517316689
5056517317044
5056517317112
5056517317174
5056517317198
5056517317204
5056517317419
5056517319123
5056517319178
5056517319819
5056550711632
5056550711656
5056550714039
5056555201299
5056555202968
5056555203378
5056555204719
5056555204771
5056555204870
5056555205693
5056555205709
5056555206102
5056555207468
5056555207482
5056569900607
5056638100006
5056660532974
5056660532998
5056707104379
5056707114514
5056707198613
5056711100022
5056711100312
5056737900958
5056746800300
5056746800669
5056746800676
5056746802595
5056784900123
5056784900215
5056784906446
5056784908723
5057008003064
5057008003569
5057008025349
5057008101210
5057008189805
5057008234321
5057008234345
5057008251670
5057008349353
5057008389915
5057008456495
5057008495180
5057008545762
5057008547810
5057008569843
5057008762947
5057008763258
5057008858343
5057172004850
5057172005413
5057172005468
5057172008773
5057172010905
5057172011261
5057172013951
5057172014262
5057172014743
5057172016037
5057172016082
5057172016167
5057172030286
5057172032624
5057172032686
5057172032778
5057172033430
5057172066575
5057172076147
5057172080854
5057172087051
5057172089901
5057172089949
5057172091270
5057172091744
5057172091928
5057172091942
5057172098729
5057172100637
5057172101016
5057172102204
5057172102235
5057172106295
5057172106578
5057172108756
5057172121823
5057172122028
5057172122059
5057172122080
5057172129607
5057172134366
5057172135141
5057172135196
5057172135769
5057172140671
5057172165667
5057172201587
5057172201600
5057172205967
5057172213016
5057172213375
5057172219469
5057172219537
5057172221134
5057172222384
5057172223534
5057172225873
5057172226023
5057172232536
5057172233113
5057172233540
5057172233588
5057172234004
5057172262250
5057172262359
5057172263387
5057172263615
5057172263691
5057172274543
5057172274666
5057172274673
5057172274703
5057172279937
5057172280247
5057172289370
5057172290789
5057172295708
5057172295722
5057172300785
5057172302062
5057172302499
5057172314041
5057172318568
5057172319282
5057172319404
5057172329328
5057172332366
5057172332687
5057172332694
5057172338115
5057172338818
5057172362813
5057172384013
5057172384037
5057172403486
5057172403943
5057172404698
5057172420339
5057172420674
5057172420698
5057172445707
5057172445714
5057172460748
5057172466429
5057172468379
5057172473625
5057172473984
5057172477326
5057172483730
5057172483792
5057172483808
5057172484263
5057172487707
5057172487882
5057172487899
5057172515967
5057172515981
5057172566297
5057172566327
5057172567867
5057172579129
5057172581146
5057172588961
5057172600229
5057172606665
5057172620418
5057172620456
5057172628391
5057172668434
5057172668496
5057172668632
5057172681518
5057172688081
5057172689057
5057172695713
5057172695737
5057172695805
5057172702824
5057172706181
5057172706273
5057172723263
5057172725823
5057172727957
5057172728022
5057172729227
5057172729241
5057172734214
5057172736959
5057172781737
5057172783014
5057172807987
5057172808007
5057172808069
5057172810802
5057172810819
5057172810826
5057172821327
5057172824564
5057172824571
5057172824588
5057172839698
5057172845408
5057172845972
5057172859405
5057172859429
5057172859610
5057172859795
5057172859825
5057172863396
5057172909377
5057172925223
5057172925230
5057172925247
5057172977581
5057172978168
5057172978274
5057172978793
5057172978809
5057172978823
5057172978878
5057172979141
5057172979967
5057172980741
5057172981564
5057172987801
5057172998722
5057373085412
5057373086211
5057373086419
5057373086501
5057373151148
5057373267245
5057373396556
5057373519252
5057373699084
5057373816771
5057373816870
5057373843807
5057373868732
5057373870841
5057373890238
5057373890320
5057373933751
5057373963819
5057545010907
5057545093269
5057545188729
5057545358368
5057545435076
5057545435519
5057545578612
5057545618370
5057545651520
5057545652329
5057545677810
5057545677834
5057545678312
5057545696675
5057545698112
5057545713433
5057545714676
5057545714836
5057545715376
5057545716069
5057545735503
5057545744420
5057545755556
5057545755693
5057545757291
5057545778524
5057545778760
5057545806937
5057545827468
5057545828335
5057545828359
5057545828960
5057545829004
5057545829899
5057545863497
5057545863695
5057545864548
5057545875032
5057545878156
5057545878835
5057545878897
5057545878910
5057545878972
5057545889817
5057545890097
5057545916353
5057545916834
5057545928875
5057545929407
5057545929704
5057545931585
5057624225987
5057624227554
5057624277900
5057624360930
5057624363900
5057624566646
5057624572234
5057624600074
5057624728020
5057624764608
5057624773051
5057624898631
5057624982088
5057742000121
5057742000251
5057743632246
5057753096908
5057753125257
5057753125523
5057753126926
5057753155810
5057753197261
5057753210823
5057753211448
5057753211707
5057753211721
5057753238285
5057753238759
5057753255107
5057753255145
5057753416331
5057753418755
5057753437992
5057753466329
5057753494520
5057753542382
5057753599294
5057753599393
5057753599737
5057753599928
5057753638399
5057753640002
5057753654696
5057753686284
5057753720438
5057753721091
5057753891985
5057753892562
5057753892999
5057753893156
5057753893231
5057753893620
5057753894221
5057753895822
5057753896645
5057753897802
5057753898267
5057753898540
5057753899981
5057753900458
5057753901417
5057753901523
5057753904074
5057753904449
5057753904739
5057753905088
5057753905224
5057753905323
5057753906207
5057753906306
5057753906320
5057753906610
5057753907167
5057753907310
5057753911126
5057753911362
5057753912123
5057753913526
5057753913625
5057753913885
5057753914844
5057753914950
5057753915131
5057753915148
5057753916329
5057753916886
5057753916947
5057753917036
5057753917050
5057753918323
5057753918354
5057753918583
5057753920234
5057753920708
5057753920814
5057753921910
5057753922177
5057753922450
5057753922719
5057753923976
5057753925093
5057753925208
5057753925215
5057753925338
5057753925345
5057753925697
5057753926021
5057753926717
5057753926878
5057753928148
5057753928209
5057753929718
5057753929916
5057753930035
5057753930189
5057753930615
5057753931124
5057753931155
5057753931810
5057753931896
5057753932558
5057753933210
5057753934385
5057753934989
5057753935085
5057753935269
5057753935818
5057753935955
5057753936990
5057753937539
5057753937614
5057753937942
5057753938284
5057753938314
5057753938888
5057753938987
5057753939076
5057753939151
5057753939885
5057753940102
5057753940140
5057753940416
5057753955687
5057780000022
5057780000077
5057780002217
5057780009568
5057780028859
5057780029092
5057967014026
5057967014521
5057967048472
5057967095438
5057967138296
5057967138371
5057967138463
5057967163595
5057967213801
5057967214280
5057967253708
5057967253883
5057967304349
5057967340958
5057967341023
5057967394982
5057967461356
5057967576142
5057967576340
5057967725434
5059316576568
5059319004747
5059319013961
5059319021522
5059319023564
5059320001117
5059320641207
5059321004049
5059321004513
5059321007415
5059321007477
5059321007507
5059321007651
5059512725692
5059512727276
5059512728471
5059512730344
5059512731419
5059512731686
5059512734021
5059512734472
5059512734496
5059512734670
5059512735349
5059512738159
5059512738746
5059512738753
5059512739095
5059512739101
5059512742248
5059512742415
5059512742620
5059512743627
5059572001699
5059572047031
5059604460371
5059604631870
5059604644245
5059604644504
5059604645204
5059604645259
5059604645389
5059604645853
5059604645907
5059604647178
5059604647185
5059604647253
5059604647413
5059604647444
5059604647529
5059604656231
5059604656248
5059604676925
5059604679346
5059604682087
5059604684883
5059604694622
5059604717840
5059630004662
5059697253010
5059697253683
5059697255014
5059697255557
5059697256486
5059697258442
5059697258695
5059697259203
5059697261763
5059697262067
5059697262692
5059697263361
5059697264665
5059697267468
5059697267819
5059697269479
5059697272240
5059697272431
5059697384554
5059697386534
5059697388002
5059697388385
5059697389740
5059697390159
5059697391149
5059697391859
5059697394584
5059697394744
5059697395260
5059697396328
5059697396472
5059697397370
5059697397981
5059697399169
5059697400087
5059697400414
5059697401954
5059697402098
5059697402340
5059697403491
5059697403705
5059697620843
5059697679643
5059697679995
5059697680533
5059697680861
5059697680878
5059697682377
5059697682919
5059697683664
5059697684753
5059697684784
5059697685224
5059697686849
5059697687198
5059697688119
5059697688423
5059697689642
5059697692901
5059697692932
5059697694738
5059697695131
5059697698217
5059697698569
5059697698682
5059697700217
5059697701061
5059697701245
5059697704789
5059697705014
5059697705465
5059697706042
5059697707179
5059697709104
5059697709166
5059697709470
5059697709982
5059697711732
5059697712326
5059697712807
5059697713057
5059697714344
5059697714665
5059697716690
5059697718618
5059697718694
5059697719417
5059697719660
5059697721144
5059697721915
5059697722462
5059697722721
5059697724213
5059697725241
5059697725777
5059697727177
5059697729584
5059697729621
5059697729782
5059697730535
5059697730771
5059697731686
5059697732270
5059697732584
5059697735165
5059697735615
5059697736650
5059697737374
5059697738470
5059697740459
5059697740664
5059697740800
5059697742873
5059697743788
5059697744358
5059697745614
5059697745904
5059697747403
5059697749186
5059697749933
5059697752063
5059697752773
5059697753794
5059697754142
5059697754449
5059697754555
5059697755040
5059697757600
5059697757686
5059697757938
5059697758188
5059697759444
5059697761065
5059697761294
5059697764028
5059697764134
5059697764370
5059697765841
5059697765926
5059697766527
5059697767012
5059697767791
5059697768439
5059697770234
5059697770661
5059697770753
5059697771194
5059697772764
5059697773464
5059697773877
5059697774423
5059697774911
5059697775109
5059697776151
5059697777134
5059697777684
50598434
50598489
5059883115078
5059883118284
5059883118437
5059883169903
5059883171722
5059883173887
5059883176932
5059883234946
5059883236216
5059883238265
5059883239231
5059883363233
5059883468617
5059883480527
5059944005898
5059944008196
5059944008332
5059944008691
5059944009971
5059944010809
5059944011042
5059944011998
5059944012094
5059944012490
5059944012971
5059944013398
5059977002666
5059977010371
5059977010760
5059977011637
5059977012146
5060002044094
5060002044186
5060002470060
5060002470985
5060004212804
5060004212910
5060004214273
5060004214464
5060004214594
5060005089122
5060005421830
5060005421892
5060005460334
5060005533632
5060006203619
5060008711051
5060011707669
5060012436438
5060012790158
5060012795702
5060013160639
5060013260155
5060013260346
5060013261398
5060013970160
5060014408365
5060014511256
5060014512451
5060016800051
5060016801287
5060016802505
5060016803519
5060016803557
5060017071306
5060020231629
5060021007193
5060021949509
5060023970938
5060023972864
5060026822319
5060026893036
5060027071372
5060027071792
5060028736379
5060028749652
5060029720025
5060029720049
5060030540810
5060030548458
5060034483267
5060034485605
5060034487173
5060034900085
5060034900092
5060034900634
5060035404131
5060035404582
5060035408849
5060035570027
5060035760022
5060036016043
5060038393067
5060040190326
5060040252734
5060040254790
5060040255087
5060041766568
5060042940950
5060042941988
5060043225124
5060043610616
5060045053091
5060045370303
5060046646841
5060046646902
5060050030339
5060050440015
5060050984229
5060050984373
5060050987251
5060050998523
5060051294488
5060054130134
5060054131803
5060054131995
5060054132466
5060054132480
5060055251104
5060055251258
5060055252903
5060055253252
5060055253276
5060055253917
5060055255744
5060057801376
5060058021018
5060058331346
5060058331988
5060058332725
5060058335504
5060058339359
5060058339397
5060059001811
5060059001910
5060060381223
5060060384262
5060061215022
5060061216524
5060062060959
5060064230169
5060064700587
5060065067764
5060065068976
5060069140029
5060071773086
5060072990079
5060072990369
5060072990574
5060072991113
5060072991793
5060074631031
5060075442322
5060075672484
5060075672514
5060075672675
5060075672712
5060075672729
5060075672798
5060075672828
5060079652512
5060079652703
5060079653366
5060081112608
5060081113506
5060081113902
5060081114893
5060081116705
5060084571402
5060084982093
5060087944982
5060087960838
5060088271667
5060088701126
5060088701164
5060088701430
5060088702185
5060088702505
5060088702789
5060088702994
5060088703014
5060088703786
5060088703823
5060088704547
5060088704707
5060088704806
5060088705377
5060088705728
5060088706121
5060088707463
5060088708323
5060088708408
5060088708651
5060088709078
5060088709542
5060088709566
5060088709634
5060092031226
5060092261081
5060092694353
5060094480398
5060094480725
5060095017463
5060095860359
5060095862353
5060095862629
5060095862742
5060095862841
5060096750024
5060096750789
5060100601373
5060100602004
5060100602134
5060100602332
5060102400899
5060102622147
5060102661085
5060102662129
5060102662266
5060102662334
5060102662365
5060102662679
5060102662730
5060103390304
5060103390397
5060103393824
5060103710225
5060103710379
5060103916368
5060104861858
5060104950019
5060107330740
5060107332850
5060107333031
5060107334281
5060107338869
5060108456159
5060108701662
5060110486625
5060112540462
5060113085153
5060113085641
5060113085955
5060113917799
5060115120784
5060115550130
5060115872447
5060115873284
5060116150667
5060117140209
5060119292272
5060120285232
5060120623393
5060123606614
5060123609738
5060123891294
5060130411584
5060130411973
5060130412789
5060131680125
5060131680132
5060131730233
5060132042847
5060132280683
5060132282977
5060132284186
5060132284407
5060132284612
5060132285077
5060133150114
5060135050085
5060135242909
5060135243500
5060136255458
5060136255625
5060136496523
5060136750007
5060136750182
5060137140180
5060137140807
5060139430012
5060139430203
5060139430234
5060139431255
5060139431828
5060139432764
5060139434942
5060139435567
5060139435673
5060139436076
5060139660013
5060139661430
5060139662154
5060139939362
5060140143185
5060142011215
5060142012717
5060145050464
5060145051973
5060145052512
5060145290655
5060146370738
5060146373821
5060146375030
5060148380759
5060148381183
5060148381206
5060148383521
5060149130001
5060149461174
5060149465783
5060149466759
5060149570586
5060149573952
5060149574119
5060150310300
5060153380720
5060153381086
5060154692327
5060154692341
5060154914689
5060154930207
5060155770055
5060156850008
5060159310004
5060159310806
5060159410681
5060162210704
5060162821665
5060165540105
5060165580071
5060165580149
5060165582884
5060166540005
5060166540029
5060166540036
5060166540128
5060166540180
5060166696795
5060167351600
5060168996121
5060169982031
5060169982079
5060169982109
5060169982130
5060169982185
5060169982192
5060169982345
5060169998025
5060169998056
5060170640975
5060170800058
5060170808207
5060170809914
5060172470365
5060173470142
5060174425356
5060174425363
5060175390202
5060175390660
5060175833914
5060176562486
5060178070019
5060178071030
5060178072822
5060178073249
5060178073409
5060178073454
5060178073478
5060178074048
5060178075335
5060178330069
5060178332803
5060180036416
5060181180040
5060182760043
5060182912961
5060183360716
5060183670020
5060183672246
5060183672741
5060183673731
5060183674486
5060184081313
5060185130041
5060185540895
5060185542004
5060186790718
5060186798059
5060188170938
5060188691372
5060188692256
5060188692713
5060188950165
5060189400416
5060193938769
5060194792162
5060194792186
5060194792209
5060194792377
5060195901310
5060195902300
5060195902904
5060195902911
5060195903093
5060195909033
5060198530241
5060198644788
5060198645693
5060198645891
5060198646805
5060198820854
5060199670670
5060201181125
5060201181224
5060201623199
5060201625681
5060201625728
5060202391103
5060202391745
5060206766006
5060206766501
5060207698542
5060208742343
5060210960377
5060212470003
5060213720541
5060213721388
5060213722484
5060213780538
5060216370682
5060217530054
5060218970552
5060218970712
5060218974215
5060221246859
5060222781342
5060225920908
5060225920960
5060227121075
5060228270383
5060228324338
5060228364075
5060229503497
5060230930046
5060231720530
5060231725641
5060231729892
5060232660064
5060232812890
5060234311056
5060234311377
5060234311834
5060234981716
5060234983420
5060234988005
5060235830624
5060235830877
5060235830983
5060235831027
5060235831102
5060235831157
5060235831614
5060236490551
5060237990005
5060238332866
5060238480031
5060238480062
5060238482554
5060238482929
5060238483100
5060239130720
5060239130768
5060239486643
5060239486797
5060239486995
5060239487008
5060239488197
5060239489255
5060240870578
5060240871773
5060243230003
5060243501356
5060243553386
5060246849356
5060248209066
5060250343727
5060250345004
5060250345370
5060250345929
5060250346018
5060250346827
5060250590213
5060250610768
5060250660428
5060253080261
5060254750101
5060255150542
5060255520017
5060255520062
5060255520253
5060262310304
5060262480199
5060262480823
5060262480960
5060262482216
5060262484579
5060262484685
5060262486443
5060262487884
5060262487952
5060262489185
5060262489222
5060263760610
5060265324315
5060265324582
5060268000087
5060268000506
5060269505505
5060273420641
5060278621630
5060283762144
5060283762977
5060283763820
5060284870626
5060288690909
5060292124001
5060292302508
5060292831770
5060294429562
5060298571670
5060298572912
5060298880253
5060298881199
5060298881694
5060300550136
5060301180004
5060301180059
5060302241094
5060302392567
5060302580049
5060302580223
5060305461710
5060308360157
5060310780608
5060310780752
5060315116273
5060317321262
5060317321774
5060317322047
5060317322511
5060317322634
5060317322771
5060317322849
5060317322979
5060317323143
5060317351290
5060317351337
5060317353362
5060317354680
5060317354901
5060317769460
5060319170400
5060321390339
5060321391015
5060322900988
5060323760048
5060323900024
5060323900093
5060323900116
5060323900123
5060323900543
5060323900598
5060323901380
5060323902233
5060323902257
5060323902264
5060323902332
5060323904657
5060323907788
5060324010074
5060324030904
5060324810216
5060324810384
5060324811268
5060324811442
5060324811701
5060324811855
5060324811930
5060324812883
5060326130329
5060326271329
5060326760779
5060329690370
5060329692664
5060334561290
5060334562068
5060335634153
5060336500082
5060336502949
5060336504141
5060336504707
5060336506046
5060337220101
5060337221108
5060337221450
5060337222884
5060337222990
5060337980623
5060338033496
5060339010830
5060339011462
5060339011509
5060339017662
5060339017693
5060339018362
5060339019819
5060339190204
5060339810164
5060339811215
5060341110528
5060342952295
5060343743724
5060343747425
5060343748699
5060343749368
5060343941236
5060345150094
5060346412528
5060350561571
5060350562455
5060350562967
5060351970839
5060356680023
5060358090035
5060360421599
5060360500003
5060360500164
5060360500768
5060360501598
5060360501796
5060360501857
5060360503240
5060360503264
5060360503387
5060360505503
5060360506067
5060360507675
5060360509112
5060361170014
5060361512647
5060366570789
5060367180895
5060367181144
5060367450196
5060375300018
5060380080356
5060380690869
5060384261058
5060384261829
5060384261898
5060384263373
5060384263618
5060384263625
5060384263946
5060385443873
5060385462645
5060388318833
5060389200106
5060390770001
5060390770025
5060391620022
5060391623801
5060391624457
5060391625195
5060391626543
5060391628202
5060391628745
5060393410058
5060394429844
5060394429868
5060395591540
5060395591786
5060396510441
5060397210142
5060399850421
5060401225193
5060402901256
5060402904578
5060402907357
5060402907944
5060402909948
5060403118547
5060403118561
5060403119186
5060403180100
5060404420021
5060405792516
5060405797276
5060406080872
5060406081282
5060406461572
5060407070100
5060409670117
5060411297388
5060411297838
5060411297883
5060411298088
5060411921474
5060411921825
5060415522332
5060424341559
5060424704422
5060424707591
5060425281182
5060425285005
5060425286347
5060425286682
5060425287979
5060425288099
5060425288129
5060425288181
5060425288457
5060425288846
5060425900236
5060426310171
5060426631115
5060426811005
5060426812743
5060426813658
5060428120396
5060428700659
5060430290322
5060430290964
5060430291282
5060430291961
5060430291985
5060430292067
5060430292562
5060430292609
5060433990151
5060435751118
5060435751378
5060436267397
5060439550120
5060439550137
5060439550380
5060440131035
5060440131042
5060440781384
5060444851021
5060444911152
5060444911367
5060446100240
5060446100400
5060448501106
5060451691290
5060452360065
5060452360850
5060452490212
5060452491219
5060452491578
5060453899267
5060454345398
5060454500537
5060455514649
5060455515417
5060455516223
5060455516230
5060455760190
5060456691400
5060456691745
5060456691776
5060457840432
5060460300114
5060462260713
5060463650339
5060465811110
5060465811318
5060465811417
5060466500518
5060466510593
5060467140058
5060467140096
5060467140102
5060468400625
5060468520538
5060468521351
5060468521641
5060468733112
5060470140052
5060472691194
5060472691217
5060472691880
5060476470085
5060476792422
5060476793948
5060476794037
5060476794044
5060476794051
5060476794235
5060476794259
5060476794280
5060476794822
5060476796697
5060477300015
5060479993079
5060480200548
5060482580020
5060482840131
5060482840544
5060482840582
5060482840742
5060482840858
5060482841411
5060482841442
5060482842319
5060482842371
5060482842425
5060482842616
5060482842623
5060483020464
5060486800094
5060487820312
5060488352713
5060489730398
5060490400709
5060490401249
5060493120284
5060494701345
5060494810658
5060494810665
5060494810689
5060495112287
5060495114113
5060495115028
5060495115288
5060495115318
5060495115615
5060495116384
5060495117404
5060495118234
5060497884502
5060500313708
5060500313838
5060501560590
5060501561436
5060501562983
5060501563010
5060501563171
5060501564505
5060501564628
5060502401724
5060503501621
5060503501799
5060503504332
5060503504615
5060503882492
5060504090353
5060504290272
5060504310024
5060505602135
5060505820485
5060507100219
5060507100424
5060507100547
5060507100691
5060507100813
5060507640586
5060507640722
5060509390434
5060510582927
5060512671261
5060517888329
5060518931284
5060519143235
5060519143266
5060519143730
5060519810106
5060519810267
5060520020303
5060521410158
5060521410172
5060524150150
5060524150495
5060524590338
5060524790349
5060524790400
5060525200021
5060525200045
5060525200052
5060525200106
5060525200113
5060525200304
5060525200489
5060526430007
5060529740264
5060529990058
5060530210121
5060530210138
5060530210879
5060531851552
5060534010550
5060536650310
5060536650518
5060537380018
5060537380032
5060542331999
5060543810257
5060544130248
5060545680469
5060545680506
5060548930028
5060549323317
5060549450532
5060549640391
5060549640520
5060552040003
5060552040553
5060552610350
5060558350700
5060558350724
5060558350786
5060558351288
5060559970006
5060560281122
5060560281368
5060560921691
5060561603152
5060561603169
5060562192631
5060562192983
5060567680164
5060568080079
5060568348902
5060572521100
5060572521896
5060573220033
5060573220118
5060574954623
5060578322053
5060583260005
5060584300007
5060584300052
5060584300069
5060587580437
5060587580642
5060587581182
5060588000835
5060588004000
5060588005304
5060588008596
5060588750297
5060593390211
5060593390297
5060593390822
5060594020049
5060594020377
5060594550539
5060594550805
5060594778599
5060595630254
5060595700001
5060595700100
5060595790514
5060595840271
5060600010439
5060600881923
5060600882029
5060600885983
5060602160583
5060604000054
5060604010305
5060604010381
5060604012484
5060608080809
5060611320107
5060611320121
5060614802280
5060614803621
5060614804451
5060615780587
5060619250116
5060626100312
5060626100367
5060626400115
5060626400368
5060626400375
5060626403703
5060626404588
5060626405523
5060626405578
5060628430073
5060628430080
5060629370378
5060630920005
5060632490056
5060635230079
5060639126521
5060639126866
5060639127580
5060639601974
5060640420045
5060640420090
5060641190336
5060641553827
5060650730080
5060655451126
5060655451140
5060655452062
5060655530050
5060660896134
5060660910571
5060665750646
5060665750707
5060666531213
5060667830018
5060673990140
5060674960005
5060674960067
5060674960074
5060674960098
5060674960661
5060674960722
5060677070053
5060678710002
5060678710422
5060678710439
5060678710897
5060678710941
5060678711283
5060678711429
5060679200250
5060679200779
5060685750145
5060686309847
5060688020054
5060697741193
5060699970850
5060699971154
5060699971178
5060699971291
5060705150788
5060705659540
5060708440015
5060709190049
5060713670308
5060718680319
5060719370004
5060719550031
5060719920100
5060719920384
5060719920445
5060719920865
5060719924528
5060719925082
5060719926096
5060725110069
5060728270104
5060735420011
5060735731063
5060735733876
5060738240340
5060743742600
5060743743188
5060743743713
5060743745809
5060746508968
5060746520342
5060746520373
5060746960919
5060746961299
5060748010193
5060748010674
5060748010858
5060748329929
5060749230002
5060749949904
5060751213321
5060751213383
5060751215721
5060751217459
5060751992714
5060751997856
5060756341005
5060756341685
5060756341692
5060756342231
5060758600025
5060760300241
5060765640403
5060765870046
5060765870145
5060767611425
5060769346905
5060771270021
5060771270601
5060773320052
5060776540051
5060786580009
5060796580075
5060796580198
5060802522570
5060809670502
5060811100264
5060811384558
5060811384589
5060811386484
5060811386507
5060811386934
5060812970071
5060812970170
5060823510013
5060830500113
5060831610125
5060831610149
5060835210192
5060837390021
5060837490004
5060837490011
5060837490035
5060837634859
5060844220113
5060844220137
5060844220328
5060853420665
5060853640605
5060865890784
5060865890975
5060868950072
5060868950904
5060868951277
5060868951611
5060868951819
5060868952144
5060868952274
5060868952731
5060873690161
5060878780911
5060884430169
5060884430459
5060884431517
5060884692291
5060895740721
5060896623214
5060896623368
5060896623832
5060901840292
5060914840012
5060917070003
5060921130090
5060925290363
5060925290462
5060925290523
5060925290646
5060925290653
5060925291414
5060925295290
5060927860106
5060929360048
5060929632237
5060940940151
5060940940199
5060941970577
5060947545960
5060947549715
5060948019644
5060952359828
5060956430257
5060960661951
5060960663429
5060960664679
5060961650480
5060963011883
5060963016192
5060963017342
5060965520000
5060965521250
5060968560522
5060969820380
5060969820397
5060969820403
5060971860756
5060971864419
5060971864471
5060972180334
5060972180679
5060972418000
5060979770330
5060980960027
5060981590254
5060981610211
5060983410161
5060983410574
5060983673801
5060987500431
5060987500981
5060992430181
5060998700707
5060998700745
5061000980049
5061001210343
5061001741434
5061009830505
5061010370106
5061013941594
5061013949705
5061013949859
5061033690052
5061040655747
5061046051284
5061064250409
5061064250423
5061083300000
5061451062196
5063089003558
5063089005170
5063089005248
5063089009499
5063089019672
5063089019832
5063089021781
5063089021804
5063089021859
5063089066881
5063089103616
5063089105269
5063089105276
5063089121030
5063089124413
5063089125021
5063089125137
5063089125410
5063089129906
5063089129920
5063089129944
5063089131015
5063089131022
5063089131619
5063089131947
5063089131985
5063089132142
5063089135600
5063089138472
5063089138526
5063089138540
5063089154861
5063089154878
5063089156407
5063089159057
5063089159453
5063089163597
5063089163962
5063089163986
5063089164037
5063089164051
5063089164433
5063089164594
5063089164617
5063089172162
5063089172902
5063089203460
5063089221211
5063089221556
5063089221686
5063089221716
5063089221990
5063089222041
5063089245422
5063089267189
5063089267257
5063089267295
5063089267325
5063089267899
5063089267950
5063089281895
5063089282786
5063089282861
5063089282922
5063089283035
5063089295007
5063089306451
5063089307779
5063089309278
5063089309698
5063089309704
5063089309711
5063089313152
5063089314937
5063089315439
5063089316061
5063089324936
5063089324943
5063089326008
5063089326084
5063089329320
5063089338445
5063089340905
5063089377048
5063089402665
5063089444184
5063089461808
5063089469866
5063089485606
5063089485644
5063089485729
5063089485750
5063089489932
5063089489956
5063089491676
5063089491690
5063089492291
5063089495926
5063089498958
5063089501375
5063089501665
5063089518373
5063089518601
5063089519813
5063089533338
5063089566084
5063089580554
5063089593431
5063089593448
5063089609835
5063089610107
5063089610114
5063089610350
5063089654552
5063089654712
5063089677513
5063089685785
5063089696132
5063089699706
5063089700235
5063089709252
5063089744642
5063089765319
5063089765654
5063089765692
5063089776278
5063089799048
5063089831915
5063089844014
5063089844243
5063089845462
5063089854846
5063089862520
5063089866320
5063089870303
5063089875599
5063089910252
5063089910795
5063089966570
5063089971550
5063089971628
5063210004799
5063210007790
5063210009923
5063210019953
5063210020317
5063210020355
5063210020973
5063210026210
5063210033980
5063210047932
5063210052332
5063210057962
5063210059256
5063210064366
5063210071210
5063210073856
5063210078363
5063210080649
5063210082698
5063249298824
5063249298985
5063249299593
5063249299616
5063249300244
5063249300541
5063249302125
5063249305225
5063250532054
5063250532061
5063250533297
5063250534393
5063250534713
5063250535925
5063250536496
5063250538421
5063250539947
5063250543678
5063250544569
5063250545306
5063250548512
5063250549052
5063250549212
5063250549267
5063250549724
5063250551239
5063250552052
5063250553103
5063250553844
5063250557446
5063250557712
5063250557811
5063334000912
5063334001216
5063334003432
5063334004132
5063334005177
5063334006365
5063334006426
5063334006914
5063334007119
5063334007126
5063334007966
5063334008697
5063334009120
5063334009199
5063334009915
5063334010416
5063334010515
5063334012502
5063334013011
5063334013042
5063334013257
5063334013929
5063334015787
5063334017118
5063334018641
5063334018795
5063334019068
5063334019877
5063334019884
5063334019945
5063334019969
5063334020439
5063334021115
5063334021245
5063334021443
5063334022303
5063334022631
5063334023713
5063334023782
5063334024284
5063334025212
5063334027643
5063334027759
5063334030483
5063334032234
5063445781526
5063445785500
5063445785562
5063445786415
5063445788952
5063445791303
5063445792683
5063445792997
5063445797411
5063445803235
5063445804331
5063445805062
5063445806205
5063445806762
5063445807424
5063445810998
5063446487328
5063717033094
5063717041198
5063717041846
5065000443047
5065002532091
5065002532138
5065002532169
5065002532442
5065002532909
5065002532985
5065004177054
5065004678797
5065004680479
5065005986112
5065006482125
5065006524078
5065006685519
5065006930015
5065007705162
5065008149545
5065008671169
5065008671220
5065008765257
5065010034044
5065010182431
5065010803015
5065010803022
5065010803121
5065010803275
5065012058178
5065014727003
5065015012009
5065015012276
5065015044413
5065015044703
5065015569039
5065015611004
5065016344260
5065016643073
5065016643189
5065016643226
5065016643233
5065016643332
5065016729005
5065019908056
5065020171098
5065021708231
5065021708354
5065021992012
5065022038054
5065023384075
5070000122212
5070000123141
5070000131818
5070000133003
5070000136318
5070000187600
5070000210629
5070000505428
5070000505435
5070000525808
5070000550015
5070000565118
5070000810393
5070000813370
5070000907765
5070000962016
5070001027332
5070002109532
5070002114109
5070002157816
5070002272700
5070002313304
5070002329008
5070002355946
5070002368502
5070002398547
5070002447610
5070002501503
5070002693703
5070002733102
5070002802570
5070002890614
5070003678709
50726561
50726844
5074348033650
50745159
50780440
5079497762710
5088722225951
50963522
5098732000752
5098732000783
5098732001476
5099077004863
5099111000325
5099297003479
5099303000454
5099337900010
5099440000768
5099466171107
5099466176256
5099466177024
5099490000404
5099556015311
5099556024115
5099556024689
5099556025228
5099556026263
5099649003737
5099678307141
5099682001172
5099810207186
5099827003993
5099839042027
5099839231063
5099839716454
5099872018232
5099874086772
5099874104100
5099874107071
5099874212034
5099874238461
5099874287834
5099874302384
5099874315216
5099874352297
5099874391043
5099894912419
51001715
51121211
51180010
51195007
51242787
5127921121166
5130865733890
5132226100037
51619886
5182424456535
5200101809570
5200113802064
5201037711647
5201054016305
5201054082010
5201168415803
5201168515244
5201168515282
5201193218738
5201310722384
5201360521418
5201360527106
5201360531219
5201415207175
5202178011856
5202336139071
5202390015373
5202390015489
5202390027109
5202423200172
5202853100318
5205427001103
5285004200051
5310216070847
5319990177926
5326671124773
5367560280835
5390003010928
5390053001754
5390394017476
5390394017902
5390605004066
5390711530015
5391520495557
5391520496035
5391520497179
5391520497193
5391520498251
5391520505867
5391521690135
5391521690272
5391521691095
5391526415788
5391527000075
5391527000167
5391527000198
5391527074809
5391528180127
5391528180349
5391528180561
5391528181124
5391528181230
5391528181278
5391528181407
5391528850891
5391530860468
5391530980463
5391532122656
5391532122861
5391532124278
5391534950004
5391534950783
5391536660895
5391539750036
5392000165762
5392000199262
5392001010719
5397136003865
5397139000960
5397139001240
53993663
5400119520690
5400606971806
5400606974340
5400606976870
5400606980112
54008038
54010628
54051133
5410076462223
5410228158424
5410228261988
5410358000549
5410358442097
5410376422316
5410438040045
5410438047754
5410531545935
5410531548639
5410673003683
5410673003713
5410673058003
5410976456018
5411178817485
5411188103394
5411188125020
5411188127215
5411188130345
5411188141808
5411188505013
5411188553342
5411328079169
5411361103180
5411823865526
54118867
5412210133112
5412949097013
5413546307857
5413546342797
5413676689922
5415196003400
5419980164254
5430003837030
5449000006509
5449000009173
5449000035295
5449000052407
5449000053909
5449000090485
5449000131829
5449000138316
5449000215789
5449000218162
5449000219251
5449000226457
5449000229878
5449000240156
5449000263476
5449000267351
5449000295804
5449000305046
5449000307941
5449000330932
5449000334244
5449000341846
5449000342263
54492134
54492493
54492653
5450545224020
5453007100948
5479374999060
54880726
55006774
5539590400396
5550000022129
5600787049473
5601008500520
5601721110129
5604119117182
56075896
5679319013503
5690350120814
5694230562046
5701001475174
5701215042780
57030616
57030951
5704255119849
5705250163158
5711953050169
5711953078798
5711953101038
5711953121241
5711953144400
5711953145230
5711953150364
5711953157981
5711953161896
5711953176661
5711953196539
5711953197550
5713638300668
5729991219967
5730800723018
5738737523831
5740900402959
5740900404526
5740900815001
5741000223949
5758719137016
5760466827454
5765228115053
5765228398074
5900012008658
5900014003514
5900020026941
5900084049238
5900084229609
5900085010824
5900102016051
5900102022212
5900102025602
5900125007029
5900130038995
5900197030000
5900259115607
5900278011058
5900320006315
5900334000385
5900334001184
5900344016697
5900344901276
5900352011356
5900353644614
5900437021355
5900437033839
5900437037011
5900437037226
5900497034616
5900497610339
5900535006117
5900552056461
5900552065760
5900552075783
5900552086543
5900562146336
5900562248634
5900562261015
5900562270017
5900567022529
5900567029849
5900585000639
5900587028259
5900617035301
5900649077966
5900649078369
5900783008222
5900820016500
5900852035500
5900852384004
5900907007391
5900910001966
5900951257049
5900951271540
5900951293597
5900951314506
5900951315459
5900966003532
5900966009138
5900983000200
5901044015652
5901044017809
5901104005104
5901104005128
5901121008331
5901135011020
5901135024228
5901135046749
5901154046409
5901218021120
5901248001550
5901356071049
5901367001172
5901367001240
5901398073346
5901398074831
5901398083246
5901398810194
5901414205157
5901529084678
5901537003142
5901588016320
5901588018881
5901588026459
5901588058429
5901588058924
5901641004400
5901641004424
5901696011859
5901713000040
5901713000071
5901713000415
5901713003546
5901888026005
5902057003841
5902097251608
5902172000312
5902353006102
5902573004551
5902899126852
5903137530998
5903246563368
5903260261974
5903548005016
5903686539305
5904061000519
5904197908635
5904730161268
5905436797010
5905436797034
5905704103314
5906041030233
5906295832898
5906441340444
5906485301609
5906554803041
5906775670217
5906827013634
5906827017823
5907029000040
5907256003067
5907501013292
5907542664750
5907631204058
5907670749107
5908221101030
5908260257033
5908310628226
59086567
5913665083200
5920105806091
59403685
59406037
5941006861668
5941021005832
5941035010587
5941041020310
5941164003061
5941192110335
5941311012472
5941311021467
5941341003037
5941341025213
5941712001549
5941863000279
5951976168971
5952790270581
5959640031644
5961238480765
59945567
5995621844209
5996037050536
5996071710656
5997234710100
5997523314880
5997523315757
5997523315771
5997684502034
5997684502201
5997684502591
5998001654375
5998003106186
5998200565410
5998202961609
5998323661334
5998835905018
5998858706753
5999036108420
5999504450044
5999884034650
5999884966883
6000562291780
6000769356374
6000769608190
6001069600822
6001205731083
6002039007665
6003770000526
6003770009734
6003770011157
6005207000307
6005207001991
6005339000602
6006507008840
6008123006231
6009544949893
6009694633895
6009712300341
6009712300716
6010290065782
6016218062352
6019304023022
60205728
60225409
6027256994581
6034364000349
6054520025504
6057284014654
6058970135820
6080042763716
6081944169866
6111242043688
6132351500312
61324350
6146500280000
6151100038517
6151100052162
6210702736013
6221134013740
6223012015334
6224008082644
62508056
6260120403172
6260235300069
6260469004771
6266552400062
6269564900230
6270897600025
6290090013583
6294007302081
6393355620158
6412500076821
6416453072688
6430036090777
6430056289809
6517712178711
65886069
6627216148483
6711479381401
67215843
6901044020211
6901743065742
6903004568658
6908791006130
6908873000032
6918149345286
6920203816069
6920203820028
6920239600502
6920336811832
6921168561568
6922017021202
6922914415715
6922914498961
6923692951839
6923692953178
6923692991040
6926176911763
6926265398444
6926410320160
6926410321211
6926896700845
6926896702658
6926896702931
6927035269100
6927849451104
6927971000089
6928445310284
6928445318495
6928445318792
6932938001122
6935926200118
6935926200422
6935953362803
6936200601621
6936381704395
6936515857614
6936749501116
6936756284477
6936756285146
6937082260388
6937221716172
6937264083316
6942836720230
6944165001172
6970594388881
6970895710251
6971258742797
6974098201295
6974800842075
6975195872982
6996604033350
7004769646199
7010151322404
7014125235677
7014629226393
7014661000098
70173130
7022270902610
7025050012004
7025110151254
7033850008233
7034057200277
7034280004208
7037421053714
7038010028809
7038010071096
7039010582247
7039359253273
7051419933895
7054057305741
7055153521196
7061255548665
7061258840377
7061258840387
7064798640643
7064962074373
7066352671155
7070667753833
7071848006748
7081437865694
7088020064991
7088034165868
7088940053464
7088940580298
7090017540760
7090042170048
7281427219142
7290113762428
7310350122561
7310511803001
7310520006851
7311043018017
7311310500993
7311310503796
7311312003348
7315120015562
7315120016293
7315877158925
7316641017004
7316641513902
7316641517054
7316641813750
7316641815235
7317065004014
7330122811738
7330242200887
7331878004160
7340028818182
7340150800536
7350064992180
7350071700105
7350071700631
7350101604564
7393714516909
7393714898456
7394336629329
7394376614545
7394376616129
7394376616167
7394376616594
7394376617454
7394376617461
7394376617621
7394376618413
7394376619465
74130498
7427116341231
7427135478864
7437003656683
7449174682408
7451788120955
7500462232719
7501003101945
7503015447080
7503048873047
7506306413542
7524802680091
7567673652323
7610400074193
7610400075909
7610700626344
7610700948576
7610900037322
7610900037353
7610900037414
7610900248872
7612100056677
7612100065860
7613030037880
7613030081821
7613031587339
7613031614363
7613032238117
7613032634704
7613033273599
7613033796487
7613034235107
7613034310132
7613034310477
7613034919625
7613035236004
7613035273993
7613035697973
7613035775114
7613035816282
7613035988576
7613036002479
7613036078757
7613036078801
7613036192927
7613036271905
7613036344395
7613036344418
7613036364539
7613036410182
7613036424141
7613036434348
7613036562287
7613036676588
7613036873932
7613036881289
7613036942058
7613037023985
7613037410556
7613038969510
7613039023426
7613039281932
7613039574867
7613039686379
7613039733677
7613039869048
7613039869505
7613287012098
7613287012449
7613287012517
7613287104083
7613287114228
7613287151735
7613287157249
7613287190123
7613287228765
7613287256256
7613287383945
7613287383969
7613287434609
7613287476340
7613287552242
7613287554376
7613287598387
7613287749031
7613287770783
7613287833259
7613287898951
7613287902047
7613287912619
7613331014542
7616100046539
7616500924352
7622201107659
7622201120252
7622201121037
7622201127534
7622201142346
7622201143107
7622201143268
7622201148393
7622201150785
7622201393779
7622201405809
7622201427252
7622201435127
7622201436070
7622201436926
7622201438340
7622201439194
7622201440657
7622201440749
7622201447281
7622201454685
7622201461874
7622201498559
7622201498795
7622201515393
7622201517649
7622201635596
7622201680916
7622201685294
7622201685577
7622201693893
7622201703264
7622201703561
7622201712228
7622201719227
7622201726126
7622201726461
7622201729080
7622201729325
7622201730338
7622201730512
7622201746179
7622201746247
7622201746445
7622201747336
7622201749606
7622201750381
7622201751852
7622201765309
7622201792312
7622201798789
7622201799571
7622201800475
7622201806811
7622201817725
7622201824020
7622201824389
7622202025693
7622202029257
7622202032219
7622202209871
7622202210532
7622202211942
7622202212369
7622202212574
7622202218811
7622202219504
7622202231193
7622202237713
7622202239359
7622202245343
7622202245466
7622202245480
7622202250941
7622202252891
7622202252976
7622202262289
7622202278532
7622202278556
7622202278846
7622202289699
7622202332708
7622202333408
7622202341885
7622202341946
7622202342431
7622210023063
7622210072733
7622210126696
7622210126726
7622210145437
7622210157324
7622210189820
7622210212573
7622210307668
7622210307774
7622210313218
7622210318862
7622210328328
7622210360328
7622210432391
7622210437006
7622210443144
7622210449627
7622210497031
7622210582782
7622210585943
7622210589255
7622210607317
7622210618245
7622210626028
7622210637086
7622210670892
7622210674197
7622210679031
7622210696304
7622210696366
7622210707338
7622210710314
7622210716095
7622210718518
7622210726407
7622210728289
7622210737236
7622210737250
7622210758170
7622210758187
7622210758248
7622210760944
7622210777423
7622210783967
7622210818461
7622210818478
7622210818485
7622210863270
7622210881519
7622210898401
7622210928856
7622210942111
7622210959935
7622210975119
7622210989383
7622300691301
7622300700218
7622300719487
7622300774967
7622400944635
7630294500097
7630294500660
7640110704615
7640110706848
7640244911095
76403125
7640342961725
7670393424795
7711311584259
77730817
7791400073086
7791400073536
7801268002033
7802630005423
7818111121421
7885243172232
7891095300808
7896183905514
7896523100784
7897291110074
7898132842116
7898678661790
7939997401619
7964382842890
7977760124426
79941105
8000020000365
8000070037397
8000137003013
8000139932045
8000270010121
8000270013283
8000300401073
8000300411669
8000300422559
8000300430752
8000300430882
8000300431148
8000350008321
8000500096017
8000500228272
8000500278802
8000500330067
8000500337806
8000500349816
8000500358696
8000500369661
8000500401576
8000500418246
8000500446843
8000500448038
8000500461242
8000533127047
8000810101470
8001060001459
8001060002661
8001060005211
8001060005280
8001060024656
8001060032033
8001060039810
8001060044326
8001110016372
8001250120335
8001310002823
8001310002984
8001420001327
8001440132537
8001542002349
8001620017432
8001665708210
8001665728898
8001860252266
8002130202653
8002210127289
8002210127500
8002210128057
8002210128064
8002210128088
8002270146503
8002270146527
8002270476686
8002270756474
8002270816642
8002371003910
8002448872357
8002470023611
8002873015992
8002873018481
8003160570293
8003340095974
8003340097145
8003340097534
8003340805085
8003340806532
8003340807560
8003340808314
8003440927502
8003440988893
8003440997185
80042556
80050858
8005110022234
8005695030006
8006050120707
8006860390451
8006860768755
8006890625066
8008440212313
8008440249371
8008481794144
8008698013632
8008698015186
8008698016190
8008698016305
8008698016886
8008698028711
8009550000074
80099024
8010558101151
8013108694424
8014294302988
8014294303022
8014579818036
8015592714534
8015997000874
8016419001745
8016742030580
8017490050165
80177173
8018699021840
8023678426103
8023797019019
8027805000167
8029363759419
8032891700006
8033020380335
8033087771879
8033501510213
8033501510367
8050515302122
8051369000196
8051369005344
8052789117037
8053178940014
8055684539034
8056324082002
8056670020093
8060195465833
80602378
80788836
80842460
80863720001506
80867067
8088004558934
80880622
80957553
8116390800242
8116390800945
81599516
8198704007000499
821001168310013500088
8253662037071
8410031965056
8410031974911
8410060183001
8410060184107
8410060282001
8410060685307
8410076014658
8410076244642
8410076472359
8410076474230
8410076474643
8410076474704
8410076474919
8410076475633
8410076482655
8410076601261
8410076611390
8410076611451
8410076621603
8410076621719
8410083475435
8410100135120
8410113002112
8410134022960
8410134025282
8410134026050
8410156976630
8410261627212
8410376017694
8410376061222
8410376065268
8410525209901
8410525261091
8410525261152
8410525261589
8410660094103
8410793068132
8410843628637
8411467884324
8412164007436
8412289005782
8413681305746
8414371081599
84172419
8420197005558
8420962003536
8420962004533
8422791011027
8422885100392
8424465917666
8424465926453
8426944061259
8428532230078
8431876280449
8432511000057
8435201704266
8436551952246
8436561602469
8436586780715
8437002871567
8437006555128
8437007730012
8437017033653
8437018471003
8445290003058
8445290169938
8445290431301
8445290435774
8445290551849
8445290622662
8445290750716
8445290799784
8445290835390
8445290934338
8445291006454
8445291036086
8445291082731
8445291256415
8445291261839
8445291371156
8445291384934
8445291405295
8445291422247
8445291422612
8445291423251
8445291465640
8445291527904
8445291544215
8445291561410
8445291584372
8445291609471
8445291658585
8445291658790
8445291701113
8445291709096
8445291740310
8445291747128
8445291882737
8445299633232
8470002046559
8480000160416
8482764430538
8584004041396
8585002432742
8585002536402
8588000001637
8588006751246
8593893752917
8593893755260
8593893765795
8593893781993
8594017421306
8594199372779
8594199375251
8595717700418
8595717702276
8595717704454
8595717706953
8600939843383
8606018945290
8639323000033
8680976404686
8681267360858
8681506007391
8681917255831
8682320028005
8690146109303
8690146127192
8690146134664
8690146151418
8690146151708
8690146152194
8690146154853
8690146182269
8690504079767
8690520035662
8690547040021
8690574840519
8690576529252
8690579027939
8691484159005
8692345530643
8693730000079
8695820018636
8696990000070
8696990003309
8697217039811
8697400278683
8698740270665
8698740270856
8698740275301
8699073290849
8699073290900
8699073290931
8710161004923
8710398513977
8710398521507
8710428012128
8710445016369
8710445025439
8710449927463
8710449933648
8710522708149
8710522708163
8710522790489
8710522886175
8710557018688
8710604766258
8710604766272
8710604794862
8710624268732
8710649120848
8710649121326
8710671087362
8710671145598
8710716030247
8710775000014
8710868028666
8710998504665
8711000364338
8711000373187
8711000442494
8711000504536
8711000510490
8711000510520
8711000518533
8711000677711
8711000683583
8711000703366
8711000703397
8711000852965
8711200336159
8711200344727
8711200455980
8711200455997
8711200471263
8711200563418
8711200576388
8711327319080
8711327384552
8711327405653
8711327473140
8711327483606
8711327521841
8711327532274
8711327626089
8711327626836
8711327635159
8711327667358
8712100487934
8712100653506
8712100782114
8712100837890
8712100857645
8712100888274
8712100891403
8712423020436
8712566052790
8712566067916
8712566125807
8712566128747
8712566140602
8712566248186
8712566291168
8712566301942
8712566410040
8712857008109
8712996700537
8713276090126
8713282030017
8713600287666
8713621880396
8713635002029
8713800132230
8714100076408
8714100273920
8714100390023
8714100390214
8714100636275
8714100638415
8714100859698
8714100862636
8714411000604
8714443816532
8714685000195
8714685902024
8714685903397
8714685906428
8714800022460
8714800024167
8715148000134
8715700124544
87157185
8716101069724
8716900574368
8716900582561
87170528
87170795
8717624536762
8717677339952
87177817
8717953209290
8718096166334
8718114885094
8718204058292
8718452501793
8718531643178
8718692784321
8718774018511
8718774019891
8718858932320
8718989028336
8719200006843
8719200008885
8719200014503
8719200056664
8719200070622
8719200070684
8719200070707
8719200071438
8719200078581
8719200086050
8719200094901
8719200175174
8719200186262
8719200187009
8719200189850
8719200214859
8719200237759
8719327345122
8719747260197
8719747260432
8719798860056
8719956491597
8719956496400
8720165350155
8720165425976
8720165425990
8720181636110
8720182064363
8720182208286
8720182414113
8720182427557
8720182585608
8720182658241
8720182780829
8720182794246
8720182939180
8720182986856
8720256082972
8720618986719
8720726586825
8721022800202
8721201997396
8721201997471
8721317713071
8722700043119
8722700103301
8722700135890
8722700165910
8723400782100
8723400782957
8723400793182
8723400796183
8723400824206
8723400826903
8723400827245
8723400827900
8723400827948
8723400829485
8723400830177
8727200221029
87334524
87366563
8801052102375
8801056831011
8801062012756
8801062518470
8801068134902
8801068363517
8801175002675
8802812906929
8805957020987
8809201000015
8809275380280
8809275387418
8809404730429
8809521341676
8816390110302
8850030009632
8850030111717
8850100126016
8850173570327
8850372000403
8850389120088
8850487000459
8850643023414
8850649200413
8850987151231
8851028000945
8851081460113
8851912010029
8853662060316
8855273010339
8855273010551
8855273017291
8855790001759
8857122559358
8857126105810
8858679670015
8858998585014
8859069907438
8859568700271
8885014218038
8885019420344
8886467103452
8888077110004
8888101090401
8888118161750
8888196180414
8888200900274
8888240000934
8888919123001
8901047619205
8901058867381
8901155410312
8901414056565
8901537061019
8901552005036
8901552014410
8901552018753
8901552023450
8901595972548
8901719656811
8901808007722
8903950201515
8904004403756
8904011508987
8904063208279
8904063220578
8904067709833
8906006250024
8906014882019
8906019564187
8906050850300
8906077360387
8906077361292
8906078262178
8906081122469
8906100881643
8906140520663
8906144566278
8906152260120
8907003511026
8908000339385
8908007725150
8908008674662
8934585012443
8938555026263
8941100170045
8944596459229
8944596479937
8961008300450
8964000160145
8964000684177
8964002346677
8989934132334
8995077605659
8996001320839
8996001356340
9000144053031
9000189698662
9000196383025
9000199001629
9000199376413
9000331609522
9001375996494
9002490239565
9002490248420
9003454021905
9004145098329
9006403051602
9006403053545
9013081009764
9013661116257
9019100682802
9022350051878
9023799000137
9034604087588
9038892674833
9044223222123
90446078
90454615
90456671
90456831
90457968
90474316
90474590
90474774
90474989
90486234
90490125
9050482307990
9059662718687
9060123673131
9060199824604
9060322200046
9060372390896
9060599191849
9060904665096
9060989632013
9062300112549
9066231008490
9100000010971220000899
91114807
9120019830045
9120084160306
9187183008704770001757
9282185188433
9300662892199
9300682064057
9300695001681
9310006006847
9310006007868
9310645175492
9310881948539
9311493000608
9311627010183
9315090206708
9318471000933
9319133332294
9321225201609
9324956001166
9330995735603
9332045001218
9334279004621
9335805000018
9335805000384
9341709000610
9342985000585
9345625001133
9346758000819
9348207000630
9348207000647
9348207002771
9349665000491
9350271000089
9350271000119
9350271003288
9350271003561
9350848008616
9389583677641
94008470
9401113375862
9403102000885
9416892220074
9417986941813
9418315127403
9421013448725
9421901881047
9421903370723
9421906840650
94837483
9501471979532
9502545388632
9555139606025
9555144300130
9556001135957
9556041130431
9556041609326
9556041780636
9556107280018
9556691000474
9557062351324
96024102
96126080
96133262
96137062
96168967
96169537
96169551
96181072
96182529
96187067
96195444
96197530
96204788
96205457
96207819
9630392506166
9668380082729
9700124295214
971500011930494060002139
9776790237933
9780201123562
9899217275933
99435776
9955417596336
0000112302581
00001719
0000200000296
0000200001000
0000200003145
0000200012808
0000350034007
00011815
0001182043106
0001202312202
0001767104918
00028202
00028257
00033046
00039185
00045223
00046473
00050913
00051248
00060790
00062855
00071093
00072861
00072878
00073899
0007488004683
00077859
00080897
00087544
00087728
00092555
00099059
00099202
0010108232388
00106337
00108782
00113991
00116961
00120241
00120623
0012370061840
00125093
00125628
00126953
0013120011504
00137966
00140980
00145404
00152990
00153782
0016000168336
0016000478855
00161565
00161589
00162067
0016345711242
0016500088066
00165457
0016571956943
00168526
00168618
00168793
00168953
0017034020041
00174923
00184939
00188630
00189958
00193771
00194822
00198370
00199162
0020059185084
0020188050109
00202916
00203029
0020685000959
00208055
00208161
00208710
0021130065257
0021908473024
0022000020567
00220514
00225014
00226837
00226870
00230865
00231114
00232128
00232203
00232227
00232456
00235129
00236188
0023700042590
0023700043801
0024000150824
00245000
00246132
00247122
00253451
00255851
00257336
0025952007020
00260411
00262217
00262712
00274012
00274296
0028400097604
00284721
00291095
00299312
0030000311769
0030401178411
00304986
0030771096797
0031200452856
00313278
00313391
00313865
00322812
00323604
00323796
0032695659423
00329866
00330145
00331722
00333016
00333115
0033331479306
00333603
00333771
00335409
0034000215492
0034000318131
0034000431540
00352376
00353397
0035549943532
00359603
00365482
0036800067851
00371346
00374651
00376617
00377300
00377652
00378628
00379397
00379410
0038000318207
0038000581700
00382137
00382281
00384414
00386289
0039047001886
0039047017191
0039047018501
0039047019287
0039047700383
0039047816084
0039272027675
00397513
00398503
00399234
00399852
00400985
0040424284020
00405577
0041190061136
0041196404739
0041220603824
0041269603557
00413848
0041420051302
0041735249005
00419826
00422796
00424387
00424707
00428415
00433075
00433600
00439671
0044000040109
00440035
00448475
0044936232814
0045169703003
00452120
00453363
0045480073533
00454964
00459884
00465649
00469258
00471862
00473552
00479585
00483940
00486255
00486842
0048817000363
0049000042511
0049302540869
0049309600160
00495257
00497701
0049848301351
00499071
0050000622511
00503310
00505604
00505710
00507301
00508346
00511926
00522649
00526838
00533522
00537742
00537797
00545167
00547468
00548397
00554046
0056600769229
0056655869417
0058449450795
0059395119156
0059441004597
00602501
0060298880581
0060383055905
00623599
00639071
0064100117303
00646741
0065015012016
0065015012108
0065015012214
0065105012948
0065231597736
0065265500031
0065633175938
00670326
00677226
00679961
00680240
0068100059045
00681773
00682848
00683111
00686716
00689175
00689779
00696890
0070004000030
0070970475528
00711708
0071570004309
0071570010072
0071570010416
0072087132066
0072111764928
0072417170607
0072417180590
0072417186653
0072417187612
0072417190490
0072417194474
0072417195136
0072417200533
0073490132131
00737012
00738071
00742245
0074234512141
00744263
00748506
0075450018448
0075655674562
0075820204082
00759991
0076004001176
0076044001020
00763127
00767781
0077093000101
0077101050364
00771382
0077172667706
0077544162327
0077633750183
0078742006208
0078742165622
0078742236063
0078895134063
0078895146158
0078895148824
0079200370183
00793063
00801478
00804691
00805872
00808057
00809436
00810685
00812344
00818162
00818209
00825436
00826402
00831147
00833141
0083933213457
00843645
00844352
00846387
00847988
00852104
00853040
00862752
00867177
00868860
00869317
00869706
00872713
0087666052826
00878173
00880527
00887861
00888219
00891349
00892605
00893367
00894418
0089502900002
00897266
00897341
00897358
00897464
00898454
00899451
00899635
00901918
00903769
00903844
00903851
00911924
0091343482516
00921381
0092152120132
0092152120156
00922661
00923002
0093014643127
0093014643172
00933575
00937900
00939003
00939805
00944182
00946599
00963558
00964074
00967112
00969512
00970419
00972468
00973557
0097448360063
00989695
0099068001609
00992732
00993357
00994675
0099482529543
00994835
00994897
00995580
00996495
00998109
0099845103335
00998475
00999533
01019735
01052657
01058963
01122213
01138146
01143416
01183920
01221176
01327793
0135000066203
01373332
01456042
01457384
01457735
01465235
01489187
01523126
01537734
01578232
01578850
01586008
01646030
01667868
01684667
01691887
01692549
01709353
01717051
01730395
01733419
01738599
01743579
01776348
01797657
01800432
01801224
01815108
01832457
01843545
01849240
01856996
01897878
0200030447350
0201130001503
0204341708919
0204673003652
0204690001433
0211156002279
0217456000601
0218187004005
0218997001607
0219114002392
0219954007250
0220336003494
0223830001881
0223841003898
0223945008911
0226304007006
0228900001358
0229589002254
0229764007005
0231148018996
0236068003251
0237190005502
0240894001503
0250526009265
0256901005846
0257772008868
0259461008241
0263981001002
0267611001257
0273886007481
0281351001254
0281810000000
0283004001505
0283018000808
0285597002242
0286020000000
0286184002607
0286211001009
0287115001652
0287450000000
02890825
0289816001702
0291523004563
02942397
0295662004538
0296090005494
0296357003980
03010303
03032732
03232064
03233016
03246108
03246252
03248515
03249017
03265123
03267912
03279632
03280591
03302255
03316962
03319130
03333346
03339633
03401903
03421024
03427736
03434581
03442210
03449608
03660029
03961988
0400037212221
0400507099178
04053965
0405546675956
0408860035185
04153368
0444444373700
0444449581483
0445352066326
04919511
0500128725477
0500157075154
0500169046753
0500169046760
0502933863634
05096893
05117808
0533637835382
05649518
0600519002801
0602693853941
0602693854016
0604565085603
0604565652553
0604565661081
0609613844454
06110116
0611645001156
0612322001278
0612322001346
0612322001407
0612322001865
0612322001872
06229702
0626394410500
0628055758808
0628418100206
06285890
0634158576850
0634158715860
0634158794032
0634158906732
0634418524195
0637793030428
0639114512255
0639192602497
0639246040473
0640522149100
0641094454678
0643985986695
0645312344864
0646670317378
0652655000364
0652655000630
0652655000814
0654969430066
0655762001040
0658010121781
0659253121453
0660989784881
0665985784910
06684150
0671372300892
0679385000723
0683489505534
0688444500173
0697893208486
0700461240730
0700461331797
0700814777746
0703694584763
0705669279124
0706502216498
0706502568382
0709934348102
0713179850023
0718122600595
0720516020261
0721782306240
0722301142998
0722301153277
0724120144382
0731123729348
0731628358289
0734167137308
0736517194542
0737069792637
0745110122227
0745114234162
0745125850993
0745560999974
0745760337750
0747916408314
0751217950069
0754568921009
0754590779401
0755604644500
0757932386527
0761898737675
0762111226457
0762111552891
0764200796858
0767550730787
0767665920042
07681000
07780578
0782733910046
07832903
0784862137103
0785018012268
0785018012688
0785331761898
0793573669872
0793591912424
0797132874929
0797776522682
07998908
0810001616359
0810019604591
0810046740002
0810116126309
0810116126828
0811670031085
0812986016605
0813636021864
0816240020445
0818718008016
0837503000042
0841247979106
0846675010360
0850001974424
0850013014422
0850015646492
0850403000097
0851186007037
0851246000008
0855930001586
0857938005825
0860009146730
0860010956854
0867854000316
0873204104443
0873204104733
0876941002409
0886054000261
0890180001238
0892999000082
0897530000934
09009738
09017238
09017269
0935325163041
09365439
09425327
0982040177686
0999992218565
1000033995006
1000034316701
1000035943807
1000040983126
1000040983249
1000041439301
1000041443704
1000041733607
1000041899907
1000042600700
1000042882403
10007563
10062326
10066843
10098103
10112625
10115350
10181492
1020048485811
10201176
10212318
1023000121000
10245305
10310113
10331545
10332788
10346525
10359314
10381663
1046648082021
10500016909709000235
10500016930146300105
10547908
10600696
10605967
10620618
10658550
10663172
10667293
10667316
10667361
10716038
10716151
10819234
10885840
11021483
1104701710622
11114188
11845188
1210000107602
1210002110471
1220000500235
12221878
1230000131735
1230000283021
1256420004503
12693849
12717774
13461188
13913320
13918811
16798366
1802016790000
18479317
19392486
19781990
2000000011726
2000000011730
2000000011741
2000000011774
2000000013846
2000000013847
2000000034210
2000000034211
2000000034238
2000000034747
2000000034748
2000000060554
2000000060561
2000000073933
2000000095719
2000000101103
2000000111171
2000000113503
2000000114730
2000000115095
2000000115326
2000000125030
2000000125031
2000000125034
2000000126617
2000000128812
2000000129183
2000000136169
2000000136170
2000000136210
2000000136235
2000000136237
2000000139587
2000000139588
2000000139590
2000000139761
2000000145374
2000000145623
2000000146249
2000000146924
2000000147430
2000000147431
2000000148087
2000000148096
2000000149121
2000000149694
2000000149709
2000000149710
2000000149714
2000000149715
2000000149716
2000000149720
2000000150455
2000000151096
2000000151097
2000000151098
2000000151099
2000000151100
2000000151101
2000000151102
2000000151103
2000000151108
2000000151109
2000000151110
2000000151111
2000000151112
2000000151113
2000000151114
2000000151115
2000000151116
2000000151117
2000000151118
2000000151119
2000000151120
2000000151121
2000000151122
2000000151123
2000000151160
2000000151162
2000000151180
2000000151199
2000000151201
2000000151203
2000000151226
2000000151426
2000000151439
2000000151698
2000000152224
2000000152234
2000000152644
2000000152994
2000000153370
2000000153375
2000000153401
2000000153402
2000000153479
2000000157171
2000000157172
2000000157791
20006495
2003249002994
20113490
20149482
20198947
20212674
2025248001495
20273323
20284725
20321307
20329181
20347901
20362195
2037195299993
20376444
20396718
20471866
20472535
2051102704585
2051106904738
20526177
20540180
20635923
20657222
20675851
20675943
20717414
20718244
20719494
20719722
20719999
20834494
20913496
20937584
20952387
21049798
21091001
21115172
21116735
21143021
21148651
21178603
23048829
2317478707477
2319066404959
2322448202005
2324883404006
2324884404005
2326934101506
2328182300656
2329955203990
2329957203998
2329958203997
2330133400995
2427617474006
25014983
25035421
25056471
25064773
25076189
25084061
25171785
25190182
25193626
25211252
25218541
25221244
25261011
25263541
25298154
25304220
25306156
25306163
25306255
25347029
25358209
25373677
25387117
25445411
25456585
25456592
25544244
2615285005343
26160634
2631930003168
2633749002448
27249635
27278970
27347799
27421048
27533048
27666012
27685655
2809460004508
29001149
29026746
29028221
29036059
29043743
29052066
29066315
29075119
29098439
29115402
29120093
29124619
29126606
29131143
29139873
29152520
29156986
29160594
29179725
29179770
29188864
29188871
29194056
29213399
29215367
29229482
29232994
29233267
29248384
29253562
29257751
29266623
29281862
29285693
29293346
29297856
29303526
29304271
29306794
29308477
29311620
29314430
29320677
29329816
29332991
29355730
29356652
29368884
29370252
29372959
29385157
29386345
29387366
29392735
29394968
29397372
29397624
29398058
29398973
29400362
29403776
29406487
29410538
29417421
29418251
29420537
29422418
29422807
29422838
29423927
29423972
29426157
29427215
29427307
29429769
29432141
29433063
29433537
29435708
29435906
29436712
29436767
29437146
29439508
29439928
29442089
29442171
29442218
29443840
29445127
29445134
29446124
29449149
29449354
29449583
29449620
29450657
29454136
29454617
29456109
29456116
29456284
29456338
29456918
29456994
29457021
29457083
29457137
29457199
29457212
29457380
29457502
29457687
29458479
29458608
29460595
29460670
29463732
29464289
29464319
29466917
29467051
29467105
29468997
29469024
29469062
29469116
29470532
29470730
29470761
29470853
29470877
29471072
29471263
29478965
29480456
29481026
29481064
29481095
29481514
29481620
29481644
29481675
29481682
29481743
29482481
29482924
29482948
29483259
29484935
29487288
29488636
29488780
29488803
29488827
29489008
29489077
29489534
29489824
29489855
29490752
29491278
29492176
29492381
29492398
29493036
29493111
29493180
29493203
29493593
29493807
29493920
29493951
29494491
29494699
29494828
29494835
29495481
29495627
29495641
29498185
29499649
29506507
29508228
29508402
29508426
29508440
29508464
29508617
29509225
29510870
29511433
29512348
29513727
29516599
3016570001412
30194342
3023290000939
3023290000953
3023290012321
3023290012352
3023290030264
3023290030325
3023290075777
3023290080269
3023290082775
3023290083567
3023290083710
3023290209783
3023290211069
3023290418741
3023291111139
3023291453673
3036669450037
3046920023085
3048665728881
3052911116865
3052911289675
3052911658549
3057640417993
3077201012054
3105560054900
31504621
3178530410051
3222110025040
3222471097007
3222474498092
3225820061704
3228024960071
3280596100927
3289196500571
3329770049215
3329770053311
3329770062535
3331221675898
3360100350106
3360100430105
3360101710107
3360101760102
3360101800105
3360101820103
3360101830102
3360101860109
3360101920100
3360101930109
3360101940108
3360101950107
3360102030013
3360102060102
3360102070101
3360102130010
3360102200300
3360102220063
3360102270013
3360102310016
3360102320015
3360102330014
3360102361001
3360102370010
3381050002587
33868110
3415581152128
3415587541025
3426854960760
3487130236191
3487130236207
3513851559360
3533631685003
35592397
3564700741399
3596710491995
3608580949459
36364343
3664346343381
3664346347716
3664346352697
3664346354301
3664346354318
3700389705158
3700389715522
3700389715553
3700389715560
3800020401392
3800020401682
3800020401866
3800020472323
3800204531587
3800213250165
3800213311644
39223500
4000161060055
4000161060109
4000161100737
4000177031377
4000417050601
4000503854304
4000539398186
4000539638107
4000539764424
4000539764462
4001686012253
4001686017258
4001724049982
4001724052876
4002359000287
4002359010910
4002359010934
4002359019760
4002359021787
4002359040207
4002359040344
4002359664625
4002575556438
4006814053610
4009427021373
4009900507509
4009900538602
4009900539289
4009900550307
4009900580038
4009900580052
4009900580076
4010898000569
4017100210860
4017100902581
4018077000638
4025500149277
4025500165437
4025500165512
4025500165536
4025500165574
4025500165598
4025500172893
4025500175436
4025500177072
4025500181918
4025500183851
4025500252458
4025500260309
4025500278465
4025500280338
4025500286224
4025500292553
4025500292720
4025500295462
4025500295509
4025500297022
4039800225425
4040046100131
4044889005349
4053736738743
4055483578481
4055733415139
4056489045410
4056489107705
4056489160113
4056489198468
4056489227663
4056489241089
4056489241164
4056489250920
4056489269403
4056489277460
4056489306870
4056489354680
4056489354888
4056489376828
4056489422778
4056489469957
4056489481379
4056489557968
4056489558019
4056489575214
4056489648796
4056489649281
4056489710349
4056489822981
4056489824534
4056489844754
4056489895107
4056489896548
4056489899013
4056489900481
4056489900931
4056489901716
4056489902478
4056489902904
4056489902980
4056489903932
4056489903949
4056489904168
4056489904441
4056489935346
4056489972211
4056631003312
4060800134042
4060800172624
4060800303707
4060800303868
4060800304148
4060800305947
4060800307033
4060800309914
4061459038767
4061459042481
4061459106312
4061459106732
4061459129908
4061459160796
4061459165173
4061459234619
4061459332520
4061459357578
4061459444667
4061459453447
4061459547566
4061459556490
4061459565591
4061459573565
4061459596397
4061459596762
4061459666182
4061459693775
4061459700923
4061459717075
4061459718621
4061459749670
4061459803068
4061459814804
4061459822151
4061459827415
4061459866094
4061459946642
4061459954333
4061459981759
4061459982350
4061459991314
4061459992137
4061461013301
4061461083366
4061461119195
4061461119249
4061461119577
4061461134334
4061461194116
4061461213879
4061461237837
4061461237905
4061461237912
4061461238636
4061461239732
4061461243692
4061461252373
4061461270858
4061461277918
4061461281595
4061461282424
4061461309831
4061461311070
4061461329266
4061461333119
4061461334666
4061461334833
4061461341084
4061461343927
4061461343934
4061461345471
4061461350086
4061461352639
4061461358792
4061461363642
4061461370794
4061461382551
4061461382568
4061461384258
4061461384265
4061461386443
4061461386542
4061461395759
4061461399788
4061461400248
4061461400255
4061461401917
4061461403201
4061461403218
4061461407209
4061461411077
4061461412319
4061461422257
4061461422844
4061461423612
4061461424022
4061461600815
4061461601096
4061461607692
4061461615031
4061461631550
4061461660215
4061461682873
4061461751500
4061461784263
4061461812799
4061461828080
4061461831479
4061461836122
4061461841652
4061461841676
4061461855130
4061461859381
4061461878726
4061461925529
4061461998684
4061462009891
4061462033810
4061462046094
4061462046629
4061462057502
4061462079634
4061462187384
4061462193606
4061462194184
4061462265259
4061462283321
4061462296406
4061462322068
4061462331565
4061462367724
4061462398292
4061462412240
4061462482014
4061462483608
4061462483820
4061462553226
4061462602153
4061462618994
4061462629815
4061462659300
4061462725111
4061462725135
4061462735714
4061462736582
4061462773464
4061462826665
4061462832758
4061462875090
4061462983504
4061463014399
4061463015013
4061463051554
4061463062826
4061463100573
4061463102539
4061463114396
4061463114440
4061463168603
4061463218292
4061463276698
4061463276858
4061463276865
4061463296689
4061463347497
4061463382405
4061463400239
4061463416889
4061463433589
4061463434418
4061463482174
4061463533715
4061463554888
4061463626868
4061463657862
4061463659965
4061463701510
4061463706157
4061463719843
4061463748805
4061463772626
4061463782731
4061463784018
4061463784339
4061463791856
4061463794819
4061463823496
4061463833440
4061463860781
4061463879141
4061463890535
4061463918222
4061463960641
4061463984333
4061463985453
4061463991737
4061464122420
4061464284258
4061464284296
4061464467934
4061464634350
4061464637429
4061464746640
4061464776364
4061464776616
4061464842410
4061464877290
4061464982864
4062139015313
4062139015641
4062139019625
4062139023714
4062139027613
4062139027675
4063367225017
4064349080099
4065019123849
4069365014493
4069365018712
4069365021095
4069365026175
4069365049044
4069365049181
4069365049228
4069365053683
4069365053874
4069365136065
4069365136072
4069365136218
4069365159477
4069365189924
4069365222492
4069365222706
4069365236338
4069365236345
4069365291481
4069365302514
4069365308141
4069365311172
4069365322079
4069365346716
4069365348048
4069365348543
4069365378397
4069365379561
4069365427590
4069365442746
4069365450482
4069365459669
4069365511480
4069365584941
4069365585153
4069365646120
4069365665602
4069365670439
4069365853450
4069600009437
4087344268538
40873459
4088600002248
4088600012803
4088600014791
4088600019437
4088600021812
4088600025582
4088600027890
4088600028927
4088600038322
4088600038384
4088600044248
4088600046006
4088600047096
4088600048512
4088600050096
4088600066790
4088600068855
4088600073321
4088600077642
4088600087634
4088600099415
4088600101200
4088600108674
4088600109619
4088600122748
4088600125091
4088600129433
4088600138459
4088600140919
4088600140933
4088600149103
4088600155838
4088600157443
4088600158624
4088600161105
4088600165691
4088600179346
4088600183350
4088600184265
4088600192611
4088600204994
4088600213927
4088600216614
4088600223667
4088600224886
4088600231648
4088600232584
4088600236391
4088600238562
4088600244174
4088600247403
4088600248424
4088600249162
4088600257686
4088600265414
4088600272634
4088600275130
4088600277103
4088600285702
4088600285825
4088600304700
4088600310565
4088600316451
4088600318370
4088600321141
4088600327372
4088600334813
4088600335773
4088600349763
4088600350394
4088600350714
4088600355733
4088600371238
4088600371382
4088600374758
4088600383927
4088600392240
4088600392394
4088600392592
4088600393490
4088600398204
4088600399508
4088600403793
4088600407326
4088600411170
4088600413518
4088600413549
4088600421452
4088600422305
4088600423159
4088600428024
4088600457895
4088600465364
4088600470306
4088600471136
4088600473109
4088600478975
4088600488486
4088600490281
4088600492667
4088600495033
4088600503493
4088600512051
4088600538761
4088600550435
4088600555881
4088600560632
4088600561226
4088600568157
4088600568171
4088600569246
4088600569253
4088600570570
4088600576220
4088600576473
4088600576961
4088600578026
4088603044788
4088700049518
40898223
42099475
42099505
4250519667560
4251032612648
4260403140024
4335619027374
4335619030206
4335619032231
4335619041363
4335619046443
4335619046450
4335619071247
4335619085169
4335619108400
4335619110267
4335619113817
4335619114647
4335619121324
4335619123670
4335619124509
4335619125407
4335619126060
4335619127364
4335619135574
4335619143395
4335619158733
4335619163638
4335619164802
4335619179394
4335619179608
4335619179660
4335619180321
4335619180505
4335619180574
4335619181199
4335619181335
4335619181427
4335619181526
4335619182219
4335619182554
4335619182561
4335619182592
4335619182653
4335619183018
4335619183025
4335619183322
4335619184008
4335619195028
4335619196810
4335619199729
4335619201361
4335619209480
4335619221118
4335619222731
4335619239685
4335619268289
4335619268517
4335619272118
4335619272958
4335619272972
4335619272996
4335619273238
4335619273436
4335619273528
4335619273597
4335619273634
4335619274082
4335619274099
4335619274747
4335619275478
4335619312531
4335619313248
4335619314399
4335619314443
4335619315259
4335619315792
4335619334830
4335619351233
4335619351240
4335619369931
4335619403932
4335619403949
4335619436954
4335619436961
4471236908006
4710126187504
4712905020569
4750499005609
4770299398169
4770350022101
4779020200801
4820015714756
4820179254440
4823063126496
4897069840014
4902402850367
4904561061059
4970860778004
5000108035046
5000108930204
5000111045421
5000112552119
5000112649871
5000112649932
5000112662054
5000112667509
5000112669794
5000112684414
5000112684582
5000112684780
5000112685404
5000112688276
5000116109036
5000116124022
5000116124459
5000116124831
5000116125678
5000116126378
5000116126460
5000116127511
5000116128747
5000116129096
5000116129119
5000116129126
5000116129416
5000116129775
5000116130030
5000116130528
5000118914447
5000128430012
5000128519212
5000128538091
5000128587563
5000128588966
5000128596237
5000128609661
5000128613521
5000128617369
5000128620079
5000128622288
5000128623742
5000128629683
5000128633291
5000128635325
5000128639132
5000128644174
5000128645218
5000128656191
5000128657495
5000128666961
5000128718738
5000128745550
5000128764124
5000128793315
5000128804868
5000128805100
5000128821704
5000128822770
5000128828086
5000128830263
5000128840545
5000128870108
5000128881289
5000128883436
5000128893909
5000128938310
5000128942973
5000128958691
5000128961905
5000128968348
5000128989138
5000128994903
5000129291759
5000129296969
5000129303605
5000129311938
5000129316162
5000129319545
5000129322859
5000129324648
5000129340235699000096016
5000129346053
5000129348385
5000129350234
5000129353907
5000129356250
5000129361568
5000129366082
5000129366716
5000129369762
5000129370423
5000129372403
5000129375190
5000129376562
5000129377491
5000129377507
5000129378269
5000129378542
5000129378795
5000129379570
5000129379785
5000129381849
5000129383089
5000129383225
5000129384017
5000129384673
5000129388411
5000129389296
5000129392562
5000129393736
5000129394726
5000129395211
5000129395433
5000129399998
5000129400496
5000136042818
5000147032921
5000147045655
5000157024664
5000157073051
5000157073211
5000157073365
5000157074140
5000157074188
5000157074195
5000157074454
5000157074560
5000157074577
5000157140524
5000157142115
5000157146960
5000159300766
5000159454131
5000159481755
5000159489614
5000159504522
5000159521482
5000159532839
5000159533058
5000159536172
5000159538602
5000159539487
5000159543859
5000159569200
5000159571500
5000159603485
5000159603508
5000159603577
5000159603591
5000159603645
5000159603751
5000159603799
5000159604222
5000165033733
5000168002026
5000168002750
5000168005751
5000168005867
5000168005966
5000168006048
5000168006598
5000168007694
5000168009070
5000168022451
5000168023144
5000168024196
5000168025032
5000168028477
5000168034706
5000168181097
5000168201191
5000168211664
5000168213682
5000168215778
5000169024966
5000169024973
5000169025031
5000169031179
5000169033807
5000169040294
5000169046753
5000169046814
5000169049242
5000169068823
5000169070314
5000169072769
5000169088692
5000169127483
5000169137185
5000169142301
5000169150375
5000169151051
5000169156032
5000169162170
5000169173114
5000169201527
50001692068836
5000169218358
5000169227879
5000169236093
5000169236307
5000169249086
5000169250754
5000169258231
5000169262306
5000169302323
5000169303450
5000169324486
5000169324790
5000169350553
5000169363126
5000169367483
5000169403518
5000169442753
5000169443828
5000169476437
5000169478066
5000169478257
5000169480113
5000169492086
5000169509159
5000169514269
5000169520505
5000169550359
5000169569313
5000169579398
5000169580141
5000169581452
5000169603352
5000169608937
5000169610909
5000169624180
5000169635322
5000169650264
5000169655702
5000169666449
5000169670675
5000169671153
5000169671672
5000169675861
5000169676462
5000169704363
5000169890516
5000171032492
5000171052940
5000171055897
5000171059499
5000177482116
5000184593577
5000184593607
5000187127229
5000201487230
5000205043777
5000205047836
5000205050867
5000208041442
5000208079797
5000208089208
5000211012712
5000214016069
5000221506423
5000221608059
5000221608806
5000221609155
5000221609346
5000221609421
5000225059895
5000225066015
5000225070784
5000225070999
5000225073037
5000225073044
5000225073051
5000227000994
5000227502344
5000227506083
5000227511230
5000227511865
5000227514279
5000232006905
5000232007001
5000232026897
5000232037695
5000232040701
5000232831170
5000232862211
5000232879837
5000232904935
5000234036016
5000234054997
5000234055345
5000237108598
5000237110850
5000237119860
5000237132746
5000237135433
5000237135624
5000237204146
5000237205600
5000237205860
5000237206119
5000237206157
5000237206171
5000237206218
5000237206232
5000237206270
5000237206379
5000237206652
5000237206676
5000237206690
5000237206713
5000237206737
5000237206775
5000237206799
5000237207239
5000237207307
5000237207338
5000237207536
5000237207574
5000237207642
5000237207956
5000237208069
5000242110975
5000242452693
5000242452853
5000246730056
5000254021580
5000254022006
5000254022020
5000256018274
5000256050731
5000295155381
5000316001390
5000318110960
5000326010146
5000326010498
5000326011488
5000326011952
5000328016306
5000328023922
5000328023953
5000328029726
5000328031033
5000328031156
5000328034546
5000328034652
5000328035949
5000328036014
5000328036144
5000328036496
5000328036557
5000328036649
5000328036717
5000328036908
5000328037271
5000328037622
5000328037660
5000328037936
5000328037967
5000328039787
5000328039848
5000328041612
5000328041803
5000328041964
5000328042053
5000328042084
5000328042190
5000328042268
5000328123097
5000328135663
5000328142418
5000328187044
5000328196497
5000328196732
5000328197876
5000328203843
5000328205854
5000328206486
5000328207193
5000328262581
5000328263298
5000328272139
5000328272559
5000328297064
5000328481708
5000328499468
5000328514376
5000328865676
5000328961194
5000342001272
5000342001418
5000342001760
5000342003085
5000354156113
5000354160615
5000354167768
5000354168833
5000354204159
5000354406096
5000354905346
5000354906763
5000354913969
5000354914560
5000354914836
5000354914959
5000354916830
5000354918728
5000354918971
5000354921230
5000354921292
5000354921308
5000354923098
5000354923166
5000354924354
5000354924668
5000354925900
5000354927416
5000354927874
5000354928215
5000354928994
5000354929748
5000354929977
5000354929991
5000358340877
5000358803648
5000373000213
5000382036319
5000382039020
5000382101420
5000382102748
5000382108283
5000382113836
5000382123316
5000382123637
5000382124184
5000382124207
5000382124665
5000382125068
5000382125129
5000382126782
5000382129257
5000382129356
5000385024115
5000385024276
5000436604877
5000436794882
5000462167650
5000462793781
5002064000014
5002104000011
50060265320621
5009414771037
5010024113346
5010024113360
5010024114183
5010024423049
5010029231618
5010029231823
5010034009905
5010034011458
5010035000659
5010035000895
5010035001250
5010035001281
5010035001458
5010035062183
5010044003887
5010044010212
5010044010809
5010044011554
5010046011897
5010052111338
5010052112526
5010052113547
5010052114155
5010052114247
5010052114322
5010052114377
5010052115114
5010067334838
5010069623909
5010084103882
5010092702114
5010102002890
5010102118706
5010102119437
5010102119536
5010102240452
5010102241732
5010102242524
5010102242531
5010102243057
5010102341951
5010102343351
5010102344235
5010102344389
5010102350625
5010102354128
5010144002308
5010186014529
5010204427379
5010204450537
5010204631332
5010204847450
5010225002531
5010227365566
5010228005478
5010228005782
5010228005850
5010228006093
5010228006703
5010228007090
5010228007441
5010236001226
5010236157725
5010238022076
5010238022113
5010238022984
5010251157403
5010251168577
5010251268215
5010251298113
5010251427377
5010251431190
5010251440307
5010251443704
5010251445845
5010251455264
5010251455271
5010251455288
5010251464273
5010251471684
5010251483007
5010251498681
5010251510482
5010251524120
5010251525134
5010251525196
5010251535706
5010251536253
5010251536468
5010251537540
5010251537588
5010251550259
5010251551386
5010251551393
5010251553830
5010251554080
5010251558415
5010251560029
5010251580980
5010251580997
5010251581451
5010251581703
5010251587828
5010251588740
5010251589297
5010251596486
5010251596509
5010251596523
5010251597032
5010251597377
5010251605492
5010251618041
5010251618331
5010251618478
5010251659204
5010251664444
5010251685104
5010251686781
5010251703020
5010251703129
5010251710820
5010251712633
5010251714422
5010251714514
5010251718727
5010251729167
5010251730798
5010251733089
5010251746607
5010251750673
5010251755692
5010251755975
5010251757986
5010251758488
5010251767947
5010251768470
5010251774174
5010251775300
5010251777885
5010251779490
5010251783237
5010251784593
5010251787556
5010251797470
5010251797814
5010251831112
5010251834458
5010251834724
5010251835950
5010251836001
5010251836049
5010251848516
5010251850328
5010251863816
5010251864004
5010251871286
5010251879855
5010251879978
5010251881605
5010251889687
5010251890621
5010251900603
5010251903499
5010251906674
5010251907459
5010251931645
5010251933052
5010251933076
5010251948667
5010251959656
5010251961000
5010251976875
5010251987147
5010251987574
5010252107414
5010254002991
5010254003332
5010265001075
5010284100032
5010292922336
5010292966002
5010292970306
5010292973994
5010292977053
5010292977589
5010338000561
5010338200114
5010358044026
5010358080529
5010358080994
5010358089423
5010358227290
5010358254395
5010358273631
5010358274706
5010358276526
5010358278315
5010358280509
5010358281049
5010397005231
5010438018732
5010438019173
5010438019784
5010438023262
5010438023422
5010459000600
5010474011797
5010474029624
5010474029679
5010477361875
5010478190474
5010478201781
5010478214514
5010478227811
5010478261471
5010478675711
5010478702417
5010478897519
5010478997721
5010482124076
5010482126032
5010482164591
5010482175139
5010482184070
5010482187668
5010482188511
5010482194918
5010482195816
5010482204532
5010482209292
5010482232399
5010482234546
5010482245214
5010482262839
5010482278311
5010482288358
5010482290481
5010482291983
5010482328887
5010482335465
5010482350048
5010482379902
5010482380281
5010482386801
5010482388157
5010482391133
5010482392277
5010482400354
5010482400521
5010482400781
5010482401764
5010482402112
5010482403072
5010482403195
5010482403232
5010482403461
5010482414535
5010482415105
5010482431884
5010482444358
5010482451837
5010482453473
5010482472771
5010482473211
5010482481612
5010482482039
5010482482206
5010482482404
5010482489571
5010482493721
5010482498405
5010482504045
5010482508319
5010482540845
5010482547851
5010482549695
5010482551292
5010482564551
5010482564575
5010482566289
5010482579012
5010482579265
5010482583101
5010482583163
5010482598341
5010482612702
5010482633677
5010482634650
5010482656393
5010482657246
5010482662134
5010482670474
5010482676643
5010482679941
5010482680039
5010482690434
5010482695996
5010482699710
5010482733650
5010482738679
5010482754501
5010482759421
5010482772437
5010482775261
5010482781316
5010482789473
5010482794637
5010482797690
5010482811006
5010482813734
5010482836757
5010482838096
5010482838805
5010482839062
5010482839284
5010482839543
5010482874414
5010482874636
5010482884727
5010482910198
5010482912741
5010482914059
5010482927110
5010482928230
5010482934750
5010482935269
5010482946081
5010482949136
5010482949877
5010511480722
5010511481064
5010511481125
5010511481163
5010511481293
5010511481934
5010525003054
5010525009957
5010525014326
5010525015798
5010525017778
5010525031477
5010525033914
5010525048673
5010525048796
5010525057057
5010525057804
5010525058252
5010525093017
5010525094298
5010525099590
5010525099972
5010525116990
5010525117256
5010525117836
5010525118062
5010525123592
5010525125688
5010525126784
5010525152936
5010525153179
5010525153223
5010525158952
5010525166780
5010525167244
5010525167794
5010525184968
5010525199894
5010525201283
5010525217468
5010525222219
5010525249148
5010525253299
5010525258638
5010525263649
5010525272535
5010525282589
5010525282657
5010525288307
5010525289083
5010525289106
5010525289113
5010525317045
5010525317229
5010525319391
5010525320014
5010525320397
5010525334127
5010525335247
5010525356013
5010525357539
5010525358345
5010525362700
5010525363813
5010525363950
5010525378602
5010525379036
5010525381237
5010525381268
5010525381299
5010525381305
5010525381343
5010525381367
5010525381459
5010525382739
5010525384740
5010525384795
5010525384986
5010525385020
5010525391786
5010525391960
5010525392004
5010525400006
5010525400044
5010525400631
5010525400990
5010525401102
5010525401485
5010525401645
5010525402437
5010525405445
5010525405476
5010525406299
5010525407098
5010525407234
5010525407968
5010525417813
5010525419244
5010525421162
5010525422282
5010525423067
5010525423289
5010525423623
5010525423913
5010525430560
5010525431031
5010525431734
5010525432014
5010525432755
5010525438146
5010525438368
5010525438412
5010525440040
5010525440804
5010525442815
5010525444079
5010525452616
5010525453996
5010525458045
5010669050105
5010679012001
50107407
5010744608825
5010775204874
5010775204928
5010775204966
5010775205079
5010793381915
5010822110448
5010822991399
5010893700456
5010909005124
5011038139889
5011053025778
5011059002339
5011064010626
5011071010206
5011096010670
5011096011141
5011157020501
5011157994215
5011157996073
5011157997018
5011157997032
5011182008222
5011182014827
5011273007509
5011273007523
5011546451190
5011555035213
5011555042051
5011555042709
5011563005581
5011659724747
5011701000027
50117529
50117963
50117970
5011835100556
5011835101966
5011835104028
5011835104035
5011835104189
5011835104974
5012035912161
5012035923853
5012035926229
5012035951795
5012035951931
5012035952341
5012035953638
5012035954642
5012035958589
5012035961541
5012035961886
5012035962357
5012035963163
5012035964214
5012035964986
5012035967154
5012035967567
5012035968588
5012035968700
5012035969417
5012035971052
5012035971663
5012035972226
5012035972653
5012035973674
5012035985431
5012035985639
5012035985998
5012035998325
5012035998332
5012035998653
5012035999742
5012121010283
5012159033926
5012159034336
5012159035043
5012159035098
5012159036712
5012159036774
5012159037177
5012159037313
5012159037382
5012159039911
5012159040238
5012262010531
5012262010692
5012262010708
5012262010715
5012262010722
5012309011453
5012345600123
5012427018501
5012427690400
5012454065028
5012454072170
5012454072217
5012818192124
5013353010782
5013387207561
5013427011813
5013531211970
5013665110996
5013683305602
5013683307538
5013683307651
5013803666064
5013923215043
5014008001506
5014131190023
5014276704147
5014321700155
5014321700292
5014369289360
5014442007867
5014618000135
5014733500220
5014733500541
5014759005532
5015091455603
5015274004932
5015282124400
5015282127685
5015282127906
5015282128095
5015282129290
5015301000234
5015473000032
5015821157586
5015821160586
50159284
5016048250081
5016096125195
5016316012137
5016346234882
5016346510016
5016346512553
5016346514427
5016346517756
5016346519835
5016451212980
5016451242970
5016451244189
5016451326830
5016451443056
5016451453062
5016451522935
5016451526827
5016451768012
5016473014326
5016491123154
5016599010899
5016618004021
5016618004045
5016786050004
50167862010002
5016805011566
5016805011849
5016926037186
5016935000737
5016935000836
50171415
5017174014509
5017174807965
5017174923795
5017174937778
5017279450011
5017375036720
5017375067410
5017375071004
5017397077404
5017601009238
5017601037217
5017601052173
5017601700272
5017622110098
5017622110272
5017764005016
5017764114480
5017764130633
5017764901349
5018190002037
5018297013158
5018357012978
5018357805549
5018374181084
5018374532121
5018420420419
5018605790863
5018624000042
5018624003807
5018640024121
5018649998058
5018720000328
5018804101699
5018833013000
5018833014205
5019101306046
5019180094209
5019312081428
5019312083880
5019312083934
5019312088571
5019402021075
5019503041071
5019503049350
5019503049725
5019732056167
5020000026003
5020000199004
5020379008723
5020379053495
5020379056571
5020379058698
5020379093514
5020379111140
5020379129565
5020379136129
5020379154451
5020379155816
5020379175845
5020379177641
5020379181532
5020379184250
5020379184298
5020379187541
5020379190978
5020387003635
5020580010454
5020580017507
5020580162672
5020580191627
5020580554705
5020580556266
5020580557003
5020580562977
5020580563288
5020590709393
5020933140876
5021039019332
5021254909876
50214211
5021438004403
5021507160900
5021554001218
5021554004738
5021554005391
5021554005810
5021638000038
5021638000717
5021638020005
5021638103623
5021746001538
5021821003495
5021821004560
5021821073184
5021821080786
5021821778812
5022032067269
5022032140900
5022032148470
5022111005090
5022189000768
5022240016165
5022240017155
5022313416687
5022313450483
5022313790916
5022374053401
5022374058543
5022775000301
5023382003440
5023472025048
5023607999916
5023751002296
5023751002326
5023944035872
5024079000018
5024079000049
5024079000124
5024121141515
5024263012131
5024278003421
5024333207443
5024448533413
5024448551783
5024448552940
5024448574515
5024448574973
5024593000877
5024593001546
5024688000102
5024769690017
5024805000220
5025042019518
5025042027483
50250493
5025183079143
5025253004112
5025324012503
5025358020130
5025453000365
5025627005387
5025820006471
5025820008086
5025820008154
5025820008888
5025833051031
5025962022636
5026109006267
5026139000181
5026950027954
5027013000112
5027017298102
5027068016717
5027291089991
5027324003956
5027324004069
5027324005103
5027492003109
5027492006087
5027615038230
5027618000043
5027733000676
5027738009612
5027738014517
5027738015804
5027891348603
5027952016373
5027952016519
5028184201049
5028385011119
5028772007251
5028772007299
5028905027989
5028931076548
5028934137505
5028941246269
5028941359600
5029106004175
5029212126334
5029212128741
5029396205436
5029477009014
5029617002615
5029730067416
5029788159774
5029872024506
5030039010492
5030101023160
5030101033015
5030131006348
5030450738951
5030756008482
5030765037411
5030765037510
5031102000495
5031102000501
5031396077289
5031396077418
5031396090813
5031396093333
5031416451105
5031477003978
5032015000398
5032015002781
5032246003014
5032457716031
5032457717472
5032457803984
5032457804103
5032570052986
5032591020629
5032722318885
5032722319783
5032860010214
5032860040396
5032992557540
5033022002016
5033038000198
5033146905200
5033403012214
5033450000752
5033600002056
5033665218669
5034136040970
5034321000116
5034525008321
5034660021357
5034709008420
5034729000022
5034880081588
5035139201214
5035272961907
50354252
5035508000080
5035660148811
5035766062080
5036353663734
5036465448816
5036589201946
5036589254799
5036589257677
5036601469200
5036601566770
5036601644171
5036601789650
5036601876398
5036601933121
5036601998571
5036601998809
5036829150690
5036829757929
5036829758001
5036854002247
5037068006076
5037566000019
5038512005287
5038635084213
5038695000086
5038794000703
5038862130530
5038862238632
5038862631778
5039303007770
5039303007787
5039303007893
5039378005701
5039378006609
5039378006807
5039378006845
50408290
50413409
50427321
5044126556053
5045091021478
5045730461399
5045732351698
5045733850985
5050028381419
5050179292404
5050179413885
5050360014006
5050360015225
5050577380642
5050665023291
5050668005416
5050668025650
5050854499838
5050854499852
5050854514159
5050854517631
5050854517679
5050854518461
5050854581649
5050854615603
5050854822278
5050854904165
5050854906213
5050974505938
5051007155182
5051140332655
5051140367046
5051140367282
5051399345918
5051399658568
5051413258514
5051413270202
5051413364611
5051413364635
5051413364758
5051413457627
5051413482582
5051413495728
5051413540152
5051413578360
5051413677452
5051413679807
5051413861943
5051413862018
5051594007369
5051622128882
5051622418181
5051777000170
5051777002099
5051790385506
5051790636790
5051790657924
5051873003617
5051873004171
5051873006199
5051873006328
5051882107207
5052004350266
5052004475907
5052004765589
5052004793391
5052004793773
5052109749279
5052109749484
5052109849931
5052109907976
5052109944841
5052319260229
5052320607655
5052320633050
5052320722716
5052449024913
5052449083101
5052449320633
5052449332131
5052449332148
5052449336030
5052449336061
5052449336115
5052449336139
5052449336177
5052449337938
5052449392258
5052449437676
5052449449631
5052449481327
5052449483338
5052449488944
5052449502848
5052449510768
5052449528336
5052449529432
5052449539769
5052449540154
5052449638073
5052449643299
5052449658156
5052449658187
5052449668568
5052449668667
5052449668728
5052449676945
5052449753578
5052449753585
5052449782042
5052449782387
5052449803716
5052449911411
5052449916867
5052449916874
5052449930573
5052909161080
5052910065643
5052910080127
5052910140241
5052910140265
5052910157591
5052910217738
5052910231260
5052910307385
5052910721907
5052910937650
5052910937674
5052910961020
5053176002595
5053526208066
5053526422103
5053526716530
5053526801168
5053826001657
5053826002517
5053826311466
5053826480933
5053826602304
5053826893696
5053826910638
5053826911895
5053827104623
5053827183352
5053827187824
5053827204712
5053834708128
5053947059803
5053947609732
5053947665509
5053947794636
5053947818028
5053947922121
5053947922145
5053947922169
5053947922190
5053947922282
5053947979545
5053990146529
5053990164684
5053990172610
5053990183258
5053990194513
5053990194582
5054070135907
5054070148143
5054070148235
5054070150337
5054070150368
5054070205662
5054070209301
5054070216477
5054070216996
5054070225684
5054070225691
5054070225707
5054070225738
5054070231890
5054070238264
5054070262931
5054070263129
5054070263778
5054070266199
5054070266663
5054070292402
5054070292570
5054070509241
5054070607190
5054070622124
5054070622131
5054070629543
5054070637142
5054070638415
5054070639856
5054070688717
5054070690956
5054070691113
5054070697405
5054070730300
5054070736814
5054070779378
5054070842874
5054070883129
5054070909058
5054070909140
5054073013721
5054267000506
5054267010079
5054267010611
5054267011021
5054267013308
5054267013346
5054267014350
5054267016316
5054267016323
5054268138673
5054268703987
5054268736268
5054268778404
5054268779975
5054268815871
5054269005271
5054269052831
5054269267501
5054269296242
5054269414462
5054269603293
5054269691801
5054269711646
5054402056153
5054402150936
5054402520470
5054402585363
5054402849410
5054402954435
5054678306075
5054678306082
5054775297269
5054775322725
5054775347285
5054775347919
5054775466276
5054775703067
5054775860791
5054775860838
5054781025351
5054781137139
5054781137191
5054781163763
5054781219897
5054781253310
5054781301455
5054781307310
5054781312949
5054781313083
5054781313434
5054781313526
5054781336587
5054781336730
5054781336990
5054781337195
5054781337249
5054781379539
5054781497264
5054781509547
5054781542742
5054781544029
5054781562283
5054781669753
5054781674085
5054781701651
5054781712794
5054781727378
5054781731757
5054781745501
5054781767374
5054781767428
5054781786771
5054781786818
5054781795353
5054781841180
5054781841203
5054781844549
5054781844594
5054781854739
5054781861157
5054781873754
5054781873785
5054781873808
5054781890621
5054781901655
5054781901693
5054781938866
5054781980988
5054795027839
5054795171457
5054795185812
5054795202083
5055050102674
5055052607009
5055052620381
5055057924019
5055138500651
5055159503693
5055192662203
5055281002170
5055365621426
5055365649727
5055365652833
5055365672794
5055365674774
5055365689815
5055365691344
5055365692631
5055476113414
5055476138479
5055476164652
5055540022208
5055540027746
5055540027876
5055540054469
5055540063263
5055540084787
5055540727530
5055592704985
5055904228666
5055936871946
5055936890909
5055940199975
5055950602021
5055950611481
5055950615717
5055950617087
5055950621251
5055950623439
5055950624481
5055950626423
5055956201723
5055958700224
5055958703966
5055958704451
5055958708602
5055958709852
5055958709876
5055959200266
5055967501836
5055967502239
5055967502826
5056053301859
5056053310783
5056053310820
5056086500625
5056104503454
5056138202743
5056192402332
5056297002086
5056297002093
5056307353399
5056307357366
5056307398826
5056315500389
5056315500587
5056351405556
5056351405563
5056351405907
5056351406973
5056357904817
5056357905012
5056357906279
5056357911440
5056357915011
5056357915318
5056357915332
5056357916162
5056357916209
5056379505863
5056379586398
5056379588415
5056390500090
5056390500113
5056457200383
5056517316368
5056517320679
5056517322215
5056550718228
5056555200346
5056555203620
5056555207017
5056555207031
5056555209486
5056569902588
5056594800132
5056660532677
5056711100350
5056737900132
5056737900309
5056746802618
5056746802755
5056746803301
5056746804001
5056784901380
5056784904046
5056784908631
5057008024915
5057008079502
5057008100824
5057008101135
5057008102965
5057008348745
5057008546844
5057172005840
5057172006120
5057172009626
5057172014576
5057172015979
5057172016563
5057172066445
5057172066469
5057172090297
5057172091911
5057172091935
5057172091973
5057172091980
5057172099443
5057172099528
5057172099634
5057172102273
5057172106530
5057172106547
5057172111732
5057172126286
5057172140596
5057172169924
5057172199907
5057172219193
5057172263660
5057172279906
5057172288007
5057172318513
5057172338801
50571723466684
5057172353637
5057172362370
5057172383764
5057172403912
5057172420735
5057172420759
5057172440252
5057172445783
5057172460045
5057172461509
5057172466511
5057172466528
5057172483693
5057172484256
5057172484270
5057172484331
5057172505845
5057172516292
5057172567836
5057172567843
5057172567898
5057172606634
5057172612727
5057172714315
5057172725571
5057172726820
5057172821204
5057172838073
5057172909179
5057172951512
5057172957651
5057172997237
5057373585738
5057373748133
5057373749253
5057373964755
5057545028568
5057545357477
5057545429235
5057545578087
5057545697054
5057545743881
5057545846216
5057545865170
5057545954591
5057624366161
5057624366260
5057624371684
5057624623578
5057742000145
5057742000282
5057753158934
5057753304188
5057753638436
5057753639686
5057753639969
5057753893842
5057753894412
5057753895525
5057753895532
5057753898021
5057753899479
5057753904180
5057753905149
5057753908065
5057753910938
5057753912598
5057753915629
5057753920715
5057753925024
5057753930837
5057753931346
5057753933685
5057753934750
5057753934873
5057753935702
5057753939281
5057753939687
5057780001418
5057780004082
5057780028934
5057967395118
5059319000039
5059319004112
5059319036809
5059319037011
5059321001291
5059321006166
5059512724732
5059512724831
5059512738135
5059512743801
5059572000432
5059572000456
5059572000494
5059572000852
5059572001071
5059572001354
5059572001415
5059572001620
5059572001637
5059572002009
5059572003457
5059604657559
5059604677175
5059630006413
5059697253720
5059697254833
5059697258282
5059697259678
5059697263118
5059697264269
5059697267345
5059697269028
5059697271847
5059697385612
5059697386152
5059697389085
5059697392061
5059697392740
5059697397974
5059697400490
5059697402562
5059697404108
5059697682896
5059697687761
5059697687891
5059697690020
5059697694721
5059697696152
5059697698170
5059697698828
5059697705472
5059697707582
5059697708282
5059697710414
5059697710537
5059697715495
5059697722578
5059697738494
5059697741036
5059697743757
5059697746024
5059697746543
5059697748554
5059697750830
5059697757198
5059697757778
5059697759758
5059697762444
5059697764035
5059697766381
5059697772023
5059697776694
5059883113616
5059883169804
5059883171494
5059883234939
5059883239217
5059883471532
5059883479590
5059883480367
5059883481913
5059944000398
5059944007892
5059944013176
5059944013190
5059944013336
5059944013497
5059944013558
5059944013695
5059977010791
5060005422806
5060005532048
5060006207143
5060008093324
5060010092414
5060011708697
5060012441050
5060012442385
5060012445959
5060013260704
5060014519931
5060014519948
5060020237461
5060023974950
5060027070320
5060029720063
5060029720599
5060029720605
5060029911867
5060035761999
5060037433740
5060040250990
5060042943227
5060046648548
5060046648623
5060047917247
5060048649567
5060048649864
5060050985356
5060050987237
5060051962141
5060055251135
5060057801369
5060057801840
5060058335528
5060059229703
5060060386082
5060072990086
5060075672804
5060079090567
5060079652116
5060079654011
5060079730036
5060080731930
5060083320001
5060086842333
5060087945521
5060087961613
5060088700747
5060088700969
5060088701201
5060088701249
5060088701744
5060088702208
5060088702345
5060088702383
5060088702529
5060088702666
5060088704721
5060088704745
5060088705490
5060088705667
5060088708699
5060095864081
5060102390398
5060107336643
5060113086273
5060113087027
5060113087713
5060115873086
5060120284877
5060120285294
5060120623782
5060126750598
5060131681115
5060134521012
5060135240271
5060139432368
5060139436595
5060139660006
5060148383293
5060149460931
5060155610146
5060170800133
5060170808498
5060172331772
5060174521812
5060175391537
5060175570314
5060178074314
5060178075106
5060178333053
5060179300535
5060180035815
5060180700324
5060181370243
5060181370298
5060183671898
5060183672031
5060184080309
5060184080484
5060184081672
5060184081795
5060184081962
5060185540970
5060185542738
5060185542813
5060186070148
5060188691150
5060194370131
5060201362043
5060202715596
5060202933358
5060208332797
5060208471915
5060212107190
5060216780443
5060227121556
5060231724231
5060232813552
5060233130009
5060233410149
5060235831621
5060236490544
5060239130676
5060243501363
5060243501448
5060243501455
5060250150110
5060250344786
5060250345998
5060250346872
5060250346933
5060250347060
5060253701920
5060259230042
5060265326418
5060276370387
5060283763783
5060283763929
5060294426165
5060294429418
5060296563202
5060301880362
5060301886296
5060302392918
5060305460454
5060307412086
5060308360485
5060314320503
5060315110660
5060315115528
5060317322306
5060317323266
5060317323570
5060321391022
5060323900000
5060323900109
5060323900192
5060323900581
5060323901656
5060323901670
5060323901830
5060323902561
5060323902615
5060323902820
5060323903490
5060323905432
5060323905449
5060323905456
5060323905463
5060323906583
5060323907351
5060323907443
5060323907795
5060323907818
5060323907825
5060323907849
5060326134464
5060326278694
5060327070242
5060329692190
5060329694453
5060333540210
5060333951269
5060334750960
5060337122304
5060338923674
5060339191201
5060339191225
5060339300245
5060342471758
5060343940048
5060349750344
5060351972406
5060351976244
5060358090028
5060358170324
5060360503561
5060360506678
5060360506715
5060362075189
5060371100162
5060375300094
5060376691849
5060380692207
5060384261157
5060384261799
5060384263632
5060384263687
5060384263793
5060384263809
5060384263816
5060385462140
5060385462966
5060385463086
5060391626307
5060391628547
5060391629476
5060401691103
5060402901232
5060411920040
5060413750393
5060420312898
5060424700257
5060424701070
5060425287016
5060425288426
5060425720537
5060426813528
5060426813689
5060426813696
5060430293095
5060430293460
5060430551775
5060430551935
5060430690320
5060440130359
5060440130533
5060451010046
5060452490397
5060452490854
5060452760186
5060456691844
5060460300572
5060465810977
5060468521900
5060468521931
5060468524031
5060468737615
5060470144296
5060470148638
5060475155273
5060476793696
5060476794389
5060479999002
5060482843866
5060494701925
5060495116056
5060501562419
5060502401304
5060502403025
5060504090209
5060507100233
5060509390755
5060510100060
5060510581388
5060510581395
5060517883034
5060524150020
5060525200861
5060526430038
5060530211166
5060530211180
5060534060111
5060536650266
5060536650280
5060542193399
5060551219745
5060554160419
5060594771361
5060594778605
5060604011838
5060614800460
5060614805786
5060614805816
5060614807087
5060614808268
5060615780853
5060623030124
5060626405677
5060632490117
5060639123964
5060639128273
5060640700093
5060641553759
5060652483649
5060655451034
5060655451164
5060660080069
5060660080120
5060660080502
5060660084647
5060660088683
5060660088706
5060666570755
5060678711269
5060678711672
5060680370201
5060681386434
5060697871791
5060699971284
5060728270074
5060731354150
5060740661850
5060746509057
5060746518295
5060746960018
5060748329967
5060755900340
5060756344747
5060769344536
5060779100641
5060796011258
5060796580204
5060802522938
5060809670274
5060811381878
5060830500076
5060830500090
5060835210239
5060837490622
5060837636617
5060853641138
5060853641190
5060853641275
5060856292894
5060857780048
5060868950669
5060868952229
5060873690031
5060878781024
5060878781048
5060884430329
5060884640063
5060884851605
5060884851889
5060884852008
5060884852046
5060902800295
5060905582914
5060906120054
5060921470967
5060925291421
5060925291544
5060927835395
5060952358975
5060957070155
5060957076027
5060968560317
5060968829759
5060971864440
5060972181126
5060977971043
5060977971050
5060979770019
5060979770149
5060997026082
5061005130036
5061009330593
5061009830673
5061009831281
5061009831298
5061013943543
5061013967235
5061014367102
5061018689484
5061034252815
5061034253195
5061035300003
5061040656140
5061048250081
5061051740098
5061051740159
5061051740173
5061062522713
5061062529484
5061066150004
5061066150110
5061066190147
5061075080026
5063089020098
5063089110898
5063089112854
5063089112960
5063089130070
5063089154892
5063089156483
5063089159156
5063089159194
5063089159200
5063089173022
5063089203484
5063089221501
5063089221822
5063089266090
5063089267288
5063089288702
5063089305515
5063089305805
5063089310571
5063089313886
5063089314470
5063089324714
5063089325346
5063089327012
5063089328880
5063089328897
5063089330807
5063089340882
5063089464618
5063089475379
5063089485460
5063089485491
5063089485620
5063089485705
5063089485767
5063089485859
5063089498439
5063089499214
5063089518359
5063089518366
5063089518380
5063089518397
5063089518458
5063089518472
5063089518489
5063089518496
5063089518519
5063089518625
5063089519912
5063089533734
5063089564202
5063089576403
5063089576427
5063089589670
5063089590195
5063089610145
5063089654491
5063089654521
5063089654538
5063089654576
5063089654651
5063089654668
5063089654675
5063089654774
5063089654859
5063089654873
5063089675922
5063089700501
5063089700532
5063089721728
5063089751800
5063089765333
5063089765517
5063089770641
5063089770726
5063089794265
5063089794395
5063089798713
5063089821329
5063089827390
5063089831465
5063089831755
5063089831991
5063089832158
5063089832196
5063089839386
5063089844694
5063089844731
5063089845363
5063089846698
5063089846889
5063089854662
5063089858684
5063089860533
5063089861035
5063089862254
5063089863527
5063089864142
5063089865835
5063089866269
5063089866344
5063089866672
5063089866696
5063089867082
5063089867129
5063089868157
5063089910290
5063089910696
5063089957837
5063089958025
5063089958049
5063089958261
5063089966341
5063089971833
5063089971857
5063210001224
5063210004218
5063210008179
5063210010523
5063210017508
5063210031450
5063210039906
5063210048458
5063210050345
5063210059287
5063210060580
5063210060627
5063210061495
5063210063482
5063210063505
5063210065097
5063210066377
5063210069019
5063210074075
5063210074839
5063210079452
5063210079841
5063210087327
5063210087440
5063210087952
5063210088775
5063210088911
5063210089130
5063210089253
5063210091690
5063210093366
5063249300145
5063249300800
5063249302064
5063249303061
5063249304341
5063249304501
5063249304525
5063249304907
5063249304969
5063250531026
5063250531316
5063250531583
5063250533204
5063250534645
5063250536380
5063250536458
5063250536601
5063250537851
5063250538162
5063250538391
5063250545603
5063250547171
5063250548239
5063250548284
5063250550768
5063250551147
5063250551482
5063250552892
5063250552922
5063250554384
5063250554452
5063250554643
5063250556982
5063250557361
5063250558115
5063250558542
5063250559761
5063250560736
5063334002480
5063334005832
5063334006457
5063334010027
5063334011512
5063334013974
5063334014254
5063334015053
5063334015626
5063334015695
5063334015749
5063334016135
5063334016173
5063334017095
5063334017552
5063334017668
5063334017705
5063334018146
5063334018801
5063334019860
5063334020378
5063334020385
5063334020392
5063334020453
5063334021139
5063334021214
5063334021887
5063334022242
5063334022921
5063334023171
5063334025533
5063334026295
5063334026486
5063334026868
5063334027971
5063334028534
5063334029043
5063334029050
5063334029104
5063334029463
5063334029944
5063334030346
5063334030667
5063334031039
5063334031374
5063334032203
5063334032586
5063334032708
5063334033200
5063334033293
5063334034870
5063334035150
5063334035167
5063334035204
5063334035976
5063334035983
5063334035990
5063334036416
5063334037857
5063334038441
5063334038854
5063334039493
5063445781441
5063445781892
5063445782660
5063445788648
5063445788983
5063445790764
5063445794649
5063445794755
5063445795202
5063445795547
5063445796704
5063445796964
5063445797152
5063445797367
5063445798326
5063445800654
5063445801408
5063445802047
5063445802245
5063445803532
5063445805932
5063445807134
5063445807653
5063445808049
5063445808896
5063445808957
5063445809978
5063445811223
5063446475493
5063446478500
5063446478517
5063446478579
5063446481487
5063446484044
5063446485584
5063446486406
5063446488899
5063446498409
5063446499185
5063446501307
5063446503400
5063717000256
5063717000331
5063717005015
5063717005282
5063717010118
5063717010217
5063717010231
5063717010279
5063717033414
5063717041174
5063717041235
5063717042324
5063717043864
5063717057564
5063717126253
5063717143755
5063717144059
5063717144233
5063717198779
5065002532435
5065011972017
5065013305929
5065013436005
5065013436043
5065013646268
5065014117149
5065014656006
5065014807644
5065015012023
5065015012047
5065015012054
5065015012061
5065015012078
5065015012092
5065015012115
5065015012122
5065015012139
5065015012184
5065015012245
5065015012252
5065015012283
5065015012313
5065015012337
5065015012344
5065015012351
5065015012368
5065015012412
5065015012566
5065015012573
5065015012580
5065015012634
5065015012825
5065015012832
5065015012849
5065015012856
5065015012863
5065015012870
5065015012900
5065016432011
5065016432035
5065016432042
5065016432059
5065016432158
5065016432165
5065016643011
5065016643042
5065016643158
5065016643165
5065016643196
5065016643288
5065016643295
5065016643325
5065016643509
5065016643516
5065016643547
5065016643561
5065016643578
5065017471002
5065020434872
5065020441030
5065021992036
5065022038009
5065023384068
5065023384082
5065024144005
5065025700460
5070000121000
5070000736846
5070000841311
5070002306603
5070002306696
5070002948223
5070003136308
5070003278527
5070003644100
5070003644117
5070003819218
5073203001186
50758982
5077147002148
5098732002480
5099229003294
5099556011023
5099556026447
5099678307059
5099678307134
5099823011527
5099823013279
5099839655838
5099839733505
5099839734670
5099872018560
5099872019567
5099872019581
5099874164081
5099874302148
5099874338154
51001618
51001620
51787714
5201037708050
5201054019412
5201275000060
5202175000808
5202390021756
5390003010973
5390462002557
5390711543749
5391312003311
5391502611999
5391521697134
5391526412602
5391527000457
5391527000464
5391527001041
5391527001096
5391528850839
5391530937993
5391533132487
5391533132494
5391541280330
5391542913152
5391542913459
5391545740021
5392000165717
5397139001615
5400606966154
5410531546321
5410543430427
5413546321853
5413676627955
5414150411152
5414920029204
5414920029242
5424127109036
5425000197683
5449000008497
5449000052988
5449000151759
5449000322982
5449000346346
5449000346353
5605466203740
5690845002564
5700417991254
57038971
57038988
5711953196508
57521244
57521251
5775345858009
5900049820452
5900130045580
5900197006012
5900244010054
5900252000207
5900303001023
5900397742642
5900552036593
5900562261312
5900649077959
5900653001148
5900951287893
5900951315732
5900951354878
5900951354915
5900951354991
5900951355011
5900951357411
5900951357497
5901135050418
5901581102624
5901713027337
5901713027993
5901713028136
5902061001192
5902160654299
5904941751630
5906395033393
5906425143887
5907501002029
5908230510335
5908230531286
5941341009886
5941850871219
59593652
59945680
59946342
6001052004941
6001704014588
6003770009017
6003770009239
6003770009635
6008007912818
6009195715458
6009257035494
6009257035517
6009712300259
6027256994567
6038731002318
6078410773863
6093541714141
61370944
6285035010192
6291100607976
6412500039154
6416453072916
6430056289205
6430056289915
6430056289939
6430056289946
6430056289984
65262832
6901668936271
6901845040692
6908312000784
6926104989314
6926892567084
6927849451012
6932948846843
6936756267142
6936756282374
6937821529882
6940747406717
6974215770048
7001195649978
7002391593553
7037610176873
7038010064265
7059408528329
7141839236338
7290113763036
7310531043203
7311310501891
73130154
7313112064048
7340001700480
7340011364184
7350020721809
7350046465633
7350086161694
7393714367440
7393714898579
7394376624131
7560486401461
7610900255542
7612100922705
7612360709252
7613031419166
7613031505050
7613032493882
7613033188183
7613033590764
7613034235121
7613034436375
7613035162341
7613035873001
7613036041683
7613036104289
7613036243841
7613036720489
7613036748186
7613037410679
7613038540290
7613038558356
7613038993652
7613039869307
7613287104045
7613287108043
7613287228123
7613287431042
7613287574114
7613287803870
7622201100605
7622201102197
7622201104702
7622201401030
7622201412333
7622201418236
7622201420284
7622201425944
7622201431754
7622201437787
7622201440794
7622201441050
7622201441210
7622201441975
7622201442262
7622201447373
7622201451592
7622201455507
7622201455712
7622201458423
7622201722241
7622201782931
7622201789732
7622201792923
7622201799397
7622201802462
7622201815370
7622201817862
7622201824259
7622202019708
7622202032936
7622202034046
7622202034244
7622202207396
7622202209956
7622202218750
7622202220418
7622202220494
7622202234811
7622202235887
7622202239977
7622202244919
7622202247453
7622202254154
7622202255205
7622202258299
7622202266546
7622202266560
7622202267284
7622202274350
7622202274657
7622202274695
7622202274770
7622202274831
7622202274855
7622202275432
7622202275531
7622202275579
7622202275623
7622202276170
7622202276262
7622202276293
7622202276491
7622202276514
7622202278570
7622202279102
7622202279997
7622202280023
7622202280054
7622202280085
7622202289989
7622202292828
7622202298967
7622202299896
7622202304248
7622202314094
7622202337468
7622202337741
7622202337895
7622202338052
7622202338366
7622202338557
7622202338632
7622202338724
7622202341625
7622202341809
7622202341823
7622202341922
7622202342257
7622202342530
7622202342868
7622202343728
7622202344251
7622202344428
7622202345081
7622202345685
7622202362873
7622202396533
7622202811791
7622202812170
7622210117793
7622210153821
7622210153838
7622210179418
7622210223913
7622210235657
7622210256225
7622210258748
7622210286307
7622210319005
7622210358714
7622210449092
7622210626257
7622210630629
7622210654274
7622210673251
7622210701855
7622210704443
7622210794550
7622210809414
7622210831064
7622210870025
7622210986665
7622210986719
7622210993151
7622300463571
7622300743598
7627537923355
7640141021118
7640144370305
7674089273155
7702011147813
7771711000841
7771802000101
7803515122501
7818482003227
78505001
7890914055851
7904702028382
8000130480705
8000300331158
8000300401172
8000300405682
8000300430776
8000300430905
8000300438277
8000300438383
8000300439625
8000300439786
8000300440164
8000407028784
8000500209806
8000500358405
8000500384312
8000500442449
8000500448380
8001392050415
8001405089845
8001665730006
8001665730860
8002330011451
8002371007420
8002702654835
8003340808086
8003340808369
8003340809304
8003340809502
8003440927564
8006515610286
8006515611320
8007490031264
8008698016916
8008857329482
8017938030100
8022514000002
8023085090553
8024370056179
8031579315570
8032715811017
8033993040342
8052530441039
8053178940069
8055323134286
80844921
80928102
80951216
8116390800488
8116390800952
822006673400015000056
8410031979442
8410076421975
8410156976623
8410188051305
8410368002059
8410525262722
8410783143832
8410830022226
8410843070726
8424465887952
8431876280418
8435177056277
8435201704129
8435201704273
8437002871802
8437006001274
8437006001281
8437006598149
8437006598156
8445290299055
8445290404503
8445290547552
8445290934468
8445290934598
8445290934673
8445291095519
8445291290280
8445291291539
8445291424661
8445291455009
8445291468368
8445291528284
8445291528345
8445291582965
8445291607415
8445291618688
8445291700895
8445291704725
8445291740556
8445291771383
8445291833777
8445291845756
8445291873933
8445291875883
8445291893795
8445291963795
8445291964211
8445291964235
8445292375726
8593893774858
8595717716648
8604139728143
8680679360210
8682009080256
8683036407023
8690146174523
8690146180548
8690146186755
8690146186939
8690620163333
8690684002166
8691484339001
8698740275486
8710400572695
8710449927487
8710449938186
8710522924747
8710624347567
8710671301369
8710889040524
8711000381519
8711000411728
8711000411759
8711000442289
8711000500163
8711000601396
8711200386888
8711327371972
8711327378513
8711327473553
8711327485471
8711327537446
8711327538030
8711508410759
8711571092647
8711723932135
8712566087914
8712566158386
8712566174003
8713726301109
8714100396407
8714443709292
8715700128641
8716900569722
8717056278391
8718096166389
8718114703954
8718300875236
8718347515805
8718452636464
8718452817993
8718754274043
8718906557116
8719200007123
8719200189539
8719200219977
8719200220171
8720165350797
8720182875914
8720261131863
8720701148789
8720701148802
8720726586764
8720726586795
8721022800882
8721082588393
8721201971952
8721201980893
8721249282065
8721274802184
8721274807172
8721274812831
8721274813036
8721274814286
8721317716522
8721317760402
8722700126515
8723400770497
8723400778554
8723400779278
8723400784760
8723400793489
8723400795803
8723400829645
87345438
8801073116153
8804127010285
8850344200008
8850585834659
8855102410606
8855790001155
8858893914131
8858984839657
8886467079030
8888056603930
8888082135054
8901552015721
8902611010169
8906009800820
8906009990453
8906077362244
8934563251130
8936101341778
8941170014331
8964000942109
9000001000249
9002490204143
90446092
90474309
90474767
90486456
90486494
90493102
90493331
90493379
90493577
9060303570038
9060385221712
9070275168560
9100000000003830001355
9100000003975510001344
9100000004718790001999
9100000010953710004990
9100000011392800000600
9100000011444370000877
9100000018230040002790
9120025833771
9150100030647680000996
9150336652097730004693
9150600453703890001597
9176132877707830001005
9300617297826
9300617305712
9310072035307
9310072035314
93159906
93435635
9345544006660
9350007001601
9413000069198
9421017551650
9526961741277
9556001322128
9556538004726
96092521
971000000329753700024511
971028731000135830005535
971304692002975960005321
971505426807490200002533
