0013764027053
0013764027138
0811620022118
0078742040370
0096619756803
0096619194261
0096619483556
0096619555505
0894700010137
0016000264694
0096619885718
0051500255162
0612322000202
0058449770565
0857777004232
0044000050986
0884912004710
0898999010007
0689544083016
0096619859696
0810032300463
0072250037129
0078895126396
0898999000022
0073472001202
0857273008666
0731216103987
0097339000054
0747479000413
0857777004195
0037600110754
0041500888125
0051500240946
0016000275263
0013764027121
0017077102322
0070303022160
1234567890128
0016000170032
0078742051451
0058449770206
0123456789012
0811620021951
0034000400126
0096619032938
0689544083023
0815074022809
0819562022791
0009800895007
0851770007566
0041789002113
0047495112900
0096619225798
0036632019448
0048121102081
0051500720011
0851770008631
0021000658831
0044000031930
0051500243213
0096619676811
0815074022915
0898999011288
0025293600232
0096619336753
0016000435094
0675625371189
0016000147652
0030000010402
0049000042566
0051500255650
0074305001161
0811620020633
0028400147408
0034361485756
0061232201047
0072250037068
0855140002175
0034856008187
0096619885725
0689544083009
0013764027220
0078895300024
0856312002771
0894697002184
0013764027039
0037600223324
0044000028282
0705599011610
0016229001711
0034361482953
0044000004637
0096619656493
0180999001001
0850251004001
0016000124790
0084380957444
0851770008785
0030000012000
0074305001321
0748404287947
0856069005957
0856312002757
0028400147392
0073731071090
0096619104574
0810019600302
0850036699187
0016000507661
0039047001152
0051500255377
0850004554869
0894700010144
0021000612239
0030000436073
0058449770213
0072250049191
0096619533008
0767707001678
0855469006557
0879890002995
0013764028074
0070847012474
0722252100900
0815074020003
0854837006151
0024463061095
0030000010204
0044000051693
0073420516208
0077260062512
0722252101204
0810091780947
0810589032312
0850000547568
0850017468993
0850251004018
0851769007003
0894700010434
0013000001243
0013764027756
0030000169018
0034361588136
0041570052785
0044000031114
0049508250302
0073420524203
0083046000135
0096619313952
0096619615162
0193908007292
0705599011627
0782733000020
0815099020309
0846548085273
0024463061163
0028400040112
0028400090858
0033617007032
0041570056189
0075720000814
0013764028012
0014100075233
0034361824364
0047495013054
0052159000011
0096619215607
0096619422487
0096619533602
0096619679133
0855188003004
0856312002795
0857549004248
0013764028036
0014100085478
0037600106740
0051500017005
0096619107698
0096619222490
0811620021968
0818290018571
0021908120232
0029000076501
0036632020192
0044000069230
0049000027624
0051500245408
0190646641016
0643843714507
0850251004940
0859977005279
0860002992570
0884912180599
0028400516464
0034361704642
0037600106252
0039978501035
0044000031138
0074305066054
0096619142453
0643843715344
0811130033727
0813636023356
0852909003305
0860479001522
0013000006057
0013764027282
0016000487727
0020685000645
0028400090896
0036632039200
0048121277079
0058449890072
0071146008274
0096619237494
0602652171864
0602652176517
0708747151930
0708953628134
0829696000534
0856416000710
0857484006611
0016000442825
0024000011859
0028400183826
0048121276201
0051000000118
0071146002456
0072945601369
0072945612419
0687456225432
0747479000079
0767707001067
0818290017734
0853016002076
0856088003736
0898248001411
0014100085980
0016000169685
0018627116011
0037466016450
0037600223348
0047495610048
0051500241776
0073420000110
0073420516406
0073472001233
0096619381555
0687456213064
0815099021641
0829696001029
0851769007010
0039047001404
0041508800082
0041508800129
0041570056707
0044000044718
0073416000148
0096619331161
0096619332731
0850031719248
0851770008297
0898248001077
0016000122543
0025293001497
0028400247245
0034361690334
0039978049520
0040822011143
0041192102110
0072250020756
0072486002205
0073731071199
0078895300017
0096619916245
0633148100624
0687456221045
0715756100019
0810589030295
0850034219356
0014100074670
0016000168756
0030000011805
0041192102394
0048001354500
0051500053300
0055653670247
0071100005516
0073132031112
0073731071076
0078742016856
0190912100865
0626027811025
0689544080008
0708163120589
0810607020710
0811620020169
0850004554029
0855712008017
0888849000012
0889392000313
0009800895250
0024100106851
0028400705769
0038000138430
0039978033758
0041390001055
0044000060237
0075720481279
0096619160754
0096619440498
0096619488827
0096619983582
0748927059113
0818290017710
0829696000800
0839138003023
0850031990005
0856069005124
0856069005131
0884912126115
0894700010052
0014113912549
0016000125063
0022000159335
0028400064088
0028400199148
0036632024268
0051000012517
0051500068243
0060885000670
0073731004159
0078742351865
0096619196470
0096619516698
0096619928927
0193968409326
0602652171994
0602652419294
0708163260933
0722252702067
0749826126487
0811620021982
0829515300579
0850004554005
0856584004183
0859146006175
0894700010014
0894700010069
0897922002171
0020685000294
0021000010615
0021908133218
0028400564632
0030000169001
0030000169476
0030100100577
0044000069216
0044000069223
0073420016142
0073430005044
0097339000030
0602652170300
0602652419300
0747479001052
0748404420238
0810075553161
0815099020446
0842515009464
0850004554012
0850791002352
0855569003029
0856461008662
0859922007396
0888849000005
0013130006125
0016000264601
0016000487598
0021000026326
0027400103070
0028000708801
0030000572429
0033776011000
0037466017631
0041570054161
0041790001600
0044000045463
0045300005492
0048001213388
0049733091015
0049733123457
0059290573220
0070662010037
0072945715882
0073420524401
0084380957840
0096619067237
0096619114016
0096619215690
0096619217939
0096619508211
0643843715351
0715756200023
0811130033734
0850000429093
0850000429116
0850251004643
0884912004727
0894700010045
0898248001428
0012000028496
0013000004640
0013764028029
0016000439894
0016000487949
0028400147415
0028400589291
0030000169100
0033617340610
0033776011710
0036632002822
0037466042695
0039400018803
0041500000251
0041789001215
0044000000578
0048000002488
0049508001409
0051000012920
0070177075101
0072945601345
0073731001219
0082592720153
0096619937325
0096619977819
0190646630089
0196633918901
0643843714477
0687456211091
0687456213057
0687456221052
0689544080206
0748927065404
0811620020657
0813694026719
0815099021726
0850045947576
0851562007040
0851770003926
0013000052528
0013764028142
0016000439627
0016229901141
0021000658930
0024000001645
0028400070980
0028400517737
0031146150601
0034360006143
0041143029060
0041500007007
0044000042417
0044000069193
0048000002457
0055991040160
0071146003019
0072250020749
0073130001322
0073410013854
0082592660152
0084380957246
0096619016280
0096619508228
0098308243236
0705599019630
0708163118531
0711575102005
0818290015150
0840229305933
0850004639856
0850019568240
0850791002000
0853358000495
0855140002168
0855140002663
0856584004763
0884912126016
0897580000106
0013764028234
0016000275492
0024000163022
0034361325250
0034500144490
0038000198410
0041500805023
0049000040869
0051000012616
0052159532505
0072250011372
0073410955970
0073435000044
0078354303559
0078355550006
0088702015607
0096619066254
0096619545346
0096619879045
0193908005175
0602652203015
0689544072102
0747599607219
0775075110298
0811130034083
0846548085280
0851371007026
0856069005742
0856088003750
0856088003965
0890000001004
0894700010267
0011210008328
0013409451328
0013409918104
0013562000043
0013764028104
0016000275157
0016000437791
0024100122035
0027331000325
0028400314015
0028400516310
0030000567319
0031200029829
0033617322616
0038000138577
0039978001733
0039978011039
0039978011732
0041757025397
0041789002120
0042272005826
0044000051013
0044100156182
0049508006923
0050000010110
0051500902882
0071464022853
0073410956052
0088702024982
0089094026219
0089686170726
0096619067077
0096619313945
0096619332748
0602652171826
0605870000152
0643843718581
0708163118388
0737539191205
0744473912353
0753656701271
0810167392029
0818780011938
0830028000832
0839138007007
0851770003179
0851770003254
0852909003428
0856069005193
0858030008417
0879890001950
0889392021394
0894700010021
0013562300846
0013764028135
0014113734066
0017077103329
0018627115076
0018627115656
0021908139319
0021908509358
0024100122615
0027000488058
0028000428433
0028400314138
0029000073258
0030000572436
0034000312733
0036632042637
0037600106481
0038000138416
0040822011549
0041331124669
0041570110195
0044100156199
0048121184070
0049508006008
0052159000028
0068437389754
0071879700049
0072273487253
0076410901626
0078895100013
0079813000118
0080000513090
0096619878994
0096619905515
0112111211111
0196633939791
0602652170560
0602652171840
0611269991000
0687456215648
0687456223551
0705118401212
0767707002156
0810122080015
0813694026672
0818290015365
0818780013000
0840224600194
0850000429260
0850068582013
0851770008082
0851861006867
0852261007171
0857777004683
0863699000146
0884912180629
0011210000018
0013764028241
0014100085485
0014100085997
0016000401068
0016000442818
0018627115052
0018627115694
0018627116073
0021908455594
0027331033194
0028400071659
0028400517997
0030000064412
0030000410004
0034000053001
0037600105064
0037600110723
0038000183713
0038000199349
0038000265013
0040600345002
0040600387187
0041800501502
0043000000373
0044000051723
0048001204362
0048001213517
0051500040423
0054400000245
0055712025728
0058449890379
0070200790148
0073410013755
0073472002582
0076808003888
0077901008589
0078354311516
0078742351872
0078742371047
0096619384730
0096619928910
0196633931474
0196633951786
0196633951977
0602652419317
0617241008728
0643843716655
0691779205514
0722252101808
0722252601414
0722430110165
0810091780909
0810167392005
0810291001002
0810607020703
0811620021425
0811620024020
0818290012395
0818290016263
0819215022727
0829696001005
0850006883059
0850031261006
0851770003919
0853986008078
0854074006020
0855569110604
0857468006156
0860008097699
0860479001546
0877971001752
0884912002372
0884912180056
0889392010190
0013000014458
0013409352311
0016000123991
0016000275638
0016000477278
0016000513693
0020685001642
0021000026937
0024000001669
0024100440702
0028400048026
0028400517843
0028400705776
0029700001414
0034361724633
0034500151818
0037600148221
0038000199875
0038000199899
0039400016335
0041196133066
0041500763675
0041570059821
0042400015932
0051500243220
0051600000013
0052159702922
0058449771807
0066613000097
0071012010509
0073410013557
0073472002568
0073731071953
0074117000949
0076808280739
0078000082401
0084380957741
0092227741408
0092227975322
0096619338696
0096619458837
0096619816927
0193908008107
0601408305010
0631803000425
0682430611768
0748927023848
0749826126517
0802763028846
0810589031216
0813636021611
0816697021149
0818290017031
0840229300372
0847644005066
0850017468184
0850020260416
0850047220790
0850053830044
0850180006053
0851769007997
0855140002687
0857484006543
0858595000772
0859977005125
0860009082823
0884912014283
0884912359162
0889392010015
0009800830039
0014100071617
0014100087151
0016000169678
0016000275652
0021000028092
0023923900172
0025293001367
0028029088816
0028400014236
0028400083140
0028400517799
0028400589895
0028400763035
0029000072107
0036632019530
0037600105682
0037600115445
0037600209571
0038000200748
0038000356216
0039978025463
0039978033765
0041196010121
0041570044285
0041570055311
0041570057254
0043647440013
0044000028299
0048001437234
0048121253196
0051500255742
0052600112751
0058449771036
0058449779018
0064144282432
0066721007438
0073420000158
0073472002551
0073731008300
0074880030051
0076410901633
0076808005851
0076808516135
0077013615514
0077975080061
0078742062266
0078742366906
0096619003129
0096619193738
0096619206216
0097339000061
0099482477073
0190646640019
0602652203053
0602652259432
0606541926924
0626027841022
0633148100556
0644225727832
0705599015533
0739907002069
0742365216855
0761720071045
0786162002969
0810232020178
0810291001088
0810607020697
0810934030192
0811620020398
0811620022187
0818290011794
0818290016928
0819597010213
0842515010354
0850016813022
0850180006077
0851769007751
0851770007351
0851861006126
0853132007214
0856069005155
0856416000703
0860002152448
0869066000368
0884623101654
0884912356321
0889392003628
0897922002041
0898999010144
0009800000555
0012993441128
0013000007993
0014100074724
0014113910712
0016000506497
0018627101390
0018627115830
0021788916291
0021908455587
0024000162865
0025293600393
0027000381434
0027331000332
0027331032128
0028000466312
0028400009973
0028400012553
0028400040037
0028400055970
0028400073257
0028400091510
0028400091565
0028400152242
0029000073456
0030000567289
0034361273810
0036632024329
0038000001208
0039400018834
0039978003669
0039978051554
0041129395905
0041196891089
0041500000312
0041757025410
0043647160010
0048001265844
0051500720028
0052603056076
0054400015034
0054800423347
0058449221012
0058449860044
0070796400087
0072745804892
0072745806223
0073420000363
0073731003282
0073731071595
0076808012019
0076808280081
0076808533583
0078742082752
0078742321080
0096619000036
0096619233892
0096619233908
0096619376056
0096619916146
0096619927319
0193908007209
0194346116607
0657082060400
0689544080602
0717524611109
0722252161093
0724190812877
0767707001258
0810091780312
0811130034090
0813636021888
0815074022298
0815863021495
0818290010896
0818290012357
0818290016935
0818290016980
0818290019554
0819562023101
0840224601016
0840379101393
0850000429413
0850074005933
0850251004179
0850251004254
0853665005091
0853665005268
0853883006047
0855232007125
0856069005476
0873983000028
0876063002813
0894700010199
0898248001640
1327380107969
0012000002304
0016000122222
0016000124950
0017077072328
0021908133171
0025000044984
0026400802044
0027271120282
0027331101114
0028400036337
0028400043809
0028400073264
0028400199636
0028400310413
0028400589321
0030000041703
0030000320938
0030100784586
0030223040743
0031142523850
0034500151191
0034500151795
0034800002001
0036632008367
0037600138727
0038000198434
0038000269752
0038778610169
0039000086639
0039978039576
0041192102431
0041570056172
0044000051365
0044000051389
0048001354289
0049733830119
0050000302116
0051500062005
0051500255186
0052000328660
0052500050092
0055653688006
0055712067124
0058449602316
0058449770015
0067275006519
0070074407111
0070617206126
0071018100747
0072250025232
0073360237515
0073472001240
0073472002001
0073491510006
0074683005546
0076808533576
0078355570103
0078742221427
0079927110116
0080000495242
0082011570710
0087666052802
0088702015652
0093966000337
0096619053988
0096619334087
0096619356096
0096619596447
0096619663712
0096619866267
0193968024680
0194346193882
0611269101713
0643843714903
0643843716686
0658010122375
0687456215587
0705599012211
0715756200061
0722252194145
0722252194985
0744473000333
0747479001182
0747599607257
0747599612749
0748927028669
0757528008680
0767707002149
0786162010001
0786162150004
0810019602405
0810070170561
0813636023851
0814558020331
0816925022252
0834183007125
0842096100833
0842595135084
0850002887440
0850031990012
0850040427080
0850232005096
0850397004989
0851769007966
0857183005014
0858102004361
0860479001553
0884983000666
0889392021417
0892773000864
0898248001060
0012000286209
0013130060257
0013562000456
0014800002294
0015000070212
0016000432680
0016000457232
0016000487963
0016229901158
0018627703211
0021000010875
0021511137153
0021908133157
0028300004054
0028400002561
0028400314039
0030000169094
0030000169766
0031200200075
0031506627187
0033776011307
0034000109418
0036200219317
0036632008343
0036632019622
0036632042859
0036632072351
0037600106726
0038000357213
0038000359217
0040000000327
0040000424314
0041192102233
0041331124225
0041390050046
0041716231104
0041790214260
0042272000326
0044000032197
0044000050993
0044000057275
0044000069247
0044800001423
0046000279183
0048500205723
0049000004632
0049000050103
0049000061055
0050000301621
0051000121141
0051000132796
0051500040416
0051500245484
0052603041201
0052603041843
0054800423392
0058449162070
0058449771555
0064144321605
0066721028426
0071464240806
0071998000013
0072250006781
0072250025256
0072417328985
0072945612815
0073472001011
0073731004197
0073731060025
0073731081082
0074305000164
0076677100145
0077901007810
0078742008325
0078742012285
0078742020532
0078742113784
0078742370033
0078895100020
0082592194152
0084114902009
0092227706407
0093966513004
0096619165049
0096619237432
0096619581870
0096619981700
0180999001025
0191011001275
0196633894922
0196633966339
0611269818994
0613008714253
0632565000029
0658010122399
0675625557156
0687456211060
0687456223537
0715756100200
0744473000319
0760295004106
0764014208059
0810090751450
0810091780596
0810122080008
0810589031247
0810757010005
0813267020007
0815074020010
0818290012791
0818290018304
0819898010806
0842096101106
0842234000988
0846548070194
0847644005103
0850002887419
0850004554623
0850005324225
0850049384674
0850180006060
0853555006689
0853807005163
0854074006044
0856069005056
0857183005007
0857484006482
0858159002532
0859774007278
0860003335987
0860008222374
0861745000027
0865336000069
0884912109101
0884912359155
0889392010145
0893594002068
0893594002075
0894455000315
0894700010168
0897922002768
0011140102455
0013764028067
0014100071112
0014113910125
0014800000344
0016000125414
0016000125933
0016000185876
0016000439801
0016000487697
0016500080145
0018627115793
0018627115991
0018944001021
0021000615261
0021511516873
0021908139326
0021908455563
0021908509372
0025293004627
0027331032272
0027331320522
0028400516679
0028400517942
0028400589864
0028400596688
0029000016699
0030223039365
0031200023339
0033900075311
0034361482892
0034500151955
0034500632027
0036632039040
0037600223188
0039978008442
0041390001109
0041449003153
0041500766034
0044000064587
0044082032412
0044500201376
0045300005409
0046000811017
0048001011595
0048121292089
0048500205716
0050400739420
0051000038852
0051000152787
0051500012291
0051500017012
0051500075654
0051500241639
0052603041805
0052603054454
0058449770947
0059724101067
0064144030644
0066721028358
0068437389716
0070200838123
0070662030035
0070847898245
0070920476339
0071012075034
0071018010183
0071757056428
0072250017671
0072251001556
0073132031129
0073410000267
0073416000469
0073420000240
0073472001318
0073472001530
0073731081075
0074570024001
0075185007007
0075779311107
0076314306466
0077975087312
0078355570110
0078742300665
0078742371054
0078742374192
0078895300031
0079200558338
0084114902153
0084380957048
0086341170527
0096619064069
0096619440047
0096619605781
0096619615223
0096619937295
0193968075125
0196633884466
0602652433566
0602652434723
0632565000012
0643843715887
0655122201745
0677210092127
0704863227306
0709586514894
0722252068736
0731216104021
0734756000020
0736798700012
0742812700616
0754982110522
0786162200433
0787572101723
0810019603792
0810070170301
0810091781074
0810116123506
0810589031698
0810589031964
0811620020879
0824150910565
0840229303335
0840229303625
0846548071160
0850024735002
0850060665141
0851702007022
0851769007720
0851769007973
0853986008085
0854137000705
0855571005158
0856069005582
0856069005643
0856261006134
0856579002804
0857183005670
0857597003279
0859162007200
0859922007587
0884912014276
0884912378118
0888849006656
0894700010120
0898248001008
0898248001107
0012000171253
0013120014178
0013562000524
0015000045203
0015000070007
0015000070014
0015665624058
0016000157811
0016000226371
0016000435322
0016000504622
0016229901479
0016571940331
0016571952105
0018627114994
0018627703358
0019320015403
0020200070061
0021000052288
0021000600854
0021000612192
0021908515441
0024100789382
0025317586009
0025317775304
0027000002643
0027000082669
0027000380406
0027000488287
0028000043964
0028000813208
0028400012546
0028400055987
0029700001148
0030000064030
0030000169544
0030000568491
0030100127031
0031200016034
0033776011604
0034500151368
0036632019547
0036632032737
0036632042590
0036632042842
0037600106184
0038000138607
0038000200038
0038000845246
0038000846731
0039400016144
0039677071129
0039978039545
0039978041401
0041129077122
0041143120101
0041192102073
0041192113215
0041331023443
0041383155482
0041449001104
0041548608105
0044000034832
0044000037444
0044000045586
0044000045753
0044000051662
0044000051716
0044000060251
0044000077143
0044115403011
0046000860114
0048001016637
0048001265349
0048564070022
0050000801640
0051500141304
0051500255278
0052603283663
0056800355741
0058449410003
0058449450610
0066613000059
0071100213997
0071818024809
0073132031136
0073731071403
0073731071700
0074401704232
0074880030044
0076808005844
0076808280982
0077013615576
0077330530057
0077975080047
0078354708439
0078355550013
0078742006673
0078742142005
0078742288116
0078742365466
0084114902160
0087703138322
0093966000283
0093966006896
0096619093915
0096619172658
0096619356089
0096619356119
0096619555017
0181945000062
0190646631529
0196633976796
0602652271502
0602652279461
0638031612154
0643126971962
0643843718642
0654858702816
0705599016288
0708163121937
0717887651903
0722252194138
0722252601445
0737539193582
0753656701202
0757528048112
0763946225028
0767707013138
0767707013503
0786162080004
0787692834617
0807176706923
0810063710071
0810104460286
0810113830049
0810139571629
0815099021788
0817946020074
0819898010752
0829515302030
0830028001501
0842096106101
0842595135077
0846548070330
0850015892523
0850032825023
0850036168034
0850064303032
0850397004996
0853555006542
0853883006030
0855140002700
0855188003035
0855218008054
0855569220501
0856069005483
0856584004572
0857183005380
0857549004200
0859146006601
0859480006589
0859480006596
0859977005064
0876063002806
0879890001967
0879890002407
0884912129710
0888109110109
0888127002967
0888849004621
0889417000045
0898248001848
0011115340042
0012000171741
0013971005684
0014100054702
0014100070337
0014100085508
0014800001846
0016000264793
0016000507333
0016229901226
0016229914578
0017400140014
0018627115113
0018627115717
0018627703396
0018627739180
0019900003202
0020662000064
0020685001666
0021131506919
0021908455518
0022000159342
0022506934511
0024000163084
0024300041204
0025000040986
0025293004450
0025293600423
0025317005906
0026825000131
0027331001414
0028000462987
0028400008488
0028400008617
0028400040129
0028400071888
0028400200608
0028400517966
0028400705691
0028400718356
0028400725743
0028989100689
0028989971104
0029000016651
0030000313282
0030000319567
0030000568552
0030000659700
0030100100683
0030100111764
0033776011895
0034000432271
0034500140027
0034500151504
0036200219294
0036632008350
0036632042576
0037000978497
0037014242478
0037466039411
0037600106689
0038000269851
0038778610404
0039047014589
0039978039378
0039978039538
0039978053817
0040000533214
0040000580270
0040822011747
0041196010886
0041196133011
0041196914016
0041331027878
0041335329558
0041383090103
0041390001079
0041420048548
0041500805016
0041570030851
0041570052341
0041570072561
0041780202680
0042272001996
0042272005024
0042272009244
0044000027346
0044000031954
0044000040598
0044000047009
0044000051341
0044000051358
0044000060114
0044000074579
0044100190742
0045300000602
0045300362021
0046100001653
0048000007070
0048001013568
0048001213449
0048500202777
0048564067008
0048867226171
0049568010168
0050000145782
0050200500145
0050400751163
0051000059772
0051500668733
0054800423385
0058449620044
0064144043064
0064144043156
0064144043224
0066721007483
0068110940111
0070177178543
0070221011116
0070234215006
0070470004303
0070650800121
0071012050505
0071146008267
0071464200800
0071899051015
0072655409316
0072762012140
0072878275705
0072945611900
0073410956724
0073420503406
0073491530004
0073731001240
0074117000147
0074471000500
0074570650576
0076808501063
0076808513981
0076808518290
0077013615682
0077567254238
0077975022177
0077975080030
0077975080078
0078000035476
0078000083408
0078742008059
0078742019055
0078742072531
0078742285443
0078742369266
0080868029016
0082592727152
0085696608044
0089686170795
0096619000029
0096619066223
0096619180905
0096619362776
0096619598885
0096619937301
0098308002031
0099482471446
0193908005168
0193968321154
0194346193899
0194346193974
0602652171857
0628176357409
0637793001053
0659000406048
0687456213019
0687456215662
0705599012150
0705599013379
0705599013805
0705599014147
0722252839169
0728229014317
0744473912056
0748927069525
0748927069532
0751746032120
0757528037475
0781138710114
0810003781918
0810019602399
0810021671734
0810030512257
0810137461342
0810589030035
0810589032398
0810607021663
0810607021687
0810607024435
0810607024534
0811620020404
0813694026658
0816925021224
0818290012289
0818290015198
0818290015631
0818290017048
0818290019523
0818849020017
0819898010103
0824150401483
0842595135091
0847644009873
0850003994178
0850008237928
0850027702889
0850027702919
0850027880129
0850047220233
0850645008363
0851093004013
0851100003015
0851562007057
0851562008801
0851770006859
0851770007276
0853584002287
0853584002294
0853986008115
0854074006013
0854074006037
0854092006064
0855140002724
0856069005599
0856260006005
0856260006999
0856481003180
0856584004206
0856584004404
0860002152493
0860005141913
0860007286995
0861525000339
0873983000059
0874492001544
0876681000703
0879890002025
0884912014252
0884912320483
0884912356345
0888849000432
0889392000320
0898114002054
0898248001015
0898248001183
0012000028458
0013000002189
0013409517413
0013562000968
0013764027176
0013971005660
0014100049555
0014100085393
0014113911856
0015665000692
0016000163614
0016000171138
0016000226364
0016000272880
0016229005122
0017400118150
0018537241575
0020662002846
0021000040247
0021000612475
0021000615315
0021000619849
0021000658862
0021000658978
0021908133119
0021908133126
0024100717170
0025000120527
0025500304014
0026200101927
0027000002650
0027000390054
0027271112287
0027271113284
0027331000615
0027331032029
0027400800627
0028400021531
0028400040044
0028400047708
0028400070560
0028400183833
0028400516686
0028400607339
0028400768870
0030000561959
0030000569757
0031200001689
0031200034694
0032601901509
0034325060944
0034361915017
0035900264429
0036632029621
0036632040985
0036632042552
0036632042866
0036632080783
0037297914475
0037600105002
0037600105033
0037600114820
0038000124891
0038000269967
0038000318344
0038622906554
0038900009144
0039400016359
0039400017004
0039400018100
0041192102196
0041196891027
0041331123327
0041335001270
0041383090363
0041387530209
0041420081309
0041565000067
0041570044261
0041570053386
0041757026103
0042238302211
0043192315507
0043192702611
0043454030506
0044000002107
0044000020071
0044000069254
0044300054639
0044738102346
0046100400920
0047495210040
0048001013605
0048001353664
0048121108021
0048121138066
0048121216573
0048867223347
0049000024692
0049000067729
0050000303021
0050000848119
0051000005564
0051000024299
0051651192385
0052000001730
0052000010121
0052000135145
0054400000054
0054800423323
0058449770503
0058449771982
0058449777311
0065633222731
0070200010635
0070303022061
0070404000081
0070404001033
0070847898146
0070920476537
0071100000214
0071464300500
0071464306502
0071479000013
0071757055919
0072251001051
0072273475076
0072457331044
0072463000200
0072655001022
0072830005524
0073030156009
0073390055165
0073410956083
0073416004306
0073420116149
0073472001196
0073472002575
0074401760412
0075185000039
0076808008487
0076808514377
0077034011302
0077661125113
0077948009068
0077975080092
0077975089156
0078000033489
0078354311523
0078742067841
0078742125671
0078742224961
0078742236735
0078742307305
0078742444444
0078895760026
0079813000279
0080000505279
0084380957543
0087684001073
0088194340607
0093966515008
0096619036981
0096619104178
0096619160761
0096619177707
0096619212989
0096619307418
0097923544018
0098308002802
0190298000209
0190912100025
0193968201920
0193968356484
0196633894939
0602652651847
0605388187185
0606541933700
0627907090783
0644209791293
0652878003784
0682430611751
0692752200014
0699235001007
0704863028187
0705599019678
0722252314901
0722430900162
0724836004024
0736798700029
0739907000010
0742365264351
0742365264450
0747479000017
0747599640155
0749826126449
0755795700009
0761720051108
0781138195270
0786162338006
0787359748721
0793573348678
0810091780589
0810104461436
0810167392036
0810174040012
0810291001118
0810757010012
0812049006901
0815055010986
0815099021665
0815863021501
0816012010513
0816697021002
0816925021217
0817670012390
0818290011473
0818290012739
0818290018281
0818290018656
0818290018670
0819898010745
0825625600011
0840379100235
0842096100840
0846548070323
0848860049858
0850017142190
0850017819320
0850027880006
0850029324706
0850397004071
0852261007218
0854074006297
0855088005467
0855469006229
0856017003387
0856069005148
0856069005513
0856069005650
0856088003910
0856088003958
0856261006110
0856823004745
0857063002935
0857468006125
0857900005174
0857900005402
0858030008431
0858176002065
0858996005048
0859539007048
0859977005514
0860001688184
0860001697803
0860003223390
0860008222336
0865336000021
0865543000319
0879890000168
0884912014269
0888849000456
0888849006632
0888849006649
0888849014217
0897580000137
0897922002706
0008295663900
0011110016188
0011110107176
0011115871324
0012000013119
0012000813313
0013120001338
0013562122035
0013562302611
0013764028296
0013764028395
0014100052951
0014113910026
0016000141544
0016000169326
0016000189546
0016000214514
0016000423718
0016000469655
0016300168210
0016571940348
0017077001328
0017400118501
0017400140045
0018627510031
0018788101093
0021000012534
0021000122844
0021000301652
0021908455525
0021908509259
0022000005120
0023249091592
0023278501024
0024000001966
0024000167136
0024094070121
0024100115099
0024100940141
0024463062801
0025000136788
0025000136825
0025293000995
0025317055185
0025317686006
0025484000124
0025484006577
0027000623183
0027331000493
0027331033170
0027400224027
0028000537838
0028000772123
0028400008839
0028400010436
0028400067409
0028400089364
0028400090148
0028400201285
0028400310406
0028400371858
0028400517775
0028400517829
0028400589888
0028435600428
0028989101082
0029000016071
0029000071858
0029000072121
0030000169797
0030100100553
0031142359008
0031200029317
0033617410016
0034000252183
0035046132408
0035826087645
0036200002506
0036200219348
0036632010391
0036632020246
0036632024275
0036632042569
0037000741367
0037600106245
0037600106825
0037600132602
0037600188081
0038000138638
0038000779008
0039047001169
0039978002853
0039978013873
0039978023308
0039978035813
0039978039521
0039978114037
0040000004325
0041192100413
0041192103810
0041196010138
0041196914153
0041331123334
0041335000617
0041335000860
0041387327908
0041390007002
0041500992921
0041570110089
0041570110706
0041570144107
0041653456783
0041780272065
0041780272096
0042272000715
0042272005833
0042272005864
0042272006694
0042272008117
0042400016922
0043000285213
0043646201288
0044000007461
0044000020170
0044000026820
0044000031947
0044000882105
0044100190810
0044500976502
0046000821214
0046100001233
0047495117806
0047495620047
0048000011916
0048000732675
0049000079357
0051000024312
0051000025487
0051000060075
0051000214461
0051000269775
0051000286055
0051500240908
0051500240953
0051500255780
0051500507872
0051651093682
0052000051933
0052159005207
0054400000047
0055653173151
0055653670704
0058449189084
0058449602187
0058449620013
0058449771432
0058449777656
0058449870241
0063400138926
0064042006734
0070227500010
0070470164854
0070470496467
0070617206072
0070847811169
0071871548601
0072220004533
0072250021319
0072655001077
0072655001107
0072745806568
0072830081092
0073130003678
0073410957288
0073435070160
0073731071212
0073731071502
0074117000734
0075900005264
0076762550220
0076808008470
0076808280098
0076950450110
0077567001580
0077975034057
0077975034064
0077975093740
0078355570011
0078742020471
0078742141619
0078742196206
0078742229218
0078742351414
0078742369396
0078742372389
0078742374970
0078935005117
0080000003348
0082592720641
0084213006622
0084380957642
0084380957949
0084909015853
0096619016242
0096619047697
0096619099481
0096619106813
0096619141951
0096619170500
0096619451012
0096619605774
0096619653133
0096619653539
0096619833757
0096619877454
0098308243229
0099482446123
0099482473693
0180999001506
0186852000389
0190646650070
0193968375027
0194346188826
0196005242504
0196633829795
0196633892621
0196633919731
0196633937544
0196633946935
0196633952172
0196633953117
0602652171611
0602652203008
0606541801023
0611443340013
0613008715267
0632432000350
0637793002500
0638031705702
0643843717157
0647671502930
0660726503270
0675625354014
0686207006153
0689544083078
0693749006350
0694990012503
0697941860802
0722252068750
0722252102003
0737628084005
0747479000215
0747479100007
0747479100137
0747479400060
0747599622083
0748927052404
0748927068856
0749826306742
0763089920941
0781138719179
0784830004000
0786162003546
0793573481511
0807176711446
0807176714027
0810030518082
0810039910238
0810056350017
0810264024052
0810571030050
0810589032015
0813636023950
0815099021689
0815421011203
0818290010469
0818290011800
0818290012388
0818290015167
0818290016652
0818290019325
0829262002184
0829262004690
0842234000971
0842595135060
0846548070170
0846548070316
0846548086256
0850004281475
0850010613413
0850054108548
0850062639270
0850397004132
0850397004217
0851035003234
0851107003032
0851770008532
0851921006455
0852629004583
0853044006541
0853522000306
0853555006559
0854074006570
0854092006019
0855140002144
0855611008361
0855823007060
0856088003743
0856369004759
0856769006353
0856769006841
0857111004683
0857183005120
0857468006170
0857484006284
0857682003863
0858102004019
0858109006115
0858847000680
0859977005149
0860006036232
0865372000009
0867169000100
0867169000117
0869982000008
0873983000035
0888313914906
0888670025314
0889392000917
0892773000697
0894700010106
0894700010328
0898248001572
0009542034870
0009800802203
0009800820016
0010300933649
0011110091758
0011110092656
0011110092700
0011110791566
0011110860620
0011152034706
0011152225616
0012000012754
0012000019258
0012000171246
0012000286193
0013120008337
0013562460502
0013764027879
0013764028289
0013764028456
0014100070092
0014100085461
0014113700658
0014113910613
0015000005962
0015292700187
0015839097190
0016000106109
0016000107106
0016000122505
0016000171022
0016000188648
0016000207691
0016000222076
0016000227842
0016000277076
0016000411265
0016000420403
0016000458987
0016000476080
0016000487925
0016000507258
0016571910310
0017077107327
0017082876317
0017400106959
0017400109516
0018627113515
0018627114956
0018627116097
0020200070221
0020662001931
0020662006134
0021000026791
0021000026890
0021000052387
0021000062713
0021000123544
0021130328277
0021131501112
0021788506959
0023700014528
0023700060259
0023700060266
0024100104437
0024100594757
0025293000988
0025293002760
0025293004894
0025293600898
0025317291873
0025500304076
0027000390146
0027331000608
0027331331139
0027400264993
0027400800610
0028000515751
0028400003001
0028400019927
0028400199612
0028400201261
0028400314091
0028400372190
0028400516914
0028400517980
0028400589277
0028400770088
0028400770590
0028435399230
0028989100825
0028989100849
0028989100887
0029000017986
0029000076822
0030000312490
0030000319581
0030000571620
0030000658000
0031142000696
0031146250301
0031200342270
0034000114702
0034500151290
0034856008125
0036200219195
0036200430682
0036632008398
0036632019684
0036632019912
0036632032492
0036632042583
0037600104999
0037600165662
0037600351607
0038000167782
0038000199929
0038000222795
0038000231537
0038000359002
0038778610329
0038900009472
0039059728849
0039400229988
0039978013866
0039978031730
0040000579793
0041000022685
0041129077825
0041192100192
0041192100376
0041192100437
0041192103995
0041196010220
0041196805482
0041271025644
0041331049252
0041335000549
0041335001256
0041335332183
0041335363781
0041335365471
0041383090226
0041415182059
0041500220208
0041570068274
0041679940006
0041736010130
0041736010147
0041757026189
0041789002175
0042272005352
0043182005227
0044000004576
0044000020361
0044000033385
0044000046545
0044115128402
0044300106321
0044700019887
0044700092408
0044800711506
0046100001134
0047495410600
0047495800135
0048000187185
0048001213364
0048001213586
0048001265240
0048121229054
0048500205679
0048500206027
0049000018011
0049000024685
0049000037197
0049000050141
0049000050752
0049000061048
0049000061062
0049900346306
0051000005243
0051000027948
0051000121578
0051000196217
0051000197597
0051000218865
0051000233141
0051500000557
0051651093804
0052000047905
0052000104325
0052100004389
0052159050009
0052603283670
0054800425853
0055653697909
0056800510133
0058449450016
0058449771616
0058449860037
0058449890003
0059749894456
0061232200989
0064144282630
0067312005260
0068437389204
0070074559582
0070470181387
0070470496474
0070617006238
0070617206096
0070662010020
0070662087237
0070662130032
0070734055003
0070847033080
0071142000500
0071305055255
0071464270407
0071871544627
0071899037200
0071998000051
0072180634290
0072220101515
0072250012324
0072250037631
0072320124421
0072655001312
0072830081146
0072830702300
0072945705449
0072945766051
0073124002069
0073390055158
0073410025369
0073410955666
0073410957561
0073410957837
0073416000155
0073420503208
0073491095008
0073731001233
0073731063002
0073731071519
0073731072004
0073731420003
0074401704324
0074471011087
0074570004003
0076183003213
0076301222298
0076314302031
0076371012645
0076808000320
0076808007879
0076808501087
0076808507386
0076808515589
0077507040952
0077544806009
0077885710614
0077885882007
0077901006516
0077975082102
0078355570004
0078742020624
0078742075761
0078742111186
0078742122113
0078742195797
0078742224879
0078742263540
0078742276298
0078742346359
0078742367040
0078742369525
0078742370064
0078742370828
0078742374277
0078895160468
0078895700015
0079927110215
0080000001450
0080868000107
0082011570680
0082592660640
0084213000729
0089094022990
0089094025694
0089947302200
0091475630045
0092227774468
0092227878364
0093966000108
0094922149985
0096619016273
0096619204205
0096619415557
0096619416073
0096619507320
0096619757572
0098308002024
0099482438982
0180127000104
0186852000334
0186852000822
0186852001706
0190912101305
0193908001900
0194346191581
0194346267491
0196633907806
0196633934901
0602652251023
0602652271342
0602652434778
0602652671104
0631656603804
0633148100099
0643843715900
0643843716594
0643843717898
0644225730825
0652729101133
0661440000212
0675625371073
0682430400102
0686207009130
0687437953712
0687456214115
0687456214160
0687456218045
0689544081463
0704863050058
0705599013225
0705599015373
0705599016400
0705599020308
0710282439121
0711381326329
0711575102104
0715756100033
0722252068699
0722430500164
0742906325800
0745042112013
0747479001557
0747599409943
0748927023855
0753656701264
0753656709529
0761720987506
0764218608372
0766298001746
0767226448022
0786162002976
0786560153126
0787692330003
0788434106757
0796451192417
0797258004750
0807176769645
0810003512666
0810021671611
0810021671642
0810030511052
0810035970601
0810039910429
0810063710309
0810063710880
0810091780275
0810104461429
0810113830018
0810122080077
0810589031742
0810589031957
0810589031971
0810589031988
0810607023094
0813694026696
0814558021222
0815074022922
0818290012272
0818290012753
0818290014665
0819388013539
0819562021688
0819573011753
0828686006860
0829262004751
0840370900674
0844334001322
0844911008737
0847644008050
0847644008081
0850000429604
0850002887464
0850003994154
0850027702193
0850031990029
0850031990074
0850049150675
0850055550490
0850057175196
0850064303001
0850064303018
0850065948515
0850180006756
0850791002017
0851035003630
0851087000069
0851087000281
0851562007170
0851769007980
0851921006462
0853883006252
0854401004132
0855088005238
0855232007354
0855596007069
0855712008796
0856014002024
0856069005872
0856461008617
0857900005853
0858135003935
0858176002799
0859977005156
0859977005354
0860003055021
0860006949488
0860439001005
0860439001012
0861297000308
0861745000072
0876681007504
0879890002421
0881245260165
0884912102102
0884912377142
0888849000173
0888849000210
0888849010936
0888849015986
0889392001709
0889392002065
0889497008245
0890497000306
0893615002015
0893615002091
0897580000168
0897922002928
0898328002246
0966192692808
0009542031695
0009800820061
0011110032515
0011110084521
0011110107602
0011110401014
0011110444004
0011110766540
0011110766557
0011152276410
0011152851716
0011384232123
0012000018800
0012000171956
0013000000987
0013000798006
0013120002588
0013120002861
0013300280645
0013409341155
0013409351505
0013562300570
0013764027237
0013764028302
0014100046691
0014100074120
0014100086079
0014100099970
0014113910446
0014113912563
0016000166097
0016000168930
0016000171046
0016000214972
0016000224728
0016000226357
0016000264700
0016000437784
0016000441699
0016000487642
0016229902643
0017400106676
0017400106751
0017400140007
0018627107576
0018627703129
0018627703273
0019320001987
0021000023226
0021000026272
0021000026876
0021000030453
0021000611614
0021000644735
0021136010480
0021136181388
0021511134763
0021908121734
0021908133232
0022655306306
0022655306313
0023249011835
0023700014153
0023700025104
0023923900028
0024094070091
0024100788873
0024463061040
0025000044908
0025000061530
0025317120005
0025317225908
0025317775229
0025500304199
0027000388150
0027000442128
0027000488140
0027000490181
0027271121364
0027331000356
0027331321277
0027400000225
0027400000232
0027400545085
0028000157852
0028000192174
0028000215804
0028000514037
0028000517205
0028400020008
0028400032810
0028400047012
0028400047685
0028400070546
0028400079167
0028400090841
0028400090889
0028400183901
0028400183918
0028400184762
0028400200592
0028400372169
0028400528177
0028400528467
0028400564656
0028400705615
0028400745826
0028400762373
0028435600282
0028989100900
0029000017931
0030000040904
0030000063224
0030000169025
0030000322567
0030000568286
0030000568606
0030000571842
0030000659809
0030100112334
0030100784678
0030771026367
0031146852321
0031200001597
0031200006769
0031200016058
0031200020857
0031200023315
0031200276278
0033383530505
0033900000856
0034000560028
0034800600511
0034856050988
0036200003008
0036200005507
0036632020819
0036632020826
0036632024206
0036632028488
0036632029546
0036632039033
0037014000207
0037466023427
0037600107433
0038000138812
0038000169663
0038000199943
0038000222757
0038000845512
0038100212290
0038900004736
0038900006136
0039000008907
0039400019770
0039631000417
0039978004802
0039978039026
0039978049407
0041000022432
0041000022463
0041000022661
0041164000222
0041192101069
0041192102172
0041192102455
0041192102530
0041196891072
0041196910360
0041321006609
0041335000983
0041335001768
0041383090431
0041449300115
0041449601236
0041500785707
0041508802185
0041570110720
0041780002815
0041790600803
0042400001058
0043192505106
0044000003357
0044000020187
0044000034207
0044000040703
0044000043148
0044000045326
0044000045579
0044000051334
0044000051686
0044000058401
0044000063771
0044000069940
0044000072995
0044000077655
0044082032214
0044300000094
0044738102384
0045300000503
0045300005362
0045300005423
0046000288697
0046100001219
0046100001226
0047495120011
0047495800227
0047900507307
0048000000866
0048001354722
0048001705920
0048121229030
0048121255053
0048500017753
0048500018330
0048500205549
0048564060054
0048564074037
0049000014235
0049000079326
0050000727841
0051000000200
0051000142931
0051000196200
0051000201768
0051000224637
0051000232830
0051000248916
0051500001639
0051500040256
0051500069608
0051651092357
0051651093699
0052000043426
0052100371603
0052500050023
0052603056052
0052603283694
0054100925022
0054400000405
0054400600506
0054800423309
0054800423644
0055653601784
0056833000212
0056920124043
0057836000049
0058449172017
0058449211488
0058449770992
0060410050910
0060885000472
0065302000035
0065633222748
0066721028341
0067275006502
0067311020110
0067311192855
0067312005253
0067312005505
0068437389082
0070074407012
0070200864450
0070200870468
0070234215105
0070272232027
0070277000065
0070328005230
0070459005581
0070470164861
0070617206102
0070662026038
0070662096314
0070847020905
0070847898320
0070920476513
0071010120231
0071012075232
0071018100754
0071123000130
0071464016395
0071464022778
0071537001303
0071899835486
0072030014821
0072030021621
0072320700397
0072463000217
0072655001176
0072655001244
0072655401044
0072655454453
0072745804311
0072830005517
0072830005579
0072830011211
0072830702201
0072945611030
0072945612501
0072945612846
0073124001062
0073130000264
0073130025397
0073214009459
0073360707513
0073360747519
0073390014124
0073410026328
0073410956090
0073410957844
0073420531232
0073731002919
0073731065006
0073731070147
0073731071564
0073731071625
0074401910411
0074570650972
0074682103502
0074683005935
0074683005942
0074880030716
0075386048588
0075500000010
0076050800211
0076186000028
0076397004075
0076808006490
0076808011128
0076808280173
0076808280456
0076808502947
0076808533606
0077034009873
0077567226006
0077975086940
0078000037692
0078000040661
0078000152401
0078354703182
0078354850183
0078742007908
0078742020570
0078742032788
0078742037608
0078742037844
0078742044927
0078742075273
0078742097282
0078742099897
0078742147413
0078742194844
0078742213286
0078742213293
0078742218199
0078742226651
0078742292892
0078742295121
0078742352008
0078742358857
0078742369433
0078742369440
0078742370026
0078742374758
0078895405576
0078895920017
0079200616007
0079200717834
0080000513045
0080000513069
0082011061201
0082666500902
0084114902054
0084213000712
0085239045930
0085239078419
0086341170565
0086600707778
0086631783321
0087684000953
0088702015591
0091475041896
0092227819466
0093966005103
0093966009545
0094922351258
0096619031955
0096619058143
0096619177677
0096619193431
0096619194117
0096619228027
0096619356102
0096619456949
0096619516735
0096619887446
0096619896639
0096619941278
0096619998616
0097923550071
0099482410681
0099482434366
0099482476465
0099482479800
0181945000154
0190646631536
0193968044268
0193968475031
0194346065752
0194346135516
0194346266968
0195893693672
0196633885852
0600699661164
0600699661447
0602652170508
0602652207020
0602652257230
0602652271427
0602652433931
0602652434211
0602652669125
0605021009751
0606541803003
0611443258820
0613008756420
0637793001046
0643843717041
0643843800712
0652642000506
0652729710809
0657622011855
0657622419774
0658010119436
0658196001167
0659000406000
0671521400206
0673803054220
0675625355011
0679844103415
0681131102247
0687456215655
0688267066498
0689544001737
0697941870245
0705599016417
0705599018695
0705599018732
0705599018756
0709481000232
0715756100224
0722252160195
0722430600161
0736211362315
0737628025251
0744473000111
0744473000166
0747479000048
0747479000130
0747479000611
0747479101745
0747479400046
0748927069518
0748927069563
0754686002703
0757528005047
0787359175008
0787359175084
0787692835331
0802763028600
0802763029928
0804066020046
0810003512673
0810023540007
0810030513827
0810031480326
0810063711078
0810089956200
0810090750941
0810091780381
0810125971600
0810125972829
0810128528191
0810264024014
0810291008940
0810291008964
0810607020741
0810757010067
0811184031250
0811955011016
0813047020005
0814558021598
0815421011227
0816697020432
0816697021071
0816925022450
0817946020029
0817946020036
0818290011589
0818290011770
0818290014726
0818290015587
0818290015624
0818290015662
0818290019196
0819898010080
0819898010189
0819898010370
0824295140025
0829515300074
0829515307172
0829696001265
0829835931002
0836093011025
0840266300007
0840290700132
0840379101409
0842234002333
0843076000228
0846548060003
0846548070200
0846548071672
0850000429611
0850002856149
0850003994284
0850004694831
0850006883004
0850012117162
0850014634407
0850017142466
0850021905880
0850024735606
0850027702186
0850029324522
0850031719286
0850031719972
0850043711407
0850043711605
0850045947965
0850047220387
0850052997731
0850064303155
0850064476040
0850064950397
0850196003336
0850251004438
0850251004650
0850687110512
0851035003319
0851035003326
0851087000250
0851093004044
0851724008243
0851856008012
0851856008043
0852629004897
0853240003009
0853311003624
0853584002324
0853923002107
0855088005337
0855140002151
0855232007415
0855571005172
0856088003170
0856461008945
0856584004862
0856624004364
0856823004974
0857183005021
0857308005820
0857335004995
0857484006475
0857777004201
0857965007427
0858030008424
0858102004026
0858176002270
0858906004802
0859982007039
0860003034101
0860006036218
0860439001029
0860439001067
0865336000014
0876063007160
0877448009250
0879890002667
0884623486195
0884912003416
0884912249265
0884912320490
0884912377500
0884912379276
0888849001224
0888849005956
0888849009954
0888849015399
0889392000863
0893594002051
0897922002829
0898248001114
0898328002284
0899055000451
0009542438685
0010700021526
0010878850577
0011110006196
0011110016492
0011110016522
0011110119438
0011110134165
0011110141149
0011110141163
0011110450456
0011110739322
0011110878700
0011110886576
0011110890849
0011110913425
0011115001950
0011152010908
0011210000155
0011384232024
0012000041709
0013000307444
0013120008009
0013300761502
0013409517420
0013562400416
0013562494019
0013562496587
0013800103215
0013800156501
0013800166951
0013971021011
0014100052968
0014100071198
0014100074649
0014100077602
0014100079521
0014100085621
0014100085973
0014100096016
0014100096559
0014113700368
0014113910132
0014113912037
0014800006292
0014800316650
0014800582239
0014800582260
0014800582284
0014900022703
0015300430242
0016000125421
0016000141551
0016000141599
0016000157651
0016000163447
0016000169159
0016000169692
0016000171084
0016000171558
0016000186217
0016000207011
0016000230682
0016000413146
0016000431010
0016000441071
0016000458307
0016000466791
0016000487932
0016571959203
0017077074322
0017077108324
0017077128322
0017324000555
0017400100780
0017400140311
0019000083425
0020662006011
0020662006189
0020685003202
0021000026883
0021000046935
0021000055531
0021000123827
0021000300471
0021000604647
0021000611447
0021000611461
0021000612185
0021273100129
0021500222013
0021908115962
0021908122847
0021908131993
0021908136738
0022506541009
0023278501017
0023700016270
0023700060211
0024000014409
0024182002515
0024300031076
0025000051753
0025000120565
0025000120589
0025000136634
0025293001190
0025317006972
0025317775328
0026825000117
0026825090187
0027000489178
0027000500064
0027000607169
0027000623244
0027271115288
0027400800245
0028000033279
0028000774578
0028029194456
0028029268188
0028300004337
0028400043939
0028400046060
0028400047456
0028400055154
0028400069298
0028400070942
0028400071031
0028400355605
0028400421393
0028400518000
0028400564649
0028400589284
0028400662598
0028400670531
0028400730679
0028400737012
0028400753616
0028400764070
0028400768917
0028989100641
0028989101020
0029000027916
0029000079069
0029200002133
0030000030509
0030000060834
0030000261903
0030000262917
0030000311820
0030000433812
0030000562529
0030000566435
0030000570418
0030000570647
0030000573228
0030000650400
0030000650707
0030100103097
0030100182016
0030223041092
0030871000021
0031142004809
0031142005257
0031142358995
0031142359022
0031146014408
0031290143252
0031604003333
0033200011309
0033383600024
0033776011536
0033844005108
0033900075335
0034000146802
0034000938391
0034325061224
0034361011993
0036200014011
0036200219331
0036200430446
0036593110178
0036593110192
0036632008374
0036632020178
0036632026354
0036632032485
0036632039019
0036632040572
0036632040602
0036632042668
0036632072672
0036632074614
0037000978480
0037100036622
0037466083230
0037600132824
0037600246095
0037600398855
0037600435611
0037600672009
0038000016219
0038000143694
0038000146367
0038000169687
0038000367007
0038000402609
0038000845253
0038000916106
0038000924224
0038900009632
0039000018937
0039047010208
0039047017962
0039217051468
0039400015949
0039400017349
0039400229902
0039677377306
0039677873150
0039978004734
0039978004789
0039978004796
0039978006554
0039978019462
0039978026620
0039978044532
0040000533191
0040000596998
0040600221993
0040600507608
0041129077627
0041129077900
0041143029053
0041192100338
0041192102554
0041192103759
0041192106736
0041196404821
0041196740745
0041271027730
0041321005657
0041331021630
0041331049436
0041335000686
0041335332923
0041335363811
0041390014550
0041390030703
0041420016233
0041500000527
0041500000992
0041500745107
0041508152525
0041508796484
0041570109083
0041570110638
0041570145104
0041736080010
0041757025755
0041760091167
0041780271761
0041789001437
0041789002519
0041790004601
0041800227006
0042222870009
0042272000517
0042272000807
0042272003525
0042272003532
0042272005109
0042272008339
0042400017912
0042421161595
0043000009536
0043000205525
0043000208120
0043192105009
0043454101046
0044000004897
0044000020255
0044000030490
0044000032234
0044000040604
0044000044725
0044000051044
0044000055509
0044000057251
0044000060794
0044000075323
0044000080624
0044000081072
0044100157660
0044300121713
0044500341720
0044500966466
0044500976489
0044500976519
0044700075050
0044738072311
0044800770015
0046100002216
0046100007150
0047495400700
0047495710656
0048001353848
0048001354494
0048001711273
0048121253219
0048564060023
0048564072057
0049000025422
0049000050158
0049000067330
0049000553604
0050000207084
0050000251179
0050000356034
0050000497256
0050561846326
0051000008039
0051000023797
0051000129109
0051000188069
0051000195326
0051500000212
0051500006832
0051500012284
0051500042311
0051500069615
0051500755808
0051500825631
0052000001693
0052000011722
0052000043549
0052000135138
0052000135152
0052000707793
0052548613136
0052603056120
0053600164344
0053900000328
0054100000606
0054100018304
0054800425648
0055653600084
0055653688105
0056800965520
0057836020641
0058449450030
0058449770084
0058449779001
0058449779032
0058449860020
0059800000116
0064144641505
0066721026279
0067311193548
0067312005123
0069000019832
0069588690867
0070074668987
0070200010659
0070234004150
0070234004501
0070277290008
0070404000104
0070462035964
0070462036008
0070470217918
0070847896180
0070920474915
0070960000112
0070970475313
0071007404498
0071012051021
0071018010176
0071018010190
0071072013038
0071100005776
0071117617191
0071146002463
0071146007956
0071146009035
0071146009042
0071314001854
0071464022846
0071464240400
0071464260408
0071479000150
0071537001358
0072250003988
0072250017398
0072250916547
0072600069121
0072655001053
0072655001084
0072655001251
0072655001275
0072655002531
0072655409323
0072799008611
0072830011044
0072830011341
0072830030090
0072945612921
0072945612976
0072999443038
0073007869994
0073040062154
0073124018107
0073130025021
0073170327000
0073214001620
0073410003435
0073410025406
0073410955536
0073410957479
0073410957790
0073416305120
0073420531225
0073420531249
0073435002307
0073472003701
0073575273278
0074030101952
0074323090901
0074562001003
0074603005892
0075185000015
0075720431151
0076410906102
0076808003895
0076840100156
0076840100583
0077013615606
0077034011494
0077083407217
0077567283238
0077900115530
0077900502415
0077958790918
0077975096482
0078000035308
0078264207046
0078355580003
0078742006239
0078742020433
0078742028699
0078742035505
0078742036397
0078742044149
0078742049939
0078742053509
0078742059716
0078742064604
0078742065304
0078742091952
0078742133041
0078742141213
0078742148878
0078742178271
0078742180854
0078742209982
0078742213309
0078742229423
0078742230511
0078742232331
0078742237367
0078742283357
0078742292298
0078742307138
0078742357157
0078742369686
0078742434087
0078895700022
0079694221121
0079809001624
0079893111179
0079893111186
0079900001691
0080000495259
0080000495266
0080000502391
0080000519726
0080868060194
0081864000696
0082011570727
0082592727640
0082666711001
0082666722007
0083900005979
0084114901927
0084213000743
0084213000781
0084380958243
0086600009254
0087427444341
0088194340614
0088702176858
0089036782005
0089094022457
0089094025090
0092227811101
0093966008326
0093966452709
0094922553584
0096619005482
0096619034352
0096619060221
0096619085651
0096619140480
0096619183289
0096619207640
0096619256976
0096619329625
0096619356133
0096619384884
0096619384969
0096619411313
0096619599417
0096619605798
0096619698332
0096619797837
0096619880409
0096619929580
0096619955596
0096619987788
0096619999699
0098100101031
0098308002055
0099482428938
0099482434144
0099482436520
0099482450267
0099482465773
0099482476472
0099482479657
0099482479794
0099482482237
0099482486488
0183838000074
0186852000365
0190646632007
0190912100056
0191011000605
0191907992809
0193908007384
0193968321338
0193968383039
0194346135509
0194346157228
0194346193981
0194346197620
0194346207732
0196633951632
0600699003285
0602652200045
0602652205002
0602652251016
0602652257247
0602652279492
0602652670527
0605388187178
0605388187888
0606541803027
0616112031001
0616112032008
0627907061615
0628693634052
0628693634083
0632432737775
0632565000036
0638031612178
0643843714651
0643843803225
0657622011848
0658010122368
0658010124591
0658556142455
0659000749008
0660726534212
0669809200204
0675625359064
0686207009116
0686207009123
0687456221021
0687456283159
0687456284378
0688267159312
0689544083092
0689544083306
0689544083405
0697658203015
0705016357208
0705118401298
0705599014185
0705599016219
0705599016462
0705599018435
0708163118371
0708163124198
0708163260940
0708953601038
0711381033159
0711464015812
0711747012248
0716270001554
0718604146528
0722252500038
0722776200025
0723246283494
0727888101147
0737539196019
0737628003006
0737628011605
0742365208850
0742365264252
0742392701546
0744473000128
0744473000135
0744473472116
0747479001175
0747479001502
0747479300056
0747479300209
0747599406102
0747599618277
0748404420184
0748927069846
0749826001982
0749826138855
0751217123463
0755355005155
0755795701006
0755795758055
0756963170211
0764014106539
0764014293529
0767707001180
0773948201005
0777744000107
0777744000138
0781138715157
0786162001511
0786162003515
0786162003553
0787692835416
0787692838349
0810003512604
0810028295988
0810030510024
0810063710293
0810063711054
0810091780213
0810128520065
0810174040272
0810571032061
0810589031940
0810757010371
0810757012306
0810815021035
0810934030239
0811669020243
0812130020533
0812130020564
0812475012293
0813002020330
0813121024387
0813305013770
0813305017273
0813636020454
0813694023428
0815055010979
0815074020591
0815074021314
0815421011234
0815677022060
0816512012512
0816925021989
0817670010501
0817719021079
0817946020067
0817946020548
0818290015068
0818290016997
0818290018519
0818290018687
0818290019080
0818849020062
0824295137636
0828686006907
0829262000333
0829262002177
0829462001208
0829515302108
0829696000541
0840202208107
0840202270272
0840266324584
0840290700149
0840379101423
0840442200244
0842096102226
0843076003793
0844911008782
0847644009170
0850000429598
0850003994147
0850004207048
0850004207093
0850004694336
0850004694824
0850005324096
0850006616688
0850011288252
0850011381540
0850011911235
0850015093111
0850017468177
0850020705832
0850023073020
0850024267954
0850026494310
0850027880266
0850027880341
0850027959924
0850031719859
0850031990098
0850031990173
0850031990517
0850034199221
0850036168058
0850039286810
0850045238001
0850047220011
0850047220028
0850047220059
0850047451231
0850047659118
0850180006046
0850221001344
0850251004087
0850251004209
0851093004198
0851387007416
0851481006414
0851562007125
0851769007096
0851770008648
0851856008333
0851861006119
0851921006547
0851921006622
0852160006817
0852614006486
0852629004774
0853016002663
0853471004134
0853522000009
0853555006412
0853584002003
0853665005107
0853923002206
0853923002404
0854021008084
0854021008381
0854074006198
0855140002991
0855218008023
0855232007392
0855378004163
0855463005198
0855616007109
0855712008116
0855868004000
0856461008679
0856461008815
0856481003890
0856579002071
0856624004081
0856716008157
0856802008849
0857197008643
0857335004230
0857468006613
0857484006291
0858034006266
0858158005015
0858176002805
0858176002829
0858906004604
0858906004697
0859165002264
0859686004006
0859977005453
0860002992501
0860005141944
0860008272478
0860009193000
0860547000020
0863699000153
0863699000191
0868806000002
0869707000276
0871459003207
0875208000684
0877448001629
0877448003685
0881245103646
0883921178986
0884623105836
0884912129512
0884912249272
0887267000031
0887725000047
0887725000252
0887725000450
0888048000288
0888849003860
0889392001723
0891756000167
0894346001162
0894700010335
0896859000649
0898248001688
0898575001153
0898575001696
0898999030005
0009800000715
0009800001002
0009800892259
0010978200036
0011110010209
0011110032454
0011110049704
0011110084897
0011110085184
0011110086570
0011110094773
0011110105493
0011110121493
0011110135506
0011110144348
0011110194336
0011110194381
0011110445001
0011110502049
0011110834607
0011110850041
0011110854377
0011110912381
0011152225654
0011433061124
0011433135702
0011863109755
0012000031960
0012000107351
0012000130274
0012000171765
0012546011099
0013120000263
0013120012600
0013130006989
0013409343418
0013562000197
0013562109234
0013562300396
0013562300983
0013562495399
0013562499014
0013628608879
0013764001329
0013764001763
0013764028418
0013800047199
0013800174192
0013800188076
0013800447302
0014100045526
0014100046738
0014100053415
0014100054689
0014100055204
0014100055372
0014100056065
0014100071211
0014100079477
0014100087830
0014113701563
0014113910842
0014113910965
0014800210897
0015000045210
0015000045296
0015000070519
0015300439801
0015665601042
0015839008219
0016000103719
0016000115941
0016000126855
0016000144811
0016000156432
0016000157644
0016000160712
0016000171091
0016000189102
0016000196100
0016000197268
0016000214545
0016000222083
0016000229976
0016000277069
0016000425316
0016000427242
0016000486652
0017077103084
0017077108089
0017082009562
0017082009579
0017082876355
0017400118457
0018200003325
0018627112075
0018627115151
0018627116134
0018627116219
0020100000465
0020200000013
0020662001993
0020685002892
0020685003110
0020685003165
0020685123757
0021000024834
0021000047208
0021000054404
0021000054473
0021000064991
0021000633609
0021000644254
0021000646166
0021130281121
0021136010374
0021136181678
0021511362142
0021908115467
0021908122816
0021908133140
0021908133188
0021908509242
0022655303015
0023278101088
0023700051837
0023700060235
0023896577005
0023896800219
0023923532953
0024000003649
0024000013150
0024000162896
0024094070930
0024100440771
0024100594412
0024126008221
0024126017414
0024126018381
0024182000849
0024300033025
0024300041068
0024300735271
0024600011983
0025000040849
0025317118002
0025484008151
0026200117003
0026825000063
0026825000193
0026825091009
0027000378151
0027000390078
0027000419007
0027000419045
0027000623176
0027086798058
0027331032012
0027400694028
0027800065701
0027800066432
0028000453879
0028300004115
0028300004252
0028400000666
0028400001342
0028400040068
0028400043793
0028400053648
0028400079587
0028400171816
0028400310468
0028400314077
0028400357449
0028400697354
0028400700016
0028400700085
0028400705684
0028400705721
0028400743884
0028400750325
0028435600459
0028435600510
0028989975003
0029000008229
0029000017955
0029000296732
0029000296756
0030000169315
0030000169803
0030000315040
0030000315828
0030000319574
0030000320631
0030000432853
0030000573211
0030000573235
0030000573280
0030000576717
0030000656204
0030100125181
0030100322924
0030771026411
0031142000368
0031142000887
0031146053414
0031146156917
0031200220073
0031535595617
0032134232248
0032601901400
0033776445560
0033900200676
0034000443505
0034000531042
0034500151849
0034500151924
0034800600955
0034856108184
0035305000226
0036200000502
0036602079175
0036632024213
0036632024251
0036632028341
0036632028518
0036632037428
0036632039057
0036632039224
0036632040558
0036632042644
0036632072689
0037014000498
0037578800800
0037600105538
0037600230933
0037600762007
0038000001109
0038000007316
0038000116308
0038000184949
0038000199240
0038000200663
0038000219634
0038000222771
0038000231452
0038000248733
0038000281907
0038000402906
0038000403200
0038000635700
0038000991400
0038622621174
0038622624472
0038900029708
0039000010214
0039000081047
0039047002111
0039047010215
0039059729846
0039217118055
0039400016731
0039400017080
0039400018780
0039677377108
0039978018151
0039978034533
0039978039187
0039978113320
0039978114624
0039978118806
0039978121509
0039978533005
0040000002239
0040000004356
0040000388876
0040000497547
0040000579779
0040000579830
0040100007219
0040232665103
0040600721394
0040822345743
0041000003011
0041000022869
0041129077023
0041129077641
0041129274637
0041143124604
0041192102417
0041192103285
0041192103360
0041192103605
0041196133080
0041196914030
0041196914184
0041196915051
0041220912599
0041271017885
0041271019933
0041321006487
0041331124065
0041331124379
0041331125567
0041331126625
0041335001294
0041335001683
0041335363828
0041387406467
0041390011108
0041415091054
0041415577640
0041419420058
0041419420065
0041449001753
0041449001869
0041449300139
0041449403366
0041500805054
0041508992688
0041548610047
0041548792453
0041565000197
0041565141166
0041570015902
0041570057704
0041570099759
0041570130193
0041570147757
0041716150078
0041716840887
0041757026066
0041789001154
0041789001253
0041800501519
0041800715008
0042222130202
0042272000814
0042272001637
0042272001767
0042272002696
0042272005086
0042272005871
0042400001041
0042800114006
0043000010846
0043000285558
0043000945025
0043192109304
0043192316900
0044000002114
0044000008789
0044000017774
0044000028268
0044000031190
0044000031336
0044000032210
0044000037451
0044000043285
0044000051051
0044000055837
0044000060138
0044000060640
0044000069186
0044000069209
0044000071677
0044000077082
0044000081423
0044100157653
0044100190889
0044115403158
0044400154505
0044700030509
0044738018531
0044946082157
0046000135816
0046000820118
0046900001082
0047200152665
0047495805079
0048000007094
0048000132659
0048121135454
0048500205815
0048500205877
0048500205983
0048500206034
0048564060009
0048564071012
0049000024708
0049000045840
0049000050110
0049000058499
0049508001508
0049508006107
0049508006121
0049508251583
0049508252894
0049568060163
0049578151813
0049733123228
0049733800112
0050000322909
0050000331048
0050255224003
0051000027962
0051000058874
0051000128041
0051000129116
0051000211651
0051000222121
0051000247797
0051000250315
0051500040010
0051500048160
0051500050293
0051500057117
0051500068236
0051500700167
0051500710302
0051500751367
0051943053868
0052000011227
0052000043143
0052000054897
0052000208054
0052000707779
0052100034911
0052100155302
0052159000813
0052159701161
0052500050061
0054800423330
0054800423361
0054800423446
0054800423507
0055653640806
0055991079023
0057802109004
0057836000438
0058449771531
0058449771852
0059290573732
0059290575927
0061148179195
0061362434865
0064042006772
0064684130163
0065400001019
0065684134892
0070074407074
0070074671673
0070200857162
0070221004002
0070272480114
0070404004355
0070462001051
0070470003030
0070470184951
0070470224466
0070470496542
0070640021543
0070641000097
0070662010174
0070800041251
0070844705577
0070847029014
0070847812715
0070970475337
0071010126714
0071012041107
0071012075089
0071026005201
0071040605098
0071146002487
0071146002593
0071146008250
0071279302027
0071301047179
0071429013063
0071464016272
0071464022792
0071464270605
0071464280406
0071524102945
0071537001426
0071628446792
0071728071207
0071730007164
0071818750005
0071921008291
0071923722737
0071923761507
0072180637161
0072180734297
0072220110807
0072220111002
0072250005395
0072250008129
0072250013031
0072251020069
0072368510972
0072655001015
0072655009097
0072655032194
0072655409156
0072655454415
0072655454422
0072655555556
0072745063695
0072745804236
0072745804717
0072830004015
0072830030137
0072830081085
0072878785297
0072979004143
0072999255037
0073124005572
0073130000677
0073130002787
0073130028558
0073132031280
0073141150057
0073214001606
0073230008337
0073410032053
0073410957028
0073416000483
0073416533400
0073435002017
0073472001172
0073472001417
0073472003695
0073541305804
0073570130002
0073731002483
0073731071588
0074030103000
0074117051019
0074305006104
0074329123382
0074570610075
0074683003108
0074683005904
0074880004014
0074880030068
0074956180574
0075706151011
0075810024256
0075900005349
0076150232097
0076183003145
0076397105116
0076808003901
0076808006254
0076808517989
0076808533552
0077013615644
0077034089226
0077782002768
0077890648445
0077900192579
0077900194160
0077900196317
0077958690911
0077975022757
0077975082126
0077975092712
0077975095126
0077975095133
0078000037708
0078000082463
0078314216004
0078742008318
0078742024622
0078742030920
0078742051727
0078742052328
0078742076409
0078742091167
0078742091976
0078742110394
0078742118178
0078742121956
0078742127422
0078742131580
0078742136424
0078742140735
0078742147970
0078742181554
0078742196190
0078742202976
0078742232959
0078742233130
0078742236957
0078742241654
0078742249711
0078742297255
0078742346458
0078742352015
0078742372051
0078742372358
0078742373393
0078742374253
0078742430195
0078742430287
0078895128789
0078895159400
0078895741025
0078895770018
0079200055233
0079200060688
0079694281200
0079893390307
0080000513083
0080000516466
0084114902030
0084114902047
0084253240413
0084685381715
0085239113622
0085239312605
0085696608051
0085839071483
0086341608167
0086600240619
0087684000991
0087703023611
0088194340027
0088702009521
0088702016758
0089036442800
0089094022532
0089686140743
0091636000021
0091752001001
0092227987240
0093709304104
0093966002270
0093966211016
0093966510522
0096619000012
0096619032464
0096619065905
0096619112098
0096619140466
0096619173969
0096619221073
0096619277810
0096619353873
0096619407064
0096619700004
0096619829453
0096619872619
0096619873296
0097339000047
0097923000101
0097923001450
0097923543301
0098000100882
0098308227717
0099482446789
0099482447533
0099482447557
0099482449605
0099482452704
0099482455705
0099482460747
0099482473556
0099482473877
0099482473976
0099482479701
0099482535117
0190646631512
0192484000017
0193908005045
0193968155216
0193968296681
0193968352080
0193968479534
0194346050130
0194346174898
0194346191598
0194346196487
0194346218462
0196370002178
0196633850614
0196633850621
0196633909633
0196633951779
0602652170683
0602652199776
0602652429583
0602652670589
0602652670596
0604565083814
0605388187161
0605870000114
0606541601272
0606541933786
0611269003123
0611269113570
0616112031957
0621588316804
0621588318044
0627735222363
0629307122545
0631656717808
0632432757773
0633148101584
0637480000666
0637480021531
0637480061070
0643843801962
0644225730238
0646670534966
0648960015018
0648960203552
0652878008635
0657082060752
0657082060912
0658480001958
0658564803980
0667803000059
0669809222206
0673513021505
0675625358067
0678523040065
0679844103552
0681131138475
0681131138482
0686207009154
0687456213743
0687456922065
0687456922072
0690819399169
0691535525016
0697068520276
0697658201219
0698639080038
0698997809166
0704863028132
0705016353439
0705016354207
0705016358205
0705599011498
0705599013119
0705599013430
0707415014010
0708163121920
0708163261060
0715756200115
0716270001547
0722252068743
0722252102607
0722252103307
0722252192035
0722252601421
0722252601452
0722430750163
0733739021724
0737539190499
0737628001002
0737628011506
0739455111138
0742365232954
0742365264474
0742812730712
0744473000340
0745329000019
0747479000154
0747479001151
0747479001168
0747479100069
0747599410024
0747599611759
0747599640124
0748927026382
0748927057058
0751666773653
0751675121223
0753214742661
0753656712024
0753656718392
0755355008309
0755795700078
0757528005276
0757528046682
0757645021401
0759283673219
0760295004212
0761635203609
0763946225073
0764014458058
0768183001046
0782733000013
0784830000804
0785614360763
0786162003508
0786162004987
0786162070005
0787359556180
0788434104821
0807176712733
0810005130042
0810021671512
0810028298941
0810035970557
0810035971332
0810035971622
0810063710392
0810063710590
0810076290928
0810090750088
0810090750101
0810091780220
0810091780428
0810091780602
0810091781586
0810104461702
0810116125463
0810122080145
0810153930136
0810165011953
0810264027114
0810589031735
0810589031872
0810589032244
0810607025302
0810815022261
0811130034359
0811657030025
0811660020457
0811670030040
0812049005102
0813047020203
0813121024271
0813267020076
0813267020199
0813636020638
0813636023844
0813636023912
0813694026399
0815863020481
0815909020307
0815909021564
0816012011121
0816493010019
0816697020494
0816854020022
0816925020661
0816925022016
0817885000021
0818290010476
0818290011497
0818290011756
0818290012593
0818290012821
0818290015075
0818290015082
0818290015235
0818290015488
0818290018328
0818290019790
0818780011471
0819019020707
0819562021855
0819898010134
0829262004744
0829262005628
0829696000718
0829793016919
0834183000997
0836093011070
0836093011353
0840224600743
0840229303816
0840344600029
0842096100314
0842096152221
0842234000520
0842515010125
0842595106596
0842595121759
0842605111459
0849429003335
0850000429086
0850000429345
0850000429628
0850001974561
0850003994819
0850004207789
0850004554159
0850004694145
0850008237317
0850009273352
0850010272092
0850011381335
0850011737033
0850015892424
0850015892677
0850017142039
0850017468085
0850017819306
0850017973275
0850026212716
0850027702247
0850027959481
0850029583066
0850029742234
0850036168478
0850036606024
0850036606031
0850036606048
0850036699828
0850039286285
0850042128466
0850042641002
0850043074304
0850043711612
0850044112098
0850044112906
0850049100212
0850053624148
0850053830259
0850059884140
0850064303179
0850067366010
0850180006022
0850180006206
0850416002231
0850416002255
0850416002279
0850416002293
0851035003524
0851035003562
0851087000021
0851093004419
0851100003374
0851139005325
0851139005509
0851508002290
0851508002313
0851554006068
0851554006228
0851702007565
0851724008250
0851769007119
0851769007676
0851861006096
0851899005108
0851921006714
0852700300375
0852761007008
0852933008031
0853004004020
0853004004952
0853016002410
0853016002717
0853152100414
0853330007313
0853479006772
0853479006895
0853584002010
0853883006566
0853883006603
0853986008092
0854092006156
0854137000316
0854147008944
0854401004088
0854934007204
0854934007488
0855140002984
0855188003974
0855218008740
0855232007330
0855232007408
0855258006225
0855352008064
0855469006670
0855596007007
0856069005230
0856369004926
0856416000017
0856416000178
0856481003593
0856481003807
0856711007155
0856769006131
0856769006346
0856802008818
0856823004752
0857183005137
0857197008636
0857468006927
0857524002061
0857549004811
0857900005167
0858010005603
0858176002058
0858176002300
0858176002317
0858176002324
0858313006208
0858369006221
0858438003144
0858847000840
0858847000871
0858996005079
0859146006168
0859165002325
0859480006077
0859661006001
0859686004013
0860001517514
0860001627237
0860003034149
0860004373117
0860004574613
0860011207108
0860012502516
0861555000125
0862871000325
0863737000121
0865269000488
0876063003100
0876681007474
0877971005286
0883921178474
0884912320445
0884912377470
0886518000981
0888109150044
0888849000418
0888849005406
0888849005994
0888849011063
0888849011582
0888849013555
0889392001396
0889392001549
0889392001761
0889392001785
0890000001080
0890444000090
0894455000186
0894455000254
0894455000490
0895059000619
0897581000365
0897922002683
0898248001718
0898999010380
0899055001243
1210002013000
0008577000331
0009300006507
0009542034467
0009800007615
0009800125111
0009800512041
0010300333241
0011110024671
0011110024695
0011110024718
0011110092670
0011110094315
0011110101860
0011110114921
0011110119599
0011110121158
0011110122094
0011110122124
0011110135537
0011110136008
0011110144041
0011110153661
0011110447005
0011110501745
0011110501950
0011110586049
0011110714190
0011110719072
0011110797704
0011110799036
0011110853271
0011110858535
0011115002056
0011140798009
0011384232017
0011384232215
0012000021367
0012000130311
0012000171321
0012000173196
0012000221545
0012546011440
0012546011495
0013000008143
0013120000829
0013120012617
0013300204412
0013300280676
0013409451335
0013409517550
0013562127658
0013562127665
0013562133727
0013562134144
0013562221028
0013562248971
0013562302154
0013764027206
0013800103406
0013800166357
0013800166869
0013800930521
0013971005646
0014100054016
0014100071204
0014100074816
0014100078845
0014100082774
0014100085539
0014100085614
0014100095279
0014113700382
0014113701044
0014113910859
0014500007179
0014500019950
0014800001051
0014800318203
0014800513240
0015100000072
0015300014060
0015300014985
0015300200012
0015300430280
0015665520800
0015900002115
0015900134014
0016000104105
0016000120259
0016000121836
0016000141568
0016000149434
0016000151284
0016000166196
0016000169395
0016000169630
0016000185166
0016000185173
0016000188914
0016000188938
0016000200050
0016000220980
0016000233188
0016000277465
0016000277939
0016000306509
0016000343849
0016000401051
0016000408036
0016000412699
0016000420601
0016000420809
0016000440302
0016000457010
0016000495364
0016000508873
0016000714328
0016229917593
0016300168227
0016571959265
0017077201162
0017082000392
0017082016355
0017082470843
0017082876331
0017082883896
0017400109325
0017400118051
0017400118204
0017400140021
0017400140380
0017400140403
0017400140809
0017400224264
0018000137039
0018537247577
0018537727994
0018627113799
0018627115199
0018627703488
0018627703655
0019016009488
0019320015441
0019722155752
0020000101651
0020662006004
0020685003189
0020685003684
0021000013289
0021000026319
0021000042685
0021000060689
0021000062720
0021000067510
0021000084555
0021000122851
0021000300532
0021000616886
0021000641994
0021000643530
0021000643615
0021000653713
0021000654925
0021130079285
0021130328307
0021130328314
0021130492022
0021131504755
0021136181371
0021511453833
0021724601502
0021788506140
0021908112695
0021908129419
0021908455532
0022506421752
0023249010180
0023700014108
0023700016256
0023700060242
0024000010418
0024000163053
0024000507857
0024094070343
0024100120901
0024100514458
0024126017162
0024126018268
0024300043017
0024300043208
0024842112110
0025000030680
0025000040887
0025000047664
0025000047725
0025000061516
0025000136429
0025000136719
0025293002791
0025293002807
0025293003750
0025293003972
0025293600904
0025317005920
0025317122009
0025317128612
0025317886963
0025484007031
0025484007666
0025583668744
0025600002278
0025800023769
0026200467726
0026400417576
0026825000124
0026825090057
0027000009338
0027000378007
0027000378014
0027000378311
0027000379097
0027000381441
0027000388075
0027000419038
0027000419199
0027000419298
0028000216283
0028000245009
0028000394257
0028000823177
0028000986124
0028190002444
0028190007395
0028400000222
0028400002912
0028400013567
0028400018432
0028400040150
0028400047937
0028400055093
0028400071895
0028400079570
0028400199988
0028400356787
0028400357753
0028400516655
0028400516853
0028400689656
0028400700122
0028400720984
0028400721448
0028400741309
0028400751452
0028400769075
0028400769136
0028400769181
0028400769228
0028400769266
0028400769655
0028400770606
0028400771245
0028989100801
0028989101044
0028989101105
0028989102515
0029000010024
0029000016156
0029000018686
0029000019386
0029000021112
0029700001452
0029700131418
0030000169186
0030000169216
0030000311752
0030000317938
0030000319550
0030000441176
0030000563984
0030000567340
0030000571859
0030000576106
0030000577042
0030000578544
0030100124436
0030100215981
0030223041566
0030223060994
0030300015169
0030771026459
0031000101015
0031142001839
0031142006612
0031146033492
0031146056262
0031200210074
0031200294500
0031602000129
0031604030339
0031689401055
0032134235010
0032134239186
0033383570051
0033617000491
0033844003265
0033844003999
0033844005252
0033900074093
0034000174140
0034000177141
0034000460601
0034000482061
0034000946532
0034500151641
0034742009816
0035032175815
0035305245825
0035342810048
0035457770015
0035457770718
0036192122152
0036200223024
0036200430972
0036200431573
0036632002518
0036632002600
0036632026002
0036632026200
0036632032683
0036632034731
0036632035769
0036632037640
0036632039088
0036632040565
0036632042699
0036632073846
0036669064855
0036800037731
0036800107519
0037000740841
0037100033188
0037296013179
0037296203235
0037466014005
0037466019581
0037578800794
0037600105088
0037600105484
0037600105576
0037600106139
0037600106863
0037600110877
0037600153041
0037600169004
0037600241939
0037600807449
0038000126710
0038000138720
0038000138973
0038000143632
0038000167737
0038000171208
0038000181771
0038000214141
0038000219740
0038000272264
0038000276453
0038000311314
0038000350559
0038000356001
0038000356483
0038000391187
0038000391200
0038000404405
0038000490668
0038000991608
0038024300264
0038274516118
0038900014087
0038900042714
0038900773984
0039217119168
0039400015048
0039400016113
0039400016922
0039400019107
0039400019701
0039400036111
0039677072133
0039978001849
0039978004833
0039978006202
0039978008046
0039978013736
0039978013859
0039978013880
0039978019554
0039978023803
0039978026644
0039978029539
0039978059024
0039978114358
0040000002635
0040000058519
0040000459842
0040000497523
0040000550846
0040000551133
0040000580966
0040600224253
0041000022531
0041000022548
0041000022623
0041000022739
0041129000052
0041129424605
0041143028766
0041192102011
0041192102158
0041192102257
0041192103674
0041192103797
0041196010008
0041196133059
0041196136333
0041196911138
0041196915020
0041220189250
0041220659814
0041220973958
0041271022759
0041303018620
0041303054444
0041321006050
0041321009754
0041331020671
0041331026208
0041331124461
0041335001775
0041335334255
0041335363804
0041351918484
0041383090424
0041387331264
0041387530506
0041390010309
0041390010408
0041390050060
0041415216334
0041415234055
0041415338630
0041415575646
0041443102111
0041449471792
0041449474472
0041460398887
0041500810713
0041508199483
0041508803052
0041548000053
0041548001869
0041548517186
0041548750958
0041565141241
0041570029701
0041570110225
0041570110645
0041570130568
0041570149249
0041712944909
0041716841556
0041757025335
0041757025359
0041757025717
0041780000019
0041780002266
0041780002617
0041789002144
0041789002311
0041789006210
0041790600339
0041800401277
0042272000203
0042272000302
0042272000548
0042272000579
0042272001019
0042272001682
0042272005031
0042272005055
0042272005123
0042272005307
0042272030040
0042400201939
0042421005950
0042421162608
0042563009113
0042743123295
0043000000366
0043000204719
0043000205556
0043000205563
0043000951170
0043182002080
0043354007257
0043454100803
0043832000886
0044000002930
0044000005979
0044000006778
0044000006808
0044000007133
0044000013806
0044000015923
0044000026813
0044000030377
0044000034221
0044000034450
0044000036096
0044000042257
0044000046484
0044000056421
0044000060244
0044000072988
0044000075842
0044000077136
0044000077617
0044000080679
0044100190797
0044115110322
0044115128471
0044115403042
0044300110120
0044300120822
0044400156509
0044400157704
0044500201482
0044500329537
0044500339048
0044500341157
0044500976441
0044500984705
0044700000045
0044700007440
0044700008577
0044700030547
0044700030950
0044700031711
0044700032503
0044700075029
0044700092194
0044700103203
0044700361146
0044946190364
0046000130613
0046000273419
0046000273426
0046000811512
0046100001103
0046100002223
0046100007174
0046100357736
0046100400517
0046100400593
0046100400661
0047200154232
0047416029775
0047495400502
0047495800203
0048000003928
0048000014757
0048001017696
0048001204379
0048001265042
0048001711280
0048121900663
0048400000107
0048500001745
0048500018309
0048564000265
0048564221080
0049000007909
0049000047547
0049000047561
0049000072303
0049000072389
0049000079319
0049508250753
0049508252917
0049568220277
0049733950220
0050000160112
0050000302123
0050000650934
0050000774692
0050000895731
0050200008801
0050255019005
0050428101209
0051000005625
0051000027993
0051000069924
0051000093240
0051000142962
0051000222114
0051000232625
0051000233455
0051000273499
0051000278029
0051000278555
0051500006931
0051500006962
0051500025123
0051500040614
0051500211786
0051500255247
0051500825648
0051651092180
0051900016059
0051943052069
0052000047912
0052000051179
0052000052862
0052000063424
0052000122473
0052000129366
0052000129373
0052000135176
0052000324815
0052100030265
0052100030654
0052159000066
0052159703356
0052200034729
0052500050559
0052600112164
0053600102568
0054100018700
0054500193298
0054800423316
0055270956533
0055577105566
0055712025711
0055773000719
0055900006812
0055991041105
0056600004269
0057000330026
0057864000035
0058449211303
0058449550006
0058449771753
0059749572477
0060383054472
0060410061039
0060822003016
0063348004291
0064144043026
0064767343053
0065633205833
0066613175061
0067312005277
0069588612869
0070074580593
0070074641188
0070200010673
0070200513266
0070200790261
0070200857292
0070200864559
0070200870383
0070222028489
0070247178114
0070258025131
0070272232034
0070272232041
0070277105180
0070470003023
0070470003214
0070470003238
0070470004396
0070470006437
0070470006536
0070470164878
0070470165936
0070470217932
0070470218052
0070470218151
0070470290621
0070552602106
0070552602298
0070622751017
0070662026021
0070662030011
0070662087299
0070734053344
0070734523335
0070796400094
0070800041183
0070800822553
0070847811268
0070847812609
0070870002008
0070920476346
0070920476971
0070934996052
0070969001110
0070970473609
0070970475368
0071012060078
0071012060177
0071025617160
0071100006070
0071146002470
0071202007067
0071301047377
0071314102216
0071314105064
0071319000302
0071429012301
0071464018931
0071481023000
0071592007746
0071828011028
0072180634719
0072180638106
0072180761804
0072220005226
0072220010183
0072220101492
0072220111019
0072220111057
0072223000259
0072250021098
0072250023139
0072250043199
0072250916615
0072251001563
0072251003475
0072251003536
0072251020076
0072273387652
0072273393134
0072368424675
0072463000286
0072486010729
0072609741844
0072655001152
0072655032200
0072655401037
0072655454446
0072655454576
0072730315150
0072830000758
0072830005555
0072830011402
0072830030021
0072830081191
0072878275330
0072945601338
0072945601642
0072945611696
0072945613096
0072945715899
0072945766068
0073130007324
0073130025809
0073214006175
0073410025413
0073410138755
0073410163054
0073410955987
0073410957035
0073410957578
0073416000391
0073420041816
0073420530624
0073435000839
0073472001165
0073472001264
0073490125010
0073491201003
0073491202000
0073731002902
0073731067000
0073731070130
0073731071922
0073731101322
0073731170014
0073934153432
0074117009959
0074305020162
0074305100161
0074401714224
0074562005087
0074562401100
0074682107814
0074683005928
0074714085523
0074822300006
0074873970951
0074956283008
0075013285003
0075050006166
0075270001606
0075500000027
0075501962935
0075669350155
0075856061017
0076150232301
0076150232585
0076186000011
0076301000155
0076410901855
0076580004967
0076800006917
0076808011272
0076808280746
0076808515046
0076808533569
0076811042096
0076811873065
0076840000760
0076840001743
0076840101320
0076840101535
0076840580798
0077013615590
0077013615729
0077208000330
0077400127132
0077567254245
0077567254344
0077567281906
0077589401054
0077782021714
0077782029833
0077885892020
0077890343159
0077900311017
0077900471315
0077901007704
0077901421432
0077958690645
0078000035483
0078000052404
0078000113402
0078000148466
0078354712283
0078354716472
0078354722350
0078700016249
0078742005409
0078742012391
0078742013183
0078742017112
0078742020600
0078742024592
0078742034997
0078742035512
0078742037011
0078742040011
0078742041629
0078742052311
0078742053004
0078742053035
0078742053806
0078742054612
0078742054872
0078742062006
0078742065762
0078742072760
0078742082622
0078742086767
0078742095141
0078742100661
0078742110554
0078742114538
0078742122779
0078742123011
0078742125961
0078742126623
0078742127491
0078742128481
0078742154626
0078742157948
0078742158785
0078742159034
0078742194639
0078742201238
0078742209975
0078742209999
0078742230610
0078742231389
0078742232898
0078742241425
0078742267425
0078742276281
0078742283340
0078742294735
0078742294766
0078742294889
0078742352169
0078742353210
0078742353227
0078742367019
0078742369556
0078742370866
0078742371573
0078742372044
0078742374895
0078742434223
0078895142693
0078907450334
0079200049065
0079621000010
0079694282207
0079783406125
0079893116556
0079893116563
0079893124025
0079893600710
0080000515964
0081312600003
0081363208203
0081864221244
0082011102331
0082011570697
0082592011084
0082592631954
0083791150055
0083791520018
0084114033338
0084114123572
0084114902078
0084213006639
0084253271172
0085239011393
0085239032374
0085239038475
0085239045947
0085239053409
0085239056424
0085239078426
0085239110768
0085239111864
0085239113615
0085239114926
0085239276525
0085239276686
0085239284063
0085239310175
0085239970355
0085762020015
0086600007366
0086600240961
0087427429249
0087427442439
0088702015614
0088702504248
0089686170030
0089836157584
0089947302828
0091475850009
0092227741095
0092227753128
0093966000917
0093966002218
0093966005868
0096619008094
0096619020836
0096619023820
0096619056552
0096619067169
0096619084104
0096619102938
0096619130986
0096619142972
0096619189014
0096619227952
0096619267934
0096619301461
0096619367351
0096619372201
0096619389193
0096619427383
0096619510702
0096619528806
0096619533312
0096619770007
0096619881628
0096619979929
0096619979943
0098000100356
0098304100106
0099482412487
0099482421397
0099482434120
0099482434373
0099482435653
0099482439040
0099482446161
0099482447588
0099482448721
0099482449506
0099482450311
0099482450403
0099482452926
0099482453800
0099482473921
0099482479619
0099482479732
0099482485306
0099482489540
0099482489854
0099482498924
0099482521981
0099482527914
0099900100873
0180999001414
0181945000147
0190569123125
0190569123286
0193908005113
0193908005984
0193908006288
0193937000301
0193968113636
0193968284664
0193968475109
0193968900373
0194346117956
0194346122127
0194346135615
0194346157198
0194346157839
0194346188864
0194346193837
0194346197392
0194346288298
0194346371839
0195893170920
0196633836755
0196633836779
0196633860934
0196633877192
0196633980830
0600699001540
0602652170584
0602652204081
0602652276958
0602652289279
0602652296666
0602652429576
0602652431180
0602652433993
0602652651854
0602652670619
0604913004904
0605021000888
0605388187826
0611269623734
0612900413264
0613008728311
0613008756468
0616112031506
0616112184431
0627843577843
0628915242317
0631656716726
0633148166552
0634418523549
0635617000015
0637480025539
0637480061063
0638564873008
0640410511934
0640410512900
0643843671534
0643843714927
0643843715368
0643843717003
0644209290475
0644209307579
0644209427437
0644225727733
0646670310287
0646670516382
0648960000700
0652642000605
0655852006078
0657082060103
0657082060998
0660726503171
0661799970525
0664164101418
0665290001184
0673316036560
0673497008141
0675625360060
0675625372070
0679948100662
0681131075695
0681131221658
0687456215709
0687456218052
0687456225555
0687456914169
0687910004801
0689544081302
0689544081661
0689544082002
0691535207011
0696685200042
0697068520115
0698433001239
0705016353132
0705118500205
0705599011542
0705599013201
0705599013522
0705599015007
0705599015403
0705599019401
0705599019487
0708163261046
0715001100207
0715756100040
0722252068705
0722252069719
0722252128126
0722252128133
0722252191106
0722252194305
0722430200484
0725299123451
0734756000082
0734756000099
0734756000105
0736798001126
0737628010745
0738824814052
0742365007071
0742753368883
0743639000026
0743639000057
0744473000463
0744473477111
0747479001144
0747479300223
0747599306518
0747599308949
0747599404337
0747599408731
0747599413933
0747599414190
0747599624667
0747599700910
0748404471056
0748927026238
0748927028614
0748927060140
0748927069679
0751746032182
0751746033615
0755355003113
0755355008101
0755795700054
0756963170259
0760295004076
0764014000493
0764014107604
0767707014302
0767707014777
0767707014807
0770333024102
0774034510483
0781421004180
0782733000266
0782733000396
0782733012269
0782733020639
0782733020936
0784830100306
0785654161023
0785654161047
0786162003737
0786162040008
0786162411860
0786560152860
0786560159357
0788821001146
0789968000023
0791241500144
0791669620196
0793573238238
0793573682710
0793617000104
0795709085129
0802763081544
0804531111606
0807176711705
0810003512680
0810014675312
0810019601231
0810021672045
0810029770118
0810030510925
0810030511007
0810030518907
0810030519157
0810030720768
0810035971370
0810051807974
0810057290831
0810076290911
0810076291673
0810076770611
0810085812180
0810091780282
0810091780718
0810116123445
0810122080114
0810125970719
0810137460598
0810139572237
0810210030649
0810264023697
0810264023734
0810264024434
0810264027121
0810291001019
0810291001583
0810589030301
0810589031087
0810589031841
0810589032183
0810815021370
0810882011441
0810934030123
0810934030727
0811620021937
0811660020501
0811669020007
0811670032174
0812446030141
0812787001008
0813047020036
0814109021343
0814109021374
0814204020111
0814204020180
0814558020584
0814558021239
0815074022496
0815099021061
0815099021740
0815154020008
0815421011289
0815652002155
0815652002209
0815652002346
0815677022091
0815909020451
0815909020468
0816202021053
0816284020067
0816401027436
0816493010057
0816680010310
0817670012383
0817719022212
0818290011848
0818290012814
0818290012838
0818290012845
0818290017741
0818290019653
0818290019660
0818290019691
0818411001765
0819898010196
0819898010400
0826520902835
0826520902897
0829262000029
0829515321604
0829515322731
0829696000701
0834183007033
0834183007156
0838913000127
0840229306466
0840266324591
0840370900483
0840379101416
0840426100157
0840442200206
0840442200237
0842234002326
0842234002340
0842552000011
0842605119844
0849429002031
0849455000032
0850000223646
0850001974066
0850002887433
0850002949001
0850003113036
0850003113371
0850003994185
0850004281123
0850004694121
0850004694329
0850004694367
0850004694671
0850005324010
0850005324027
0850006883271
0850009273000
0850010613147
0850010613406
0850010613857
0850011288665
0850014335021
0850016318060
0850016813381
0850017315594
0850017468146
0850017468153
0850018711401
0850024267930
0850024735019
0850025807258
0850026969306
0850027959917
0850030464026
0850030464194
0850031990258
0850031990449
0850031990524
0850033324068
0850036825326
0850036825470
0850044667130
0850047220806
0850047659422
0850049384827
0850050515012
0850052630157
0850053423222
0850053830150
0850054108609
0850055550261
0850064303285
0850064476002
0850064930153
0850067740537
0850068174027
0850241008842
0850243008796
0850251004070
0850388872207
0850711006033
0850727004979
0850941006247
0851035003067
0851035003241
0851087000014
0851093004068
0851093004440
0851100003367
0851361005780
0851492002108
0851562007828
0851562008658
0851702007008
0851724008489
0851770003643
0851770007368
0851770008525
0851770009768
0851784007422
0851784007507
0852346005009
0852346005962
0852614006509
0852614006530
0853016002571
0853016002687
0853169002015
0853231007122
0853240003016
0853330007191
0853555006535
0853555006870
0853584002232
0853883006511
0853923002008
0853923002503
0854021008398
0854074006068
0854074006105
0854287005995
0854442007291
0854442007420
0854442007482
0854651003633
0854651003794
0854675005002
0854693000010
0854693000102
0854946007773
0855019000325
0855569110253
0855569211073
0855596007465
0855712008789
0855868002297
0855987003908
0856017003431
0856069005223
0856260006449
0856461008624
0856461008822
0856481003906
0856579002330
0856693008003
0856769006551
0856852007724
0856920005171
0856949004216
0857063002478
0857183005151
0857183005342
0857197008650
0857468006644
0857524002719
0857549004217
0857598001151
0857777004300
0857851005902
0857946006258
0857965007045
0857965007861
0858010005641
0858045004299
0858089003135
0858089003159
0858102004484
0858148003878
0858176002508
0858195003418
0858354001453
0858982002082
0859078002627
0859480006091
0859480006480
0859977005484
0859992004257
0860000815512
0860001697810
0860002152400
0860002152424
0860002614816
0860003223307
0860003331927
0860005141999
0860012335602
0860414000115
0860439001081
0860479001539
0860821000111
0861555000118
0865174000337
0866418000342
0866515000375
0869184000202
0869774000131
0872181000069
0872408000889
0873204000905
0874659000595
0874659001387
0876681004541
0877448003647
0879890003091
0884912105219
0884912320476
0884912359483
0884912377487
0888109150020
0888670165393
0888670173770
0888849000272
0888849000319
0888849000630
0888849003853
0888849003891
0888849004614
0888849008117
0889392001341
0889497503818
0890000001073
0890000001103
0891756000785
0891760002973
0893222000305
0893594002105
0895203001172
0896859000359
0898248001367
0898248001503
0898248001565
0898248001695
0898328002277
0899764001756
1000038475305
0008583100261
0009300000116
0009300000444
0009300004602
0009300006514
0009800010271
0009800125142
0009800200412
0009800800094
0009800800162
0009800820078
0010700702302
0010700804273
0011110025302
0011110032492
0011110036711
0011110083005
0011110083036
0011110092533
0011110095664
0011110096111
0011110098535
0011110100115
0011110107084
0011110115119
0011110119483
0011110120472
0011110128393
0011110132116
0011110135261
0011110137937
0011110138798
0011110141170
0011110143198
0011110144188
0011110357960
0011110447609
0011110501592
0011110580337
0011110636584
0011110704771
0011110784070
0011110791665
0011110807762
0011110810885
0011110813534
0011110839558
0011110844163
0011110856340
0011110860941
0011110862921
0011110892027
0011110893017
0011110893055
0011110897367
0011110898746
0011110901361
0011110903921
0011110990280
0011115000069
0011115156766
0011140002458
0011152032634
0011152216805
0011152851747
0012000012785
0012000034015
0012000163135
0012000190773
0012000210655
0012000214295
0012511600006
0012546615952
0012822009079
0013000798402
0013000799102
0013087101430
0013120002915
0013120012594
0013130060530
0013300009611
0013300204306
0013300547014
0013300553060
0013300605905
0013300760802
0013300795903
0013409515372
0013562001385
0013562001729
0013562002603
0013562117222
0013562134151
0013562137138
0013562300167
0013562300655
0013562472925
0013562472949
0013562474080
0013562610020
0013764001381
0013764027015
0013764027046
0013764028364
0013800100672
0013800144065
0013800171153
0013800174208
0013800188038
0013800558121
0014100048428
0014100050544
0014100052975
0014100053910
0014100055969
0014100070610
0014100070931
0014100070948
0014100071143
0014100071327
0014100071877
0014100074625
0014100093404
0014113910651
0014113913447
0014500007117
0014500021014
0014500021298
0014500021304
0014500021632
0014500031563
0014500031587
0014500185006
0014668350018
0014800000399
0014800516470
0014800582055
0014900012704
0015000005955
0015000047306
0015000047450
0015000070083
0015300200234
0015300430785
0015300440258
0015300440326
0015300440517
0015700050026
0015800062325
0015800064329
0015900190751
0016000102125
0016000115903
0016000139787
0016000146983
0016000152335
0016000163478
0016000163485
0016000180055
0016000186590
0016000196964
0016000214941
0016000215559
0016000215573
0016000220393
0016000224698
0016000225831
0016000227835
0016000275324
0016000289291
0016000295797
0016000334946
0016000430549
0016000445307
0016000466845
0016000477360
0016000503052
0016000507920
0016000508743
0016000509498
0016185019867
0016229902933
0016229914561
0016300168258
0016500558187
0016571911256
0017077101325
0017077126328
0017082010018
0017082014887
0017082600738
0017082874009
0017082877062
0017082877352
0017082890412
0017400100414
0017400102357
0017400105358
0017400106683
0017400222529
0017400224684
0017873705147
0017929745608
0018000817788
0018627113775
0018627116738
0018780010553
0018787505038
0018944002028
0020100000069
0020113001497
0020169222334
0020188060139
0020200070078
0020662000538
0020685084713
0020735161722
0021000002825
0021000008605
0021000009459
0021000023394
0021000026333
0021000026951
0021000046904
0021000055357
0021000060672
0021000064984
0021000080458
0021000083602
0021000085071
0021000640973
0021000642731
0021000642823
0021000643462
0021100025113
0021130045174
0021130047703
0021130048304
0021130048311
0021130070671
0021130073979
0021130079643
0021130152407
0021130250738
0021130341030
0021130455256
0021130465101
0021131506933
0021131905521
0021438002176
0021500058506
0021908103013
0021908115412
0021908133133
0021908137971
0021908459882
0021908509167
0022000004833
0022000120304
0022655715610
0022655724155
0023278526027
0023700018663
0023700038234
0023700046345
0023700050557
0023700060006
0023896287874
0024000010920
0024000011484
0024000132110
0024000163114
0024000167044
0024000167075
0024000343363
0024000549307
0024094070077
0024094070817
0024100104451
0024100114412
0024100114962
0024100123223
0024100124183
0024100789092
0024100794829
0024100940295
0024126011719
0024126014499
0024126017186
0024126017247
0024126018312
0024126018695
0024126018701
0024300044311
0024300735318
0024842321116
0025000019708
0025000040863
0025000044960
0025000049484
0025000058011
0025000100710
0025000102110
0025000130250
0025000136887
0025155057044
0025293003743
0025293003965
0025293004580
0025293005358
0025317005913
0025317055192
0025317102001
0025800020201
0025800020287
0025800020409
0025800023202
0026200144405
0026200144436
0026400900535
0026700152115
0027000009000
0027000079775
0027000372425
0027000378823
0027000500118
0027000523858
0027086180044
0027331010874
0027331020606
0027331032333
0027331033224
0027331033286
0027331100209
0027331320515
0027331320553
0027331322519
0027800066449
0027800072525
0027815300514
0028000033125
0028000517809
0028000656287
0028000706111
0028000822255
0028000905682
0028300000995
0028300034174
0028300885998
0028400001748
0028400010702
0028400022231
0028400042437
0028400043489
0028400047906
0028400047913
0028400069151
0028400090179
0028400201292
0028400331548
0028400516440
0028400516570
0028400589239
0028400589659
0028400637718
0028400679091
0028400705639
0028400708609
0028400729000
0028400744508
0028400763790
0028400768535
0028400769297
0028435399209
0028435600145
0028800159018
0028989104199
0028989106056
0028989971951
0029000000278
0029000012585
0029000016170
0029000016668
0029000018709
0029000022119
0029000072800
0029000078628
0029200002157
0029200003017
0029243000028
0029700001230
0029700001384
0029700131470
0030000011904
0030000059708
0030000169308
0030000311332
0030000314753
0030000315071
0030000315958
0030000315989
0030000432938
0030000450529
0030000562376
0030000568507
0030000568859
0030000569580
0030000570517
0030000570524
0030000572450
0030000577035
0030000578018
0030000578025
0030000578285
0030000578988
0030000580080
0030000655504
0030100100706
0030100119630
0030100128755
0030100129004
0030100129028
0030100263517
0030223011125
0030223041146
0030223060086
0030223061106
0030223061212
0030771026329
0030771026381
0030771026664
0030771026671
0031000184629
0031000670443
0031142001143
0031142358704
0031146007622
0031146013524
0031146027033
0031146063529
0031146150304
0031146155736
0031146254903
0031146270606
0031200261076
0031290140107
0031604000011
0031683050075
0032601952211
0033357051012
0033383605036
0033617000484
0034000018710
0034000040315
0034000040339
0034000056774
0034000190669
0034000405688
0034000412013
0034000446117
0034000938377
0034000941896
0034000944545
0034000953424
0034500446877
0034500632799
0034500636117
0034695123621
0034695125649
0034800001073
0034800006412
0034800600962
0034856028987
0034856840626
0035457770039
0035751113143
0035826089571
0035826097217
0036192122916
0036200004401
0036200378151
0036200431566
0036200431733
0036200431764
0036593110208
0036632008787
0036632010155
0036632010162
0036632010513
0036632011428
0036632013064
0036632018649
0036632019646
0036632019875
0036632020161
0036632020918
0036632026019
0036632026040
0036632026156
0036632027603
0036632028846
0036632029829
0036632034755
0036632035813
0036632038289
0036632039026
0036632039071
0036632039316
0036632041036
0036632042620
0036632042705
0036669063124
0036800074743
0036800304826
0036800420373
0036800444089
0037466019017
0037600103213
0037600121149
0037600175340
0037600216548
0037600591829
0037600697705
0038000016110
0038000070105
0038000175916
0038000198786
0038000198915
0038000199066
0038000199387
0038000199509
0038000200823
0038000219832
0038000222450
0038000222559
0038000222733
0038000222832
0038000223167
0038000235948
0038000242977
0038000260896
0038000265006
0038000270093
0038000270116
0038000270758
0038000291722
0038000293801
0038000302367
0038000317309
0038000317316
0038000318405
0038000355004
0038000403101
0038000590993
0038000596674
0038000635502
0038000845260
0038000845529
0038000846755
0038616900018
0038900004620
0038900015862
0038900030117
0038900030322
0038900042059
0038900042073
0039000018920
0039047017689
0039059430858
0039278040135
0039400016304
0039400017479
0039400018704
0039400019169
0039400108818
0039400166573
0039631000462
0039978018175
0039978018816
0039978021731
0039978029362
0039978031846
0039978034328
0039978039606
0039978041531
0039978043313
0039978118608
0039978118820
0039978122506
0039978149022
0039978533012
0040000000310
0040000482239
0040000512943
0040000513056
0040000580164
0040345000051
0040784985506
0040811070502
0040822011952
0040822342728
0041000009655
0041000022784
0041000022982
0041129077054
0041129274606
0041129396407
0041143049419
0041192100475
0041192102134
0041192102318
0041192102493
0041192102516
0041192102608
0041192103254
0041192104640
0041196110647
0041196139747
0041196419429
0041196910940
0041196911817
0041196914085
0041196914160
0041220197675
0041220201259
0041220452958
0041220653744
0041220761609
0041220892624
0041235000687
0041303002117
0041321005992
0041331020510
0041331021463
0041331021654
0041331024655
0041331037778
0041331038300
0041331120012
0041331124430
0041335000501
0041335000532
0041335334583
0041335353812
0041367803002
0041383090707
0041383154508
0041387532050
0041387532159
0041390017001
0041390024085
0041390030635
0041390050121
0041409013963
0041415047037
0041415116085
0041415267626
0041415416802
0041420021848
0041420067815
0041420081118
0041420081149
0041433025383
0041443023232
0041443116330
0041449002002
0041449302706
0041449471549
0041449475257
0041458117049
0041483011572
0041483011732
0041500954035
0041501110287
0041501110423
0041548825533
0041570055373
0041570056219
0041570057728
0041570146798
0041757026028
0041757026165
0041780002112
0041780002419
0041780002532
0041780073594
0041780192059
0041789001420
0041789002168
0041789002328
0041789007071
0041790600186
0041800203338
0041800401826
0041800501403
0041800716005
0041820000054
0041900072827
0042222302005
0042238302815
0042272000739
0042272001644
0042272001651
0042272002658
0042272005048
0042272005406
0042272010561
0042272011490
0042272014323
0042400217879
0042400267157
0042400388876
0042400388883
0042400416173
0042421140187
0042421161625
0042563009137
0042563013653
0042563015831
0042563017705
0042800109538
0043000200049
0043000200513
0043000205815
0043000206911
0043000276785
0043182002066
0043192103005
0043192103012
0043192310502
0043301611643
0043301611711
0043454070502
0043646104824
0043647465016
0044000003869
0044000024772
0044000027353
0044000031923
0044000033255
0044000033279
0044000034245
0044000035457
0044000043551
0044000045517
0044000045593
0044000046507
0044000058241
0044000060121
0044000060169
0044000067809
0044000068424
0044000075330
0044000079666
0044000082055
0044000082154
0044082522319
0044082530314
0044100101892
0044100102066
0044115403035
0044115403219
0044261735073
0044276056125
0044300107335
0044300125131
0044400104906
0044400153508
0044400154406
0044400157506
0044500201819
0044500339055
0044500341225
0044700000632
0044700021323
0044700022689
0044700024584
0044700030486
0044700030707
0044700030998
0044700031285
0044700031599
0044700033302
0044700075104
0044700091876
0044700102787
0044738012362
0045300000558
0045300222233
0046000137551
0046000137568
0046000453958
0046000815664
0046000843513
0046100001073
0046100002728
0046100006924
0046100007129
0046100203033
0046100400104
0046100411063
0046100411070
0046600034281
0046675000792
0046675014003
0046900001136
0047200153655
0047495492163
0047495610468
0047495630367
0047495710052
0047495800326
0047600011340
0047677483088
0047677483965
0048000011978
0048001013599
0048001014848
0048001016620
0048121103071
0048121184117
0048121207069
0048121217020
0048121255046
0048121900786
0048500022382
0048500201831
0048500202678
0048500205686
0048564000289
0048564071043
0049000026207
0049000028904
0049000028911
0049000041194
0049000060898
0049000072372
0049000074154
0049000075328
0049000079340
0049000079388
0049200056004
0049200056752
0049200057919
0049283802185
0049733950114
0049900342728
0049900345040
0050000300624
0050000334803
0050000349340
0050000372041
0050000382767
0050000415168
0050000495900
0050000622429
0050100302962
0050255018008
0050255022005
0050665624134
0051000000071
0051000005878
0051000015273
0051000146045
0051000149824
0051000159045
0051000167750
0051000167798
0051000175472
0051000180346
0051000212214
0051000218940
0051000231772
0051000281081
0051000284730
0051000286574
0051000289483
0051500000953
0051500050156
0051500050163
0051500167380
0051500254998
0051500750360
0051500820445
0051500992661
0051651092333
0051900016042
0051900016080
0051900016134
0051900801099
0052000042313
0052000042344
0052000043280
0052000043396
0052000043587
0052000047066
0052000051216
0052000104332
0052000122060
0052000324860
0052000328684
0052000339956
0052000340242
0052100004440
0052100010922
0052100049748
0052159000134
0052159013363
0052159090043
0052159701079
0052159703363
0052548686512
0052603054218
0053800631073
0054100004000
0054319000046
0054400003536
0054500193229
0054500193243
0054500193526
0054800423378
0054800423422
0054800423439
0054800423477
0054800424559
0055270839119
0055270956526
0055577113400
0055991044014
0056210342171
0057700017777
0057864000196
0058138102448
0058449154013
0058449410089
0058449450573
0058449600565
0058449770077
0058496434250
0059290311433
0059749985161
0059800295574
0060383157302
0060383194352
0060383781729
0060383995867
0061200017236
0063549109979
0063783577060
0064100852617
0064144047024
0064144281251
0064420455017
0064912121000
0065633279315
0065684136520
0066613181062
0066676290121
0066721028600
0067275006540
0067312005499
0068100901306
0068100903584
0068200325033
0068270200087
0069000160640
0069276070315
0069276070353
0069535667058
0070057002067
0070074407029
0070074580500
0070074643021
0070074671666
0070200534285
0070200551107
0070200631151
0070234064161
0070247180827
0070272232089
0070277000058
0070277000072
0070277105203
0070328820536
0070411602438
0070459005734
0070462006599
0070462008241
0070462098501
0070462431230
0070470003078
0070470003139
0070470003191
0070470006529
0070470137292
0070470137728
0070470164960
0070470185026
0070470200361
0070470219882
0070470223933
0070470284477
0070470403892
0070470403915
0070470409610
0070470496498
0070470496528
0070470496535
0070491100091
0070552704312
0070552801172
0070640015511
0070641000059
0070641064129
0070650800077
0070662030028
0070662060032
0070662096338
0070734053351
0070796700033
0070847017707
0070847896210
0070852991474
0070870000424
0070934996168
0070969004401
0070970000072
0071007018688
0071010120026
0071010120224
0071010139905
0071012000043
0071018105490
0071040021157
0071053007773
0071072011294
0071072013601
0071100000528
0071100007077
0071100213850
0071109999212
0071117004809
0071146009073
0071157303412
0071279309194
0071300000809
0071300042144
0071314103367
0071330601403
0071448300144
0071464200602
0071464240608
0071464309510
0071505023962
0071524159130
0071628820141
0071720870006
0071818020702
0071818021006
0071840091121
0071899624271
0071921214579
0071921624910
0071923761453
0072030013848
0072036742803
0072058634230
0072060001327
0072060002560
0072100024002
0072180566386
0072220001808
0072220001815
0072220004571
0072220008821
0072220020090
0072220101485
0072220101898
0072220110708
0072220110814
0072220110890
0072220111040
0072220111064
0072250010177
0072250011181
0072250020169
0072250021081
0072250025355
0072251002119
0072273408869
0072320110370
0072320910222
0072368510187
0072400007279
0072457880665
0072486002403
0072554000041
0072554110962
0072600042728
0072655001114
0072655001329
0072655008885
0072655405097
0072714002229
0072745001109
0072745042218
0072745541698
0072745548369
0072745803772
0072745804588
0072762012355
0072799932541
0072830001748
0072830002868
0072830006019
0072830030007
0072830081047
0072830081115
0072830400091
0072830702225
0072878275552
0072878290791
0072878434836
0072878505239
0072878785303
0072878805728
0072878811002
0072940120049
0072940756002
0072945350663
0072945350700
0072945601635
0072945611597
0072945612990
0072945613065
0072992041002
0073040004048
0073124013164
0073130000752
0073130004323
0073130025113
0073141150040
0073214001293
0073214001347
0073214006182
0073214006199
0073214007509
0073214009527
0073230008511
0073360377518
0073390002015
0073390002022
0073390002206
0073390014360
0073390014384
0073410003053
0073410013502
0073410955505
0073410955529
0073410955550
0073410955734
0073410955758
0073410955765
0073410955857
0073410956168
0073410957295
0073410957318
0073410957646
0073410957851
0073416040281
0073416534902
0073416575103
0073420208141
0073420530648
0073435000266
0073435003045
0073435070665
0073490131981
0073497005766
0073570130095
0073575220067
0073711120503
0073711801150
0073731087008
0073731087015
0073981349840
0074027001906
0074027005164
0074030066282
0074117000178
0074117000758
0074305020322
0074323091038
0074323091229
0074323091496
0074326000129
0074333374992
0074333684350
0074401610410
0074401734222
0074483992442
0074570044085
0074570114009
0074570579181
0074570810116
0074570928491
0074570950034
0074609072409
0074653308905
0074682103083
0074682103090
0074682107043
0074683003283
0074683293646
0074880030730
0074880057379
0074923405273
0074956201415
0075002444121
0075185000046
0075185001005
0075192001036
0075270001941
0075450105193
0075500005206
0075669115143
0075810021255
0075856001105
0075856011135
0075856024159
0075900005875
0075900971224
0075925301709
0075925401201
0076057018091
0076132090073
0076150232486
0076150332308
0076183003282
0076371011099
0076371011167
0076371012317
0076397002125
0076397004129
0076410901848
0076410905648
0076410906164
0076580007210
0076800006979
0076808006520
0076808012361
0076808535570
0076840003051
0076840101429
0076840529872
0076840674442
0076950450424
0077013615743
0077034088212
0077567001566
0077567003607
0077567061539
0077567132284
0077567254269
0077782007879
0077782030594
0077890262146
0077890280836
0077890554746
0077890559031
0077900001697
0077900003110
0077900115639
0077900447594
0077900471322
0077900502095
0077900536083
0077900706158
0077901007889
0077958690416
0077958697699
0077975010167
0077975027981
0077975093979
0078000016406
0078000033519
0078000035490
0078000038774
0078000219456
0078314112351
0078732002203
0078742000664
0078742001012
0078742001371
0078742006246
0078742007373
0078742012582
0078742020525
0078742022543
0078742024554
0078742025513
0078742025926
0078742035871
0078742037158
0078742039671
0078742039770
0078742046129
0078742050720
0078742054209
0078742056821
0078742061993
0078742062464
0078742065915
0078742078137
0078742085494
0078742085845
0078742086729
0078742089959
0078742092171
0078742095226
0078742110370
0078742110684
0078742119069
0078742119083
0078742121048
0078742121888
0078742121970
0078742122229
0078742124544
0078742126579
0078742127439
0078742127637
0078742128276
0078742135359
0078742141329
0078742143323
0078742144146
0078742151830
0078742152011
0078742158563
0078742158693
0078742159041
0078742181509
0078742181530
0078742183947
0078742194233
0078742194806
0078742209548
0078742220796
0078742220802
0078742221441
0078742223759
0078742226996
0078742229652
0078742230528
0078742231587
0078742232966
0078742236049
0078742236667
0078742237350
0078742237480
0078742238012
0078742259314
0078742259802
0078742267524
0078742276137
0078742283128
0078742296609
0078742297309
0078742307145
0078742307466
0078742344430
0078742346168
0078742351889
0078742352206
0078742353074
0078742364810
0078742365497
0078742367361
0078742369501
0078742369600
0078742369914
0078742370477
0078742370859
0078742371702
0078742371726
0078742372211
0078742374338
0078742374659
0078742430331
0078742433912
0078742490984
0078858510118
0078858520445
0078858521442
0078895132908
0078895147889
0078895710021
0078895733563
0078895740042
0079200049058
0079200060657
0079300011962
0079426211109
0079783406200
0079813063021
0079813085276
0079893110554
0079893122557
0079893161815
0079893162805
0079893408507
0079893411583
0079893513188
0079900001578
0079900005507
0079927102111
0080000495228
0080000514882
0080000518040
0080868000336
0080868008011
0081312701106
0081864000511
0082011100689
0083900005764
0084114009999
0084114114495
0084253243995
0084685400041
0084909015860
0085239031971
0085239042106
0085239042694
0085239045763
0085239047347
0085239052907
0085239053324
0085239058336
0085239078433
0085239087848
0085239096031
0085239099162
0085239108628
0085239110607
0085239111857
0085239167243
0085239173886
0085239287699
0085239334324
0085239340424
0085239359747
0085239921722
0085239993361
0085239998137
0085696608037
0085839916302
0085968001009
0086341330013
0086600240602
0086600240978
0086600700335
0086600702520
0086600703503
0087076214593
0087684004449
0088231421474
0088702176742
0088702259285
0088702284096
0089036781008
0089094022518
0089094025038
0089094026295
0089257084254
0089836185167
0089947302811
0090478410036
0092227743464
0092227757126
0093215150400
0093966000214
0093966000900
0093966002034
0093966002058
0093966002195
0093966005134
0093966007565
0093966009422
0093966514001
0096619023813
0096619031894
0096619038510
0096619050611
0096619051502
0096619077113
0096619140473
0096619141968
0096619174041
0096619211012
0096619220939
0096619226504
0096619227938
0096619270897
0096619416370
0096619434503
0096619777792
0096619885176
0096619885206
0096619896646
0096619987122
0096619998609
0097339010015
0097923323460
0098000100905
0098304100250
0098308002826
0099482408435
0099482409241
0099482412296
0099482420260
0099482421168
0099482421908
0099482431105
0099482431129
0099482431730
0099482438548
0099482438852
0099482447038
0099482447540
0099482447571
0099482450274
0099482450281
0099482450380
0099482452735
0099482455118
0099482455750
0099482464233
0099482466350
0099482469511
0099482475031
0099482477066
0099482477929
0099482479718
0099482479725
0099482493400
0099482496920
0099482510329
0099482511258
0099482511593
0099482517434
0099482518035
0099482520397
0099482522605
0099482523381
0099482526252
0099482526276
0099482528300
0099482532413
0099482532529
0099482538262
0099900159413
0099900908363
0181945000178
0186852000495
0186852001096
0186852001454
0190569123101
0190569522225
0190646631994
0190912100773
0193908000729
0193937001964
0193968049232
0193968053567
0193968075217
0193968100766
0193968122393
0193968320195
0193968320256
0193968320287
0193968356217
0193968382537
0193968382650
0193968409685
0193968422936
0193968501419
0193968502645
0193968507015
0194346000609
0194346054916
0194346066858
0194346099450
0194346135448
0194346154142
0194346188390
0194346188819
0194346193929
0194346193950
0194346194032
0194346197675
0194346207800
0194346207961
0194346218479
0194346267057
0194346270606
0194346371822
0194346390588
0194346408382
0196633883926
0196633885012
0197870052892
0198715835557
0200989801470
0233009005992
0602652171208
0602652204012
0602652207006
0602652270291
0602652271380
0602652551352
0602652670565
0602652670657
0604774292373
0604913002542
0605388186805
0608883000065
0611269003048
0611269546019
0611269623727
0613008719302
0613008720858
0613008725914
0613008735012
0613008735470
0616112284414
0619942101012
0620133003640
0628308290031
0628371190016
0629307040146
0629307122040
0631656712766
0634418523600
0637480003339
0637480061018
0637480061025
0638031612161
0643342815224
0643843716983
0643843717133
0643843717362
0644209307500
0644209419005
0644225727382
0644225730061
0645230011244
0647541022025
0648436330676
0649498837981
0652729710021
0655852000267
0657082060202
0657622111753
0658325076073
0658564703983
0658564973379
0659920005321
0664164100091
0664164104198
0667803000752
0667888497317
0669660008889
0669809200549
0673316096014
0678523375488
0679339000601
0681131085731
0681131091435
0681131102100
0681131138499
0681131288439
0681131354769
0681131354776
0681131387484
0681131423632
0681170001501
0686700090444
0686700101232
0687456215983
0687910004825
0688267053009
0688267532610
0688267535987
0688267535994
0688267592058
0688665000025
0689544081777
0689544083061
0689893002089
0690819311086
0691535529014
0693749015239
0694990083640
0695119120147
0697068520139
0698997809104
0705016353446
0705016600359
0705118400512
0705599011917
0705599011955
0705599012389
0705599012679
0705599014413
0705599014635
0705599014765
0705599014802
0705599015519
0705599016707
0707415035510
0708163260926
0708163261220
0708820088030
0708820304680
0710779770119
0711747011128
0716123123846
0716270001530
0717887650241
0722252068880
0722252069450
0722252268013
0722252268037
0722252283153
0722252587299
0722337816047
0722430160207
0722430740164
0722776200018
0724836002358
0725439999946
0731216104953
0732153015920
0732153015944
0732153015951
0732494000609
0733636772040
0733739059802
0734756000068
0736547566784
0736924182880
0737282363058
0737628064502
0738545020046
0742365005398
0742365265013
0742365416002
0742365416200
0742753326593
0744473000289
0744473000364
0744473912025
0744473912322
0744473941247
0745042001423
0745042400028
0745998990185
0745998990215
0747479000086
0747479100120
0747479300216
0747479400190
0747599303142
0747599408762
0747599610271
0747599619137
0748404422362
0748927028706
0748927054798
0748927066586
0749826000084
0749826000398
0749826443256
0752046793704
0755795252607
0755795700085
0755795759182
0756963170327
0757528048075
0757645021043
0759283600086
0760236161882
0761635203159
0761657908117
0762111225016
0762111490889
0763946225035
0764218651248
0765667100905
0767707001203
0769197404021
0769828120900
0770240000107
0770333524350
0774034198322
0781138713108
0781421002056
0781421002339
0782733020929
0783054219610
0786162411150
0786162411396
0786560000123
0786560181402
0787003000663
0787359100192
0787359175077
0787359175121
0787359177026
0787692834624
0788434108089
0788434108812
0788434115681
0788434115704
0791241504265
0793573321015
0793573682727
0798525163200
0798782451119
0799210620015
0802763028631
0804305001966
0807176540701
0807176712580
0807176712740
0809939073549
0810001560065
0810001560737
0810001561574
0810003460578
0810003460585
0810003512758
0810012620789
0810017170098
0810019370007
0810019603594
0810021671888
0810021671956
0810021671994
0810023540113
0810028970168
0810030514800
0810030519133
0810031590605
0810035970700
0810035972520
0810037810714
0810044330229
0810063711481
0810063711702
0810063711863
0810063711931
0810070170295
0810070170516
0810076290904
0810085812203
0810088860607
0810090750071
0810091780732
0810091780916
0810093781423
0810094940140
0810094940164
0810104460385
0810104460392
0810104461320
0810104461412
0810113832166
0810121150276
0810122080749
0810125971310
0810125971921
0810128370103
0810163740350
0810165019454
0810165019614
0810172671263
0810210030946
0810264023529
0810264023710
0810264024687
0810264024922
0810264027107
0810264027138
0810291007660
0810571030579
0810589031575
0810589032206
0810589032572
0810607023117
0810607024992
0810732021149
0810757010906
0810934031137
0810981020870
0811184031441
0811271001616
0811374036812
0811657030360
0811657030377
0811669021509
0811737007510
0811961023485
0812049004402
0812315014135
0812475012262
0813002020347
0813047020043
0813085007150
0813085604212
0813104020061
0813267020250
0813305015453
0813635010098
0813636023752
0813694027198
0813730010047
0813958009892
0814558020294
0814558020614
0815074020133
0815074020195
0815074023967
0815074023974
0815099022204
0815154021906
0815652004180
0815677022077
0815909020338
0816401021854
0816697020425
0816925022993
0817670010488
0817719020386
0817719021956
0817719029990
0817946020289
0817946020821
0818290010124
0818290011480
0818290011831
0818290012777
0818290013811
0818290013859
0818290014801
0818290015686
0818290016140
0818290018168
0818290018298
0818290019097
0818411001741
0818431000069
0818512015319
0818562020080
0818562021728
0818594015450
0818780013437
0818780014229
0818780015035
0819898010011
0824150910015
0829262000210
0829262000371
0829462001215
0829515302207
0829515322885
0829515325152
0829696000893
0829696004501
0829696004532
0830028002348
0832112001480
0832924005225
0834183007149
0834183007170
0835143006226
0837328001002
0838766001371
0838869022037
0839138002521
0840160201103
0840224600088
0840229300341
0840229305469
0840266300144
0840290700316
0840370900636
0840370900810
0840370901190
0840371200247
0840379101973
0840379102659
0840515100129
0842096106613
0842096154447
0842234000100
0842234000742
0842234000827
0842234001282
0842379156861
0842595106619
0842595131550
0842595138375
0843076000020
0843076000259
0843076000525
0843571005797
0844911008775
0844911008805
0844911008911
0844911009291
0846548083064
0846548086522
0846675005540
0847280094547
0848860045379
0849429003359
0849429003366
0850001610452
0850001974059
0850001974073
0850002856125
0850002858464
0850002887426
0850003023151
0850003113876
0850003994864
0850004207017
0850004207314
0850004207475
0850004639085
0850004694268
0850004694701
0850005324041
0850005606000
0850005872184
0850005872955
0850007391287
0850009273024
0850009942296
0850010010168
0850011381151
0850011443200
0850011623015
0850011737019
0850011938157
0850012117049
0850012117179
0850014369194
0850015690549
0850015892851
0850017142060
0850017154353
0850017468160
0850017819337
0850017973008
0850020705160
0850020705931
0850021015329
0850021930677
0850023066527
0850024069206
0850024735026
0850024735033
0850026969443
0850027702049
0850027702261
0850027702285
0850027702926
0850027880143
0850028332481
0850029632047
0850029742692
0850031700277
0850032440028
0850033079388
0850034905648
0850036168072
0850036606116
0850038090739
0850039286827
0850041914299
0850043074212
0850043711643
0850044112043
0850045947989
0850046148057
0850047220004
0850047220691
0850047659224
0850048358249
0850049776264
0850053830129
0850053830198
0850053848063
0850054108487
0850054108777
0850055550582
0850059419519
0850064476187
0850064476262
0850064930016
0850064930023
0850064959093
0850066113011
0850069605735
0850073236024
0850074614081
0850180006008
0850180006497
0850241008163
0850406004009
0850416002934
0850446008715
0850451008021
0850460005066
0850668000818
0850712007084
0850822006052
0850822006977
0850996004953
0851065007707
0851100003350
0851139005318
0851139005516
0851335000933
0851489003170
0851492002863
0851554006075
0851554006440
0851562007026
0851562007507
0851562007842
0851562008030
0851702007367
0851724008908
0851769007737
0851769007768
0851770003964
0851770009775
0851856008050
0851856008173
0851949004341
0852089007506
0852089007711
0852466006139
0852537005405
0852605008574
0852675006463
0852700300276
0852761007961
0852795005391
0852823006000
0852823006048
0852921005004
0852953001418
0853149008006
0853149008044
0853152100391
0853358000860
0853479006017
0853479006758
0853496008612
0853522000382
0853522000887
0853552003049
0853584002386
0853687004058
0853883003022
0853883003114
0853883006078
0853923002909
0853927003353
0853986008108
0854021008077
0854021008329
0854021008718
0854074006051
0854074006211
0854074006716
0854126008149
0854147008104
0854147008937
0854183006027
0854183006898
0854198004476
0854442007611
0854693000164
0854693000836
0854693000843
0854934004852
0854934007983
0855019000318
0855140002656
0855569110352
0855569110475
0855569210052
0855694004380
0855712008000
0855823007169
0855987003625
0856017003370
0856069005308
0856088003675
0856088003903
0856481003043
0856516002096
0856584004718
0856651002074
0856750002074
0856802008412
0856802008825
0856904000376
0857063002027
0857064007090
0857183005144
0857183005656
0857197008001
0857290006300
0857290006355
0857335004971
0857394006138
0857468006637
0857484006307
0857549004996
0857597003262
0857597003446
0857597003569
0857777004331
0857851005018
0857882008613
0857900005419
0858034006181
0858045004282
0858089003050
0858089003067
0858089003074
0858148003151
0858158005022
0858159002167
0858176002133
0858641003276
0858847000802
0858864004173
0858906004499
0858906004680
0859078002924
0859162007644
0859165002363
0859480006015
0859539007024
0859774007315
0859774007834
0859806003858
0859982007022
0859982007299
0860000323260
0860001165166
0860001517507
0860001517521
0860001627220
0860002319315
0860004385400
0860004864868
0860006036201
0860009210806
0860009210820
0860010557235
0860010587447
0860010962213
0860012335619
0860012623013
0860485000182
0861080000324
0862315000263
0862871000301
0863699000122
0865458000121
0868391000357
0868806000019
0869440000007
0869707000283
0869982000053
0870001002583
0870375005074
0871459001333
0871459001821
0871459003191
0871459003214
0872629002068
0873204001551
0873983005047
0874492000684
0874492001704
0874659001325
0875311007013
0876063002028
0876681006712
0876681006927
0876681008006
0876681009027
0876681013628
0877448003562
0877448003609
0877448003616
0877448006488
0877693004628
0877977000209
0879890002582
0879890002612
0882193014565
0883978129115
0883978147263
0884623102453
0884912006721
0884912114709
0884912284334
0884912320872
0884912356192
0884912396402
0884912406743
0884912449634
0884983000567
0885898330336
0886790218302
0887725000054
0888109010010
0888109010096
0888109010102
0888109010119
0888109253134
0888313914043
0888313917204
0888313971800
0888670031537
0888670065556
0888670079140
0888849003921
0888849007172
0888849010547
0888849010943
0888849010967
0888849011315
0888849015153
0888849015788
0888849016020
0889392000597
0889392001204
0889417000038
0889497008207
0889896924832
0890000001158
0890000001189
0891756000433
0891756000440
0891770002499
0891980000001
0892453001037
0893536002668
0893615002008
0893869003288
0894263002013
0894455000193
0894455000711
0894697002306
0895203001011
0896315001319
0896863001403
0897034002045
0897580000151
0897581000372
0897922002072
0897922002270
0897922002317
0897922002836
0898195001267
0898248001435
0898999013435
0899055000697
0899450002043
1230000131056
0000790870043
0008346790012
0009300000109
0009300000307
0009300000673
0009300000772
0009300000802
0009300000857
0009300000901
0009300001021
0009300001809
0009300002899
0009300004053
0009300004084
0009300006538
0009300007542
0009300128339
0009542019310
0009542033750
0009542037949
0009542433789
0009542438920
0009800120659
0009800560202
0010300003007
0010300333999
0010300536642
0010300894391
0010300942139
0010609801144
0010700702623
0010700702807
0010700708106
0010700807274
0010978200135
0010978309494
0010978890480
0011110006370
0011110009081
0011110009173
0011110011619
0011110019547
0011110019684
0011110021595
0011110022110
0011110024701
0011110024800
0011110026316
0011110044266
0011110046543
0011110047571
0011110052667
0011110053428
0011110080936
0011110081025
0011110081285
0011110084200
0011110084507
0011110084859
0011110085177
0011110085344
0011110085733
0011110086228
0011110086716
0011110090812
0011110092069
0011110092687
0011110094346
0011110096029
0011110100276
0011110100283
0011110100818
0011110101181
0011110103116
0011110105059
0011110106476
0011110107701
0011110109965
0011110110459
0011110110558
0011110113979
0011110114754
0011110115256
0011110121462
0011110123039
0011110123053
0011110128386
0011110132383
0011110132512
0011110134202
0011110135490
0011110135513
0011110135544
0011110136190
0011110138262
0011110138811
0011110140043
0011110144805
0011110145512
0011110153821
0011110155566
0011110156952
0011110194398
0011110207883
0011110423054
0011110428547
0011110442178
0011110444509
0011110459046
0011110460707
0011110484826
0011110491053
0011110500625
0011110501585
0011110501714
0011110503398
0011110504814
0011110504821
0011110507198
0011110580887
0011110587190
0011110587954
0011110602558
0011110607263
0011110613158
0011110618009
0011110633316
0011110636607
0011110674593
0011110708755
0011110725677
0011110779908
0011110783950
0011110787934
0011110791207
0011110801005
0011110805218
0011110808042
0011110809032
0011110815095
0011110826770
0011110834638
0011110838995
0011110839145
0011110839312
0011110846556
0011110847690
0011110850218
0011110850713
0011110851819
0011110851956
0011110852878
0011110853264
0011110855855
0011110856531
0011110860903
0011110862853
0011110867209
0011110869302
0011110870131
0011110872708
0011110872715
0011110887399
0011110888594
0011110896094
0011110896872
0011110897251
0011110903518
0011110910493
0011110916136
0011110948939
0011110968746
0011110977243
0011115224274
0011137524246
0011140109522
0011152070711
0011152145952
0011152226125
0011152263373
0011152658100
0011210000032
0011210007703
0011210008557
0011283160350
0011368002223
0011384206575
0011433061148
0011433110587
0011594271028
0011594271035
0011863109762
0012000017513
0012000064500
0012000161155
0012000170768
0012000171277
0012000171970
0012000181627
0012000182372
0012000286186
0012511892470
0012546011426
0012546012560
0012993111014
0012993441166
0013000008525
0013000526807
0013000798204
0013120008283
0013120011764
0013120012037
0013120085666
0013130006118
0013130006224
0013300009628
0013300551059
0013300601334
0013300607084
0013300929841
0013409351000
0013409351758
0013409517246
0013495113582
0013562000180
0013562101269
0013562111817
0013562224609
0013562300143
0013562303854
0013764001480
0013764001503
0013764027701
0013764028425
0013800030535
0013800100702
0013800101150
0013800101723
0013800135209
0013800143334
0013800151919
0013800166074
0013800166197
0013800166616
0013800171320
0013800172037
0013800190741
0013800232601
0013800312518
0013800366047
0013800426086
0013800527936
0013800551313
0013800552396
0013800553300
0013800664952
0013941035154
0013941035161
0013964497120
0013971005714
0013971005776
0014100043386
0014100043461
0014100043799
0014100045427
0014100047438
0014100048145
0014100048367
0014100048565
0014100049623
0014100049890
0014100049906
0014100049913
0014100054023
0014100055976
0014100055990
0014100071419
0014100074038
0014100074441
0014100075622
0014100077084
0014100078678
0014100082033
0014100085607
0014100086116
0014100087229
0014100088219
0014100098966
0014113700245
0014113701945
0014113702386
0014113702492
0014113910705
0014200003259
0014285002253
0014500014207
0014500017451
0014500019271
0014500021281
0014500021571
0014500022684
0014500024275
0014500987891
0014800001839
0014800318098
0014800646948
0015000020712
0015000047986
0015000048341
0015000076054
0015000081096
0015000706395
0015100001628
0015292207259
0015300200029
0015300200036
0015300201224
0015300430235
0015300430488
0015300430532
0015839096711
0015900002092
0015900063468
0015900063963
0015900140633
0016000119604
0016000123151
0016000125544
0016000127326
0016000138803
0016000140240
0016000140912
0016000146655
0016000147119
0016000148857
0016000148864
0016000151581
0016000151635
0016000151970
0016000162549
0016000163454
0016000163492
0016000163621
0016000163911
0016000163928
0016000163980
0016000167162
0016000168510
0016000168688
0016000170988
0016000170995
0016000171060
0016000178366
0016000178847
0016000179233
0016000181489
0016000184480
0016000188846
0016000193338
0016000200074
0016000206830
0016000206847
0016000206960
0016000207769
0016000208988
0016000209312
0016000219854
0016000219953
0016000220997
0016000222182
0016000222427
0016000222724
0016000223080
0016000223561
0016000224636
0016000224742
0016000225824
0016000226340
0016000230675
0016000230699
0016000265998
0016000274891
0016000275294
0016000275836
0016000281660
0016000307902
0016000329904
0016000345881
0016000368309
0016000374300
0016000426412
0016000430594
0016000455306
0016000456020
0016000459779
0016000506435
0016000508736
0016000513686
0016000515147
0016101000597
0016185132535
0016229000554
0016229004019
0016229005474
0016229007775
0016229008611
0016229903534
0016229906191
0016229906207
0016229916688
0016229917647
0016229919207
0016229919313
0016447100906
0016447100951
0016571959685
0016571960612
0017077017350
0017077034128
0017077104081
0017077111324
0017077117081
0017077129329
0017077171328
0017077501323
0017082000736
0017082016348
0017082460714
0017082600035
0017082877154
0017082877727
0017082883179
0017082883919
0017400100766
0017400100773
0017400102074
0017400106966
0017400140038
0017400140755
0017400222611
0017400223182
0017400223199
0017600043719
0017696000610
0017869807015
0017873705130
0018000119349
0018000426973
0018000427420
0018000447633
0018400312562
0018537241483
0018627032007
0018627104438
0018627112051
0018627112150
0018627113263
0018627113591
0018627116110
0018627446415
0018705172038
0018894360155
0018959140036
0018959140050
0019000083449
0019000085016
0019320016837
0019582411104
0020000199641
0020000447124
0020169221306
0020169222341
0020200000006
0020662002884
0020662003508
0020662003768
0020662003911
0020662006066
0020662006301
0020685002298
0020709012302
0020735161401
0020735161753
0021000024926
0021000026807
0021000039340
0021000044344
0021000045839
0021000053162
0021000072842
0021000083398
0021000122837
0021000123803
0021000602698
0021000602704
0021000640140
0021000642748
0021000644261
0021000646036
0021000653218
0021000654789
0021130035847
0021130042517
0021130043675
0021130043804
0021130045983
0021130046027
0021130047260
0021130047338
0021130070114
0021130070121
0021130073245
0021130076628
0021130076659
0021130076666
0021130077403
0021130093588
0021130122400
0021130125319
0021130152551
0021130183838
0021130184408
0021130184613
0021130184941
0021130185399
0021130270996
0021130281213
0021130292974
0021130294244
0021130298334
0021130298396
0021130308668
0021130328284
0021130338351
0021130340163
0021130341221
0021130341238
0021130411054
0021130462681
0021130465378
0021130466641
0021130473007
0021130502103
0021130505548
0021130506323
0021130507290
0021130521951
0021131000288
0021131000325
0021131000417
0021131001148
0021131500856
0021131501143
0021131506629
0021131506643
0021131905316
0021136181364
0021500806121
0021724602899
0021724604145
0021788016137
0021908115986
0021908122786
0021908122854
0021908124056
0021908128153
0021908240329
0021908254395
0021908291024
0021908407739
0021908486796
0021908515458
0022000004840
0022000015532
0022000017871
0022000021908
0022000135377
0022000293305
0022506003873
0022506521070
0022655306467
0022655702047
0022655715382
0022655715405
0022655716006
0022655723523
0022655723981
0022655724032
0022929429908
0023000965056
0023249011781
0023278520674
0023402087158
0023700014139
0023700014931
0023700042859
0023700049827
0023700059635
0023700060228
0023896000008
0023896166803
0023896178547
0023896576909
0023907700378
0023923204584
0023923236035
0023923330122
0023923330139
0024000010623
0024000013204
0024000013709
0024000015468
0024000132073
0024000162971
0024000162995
0024000163046
0024000163077
0024000163206
0024000241157
0024000254584
0024000346166
0024000523635
0024000525417
0024000566670
0024094070015
0024100000173
0024100110629
0024100116072
0024100116225
0024100116607
0024100124725
0024100126606
0024100191345
0024100204113
0024100315345
0024100594733
0024100788958
0024105591058
0024126009181
0024126010224
0024126010255
0024126014352
0024126017001
0024126017117
0024126017124
0024126017704
0024126017872
0024126018374
0024182000818
0024300031113
0024300041020
0024300041143
0024300041464
0024300041501
0024300041600
0024300041686
0024300042706
0024300044427
0024300044847
0024300865404
0024474002605
0024606941468
0024842112219
0024842112318
0024842158057
0024842182113
0025000048111
0025000052224
0025000056772
0025000058868
0025000120541
0025000136849
0025293003989
0025293004573
0025293602175
0025317006965
0025317101004
0025317128667
0025317128674
0025317157339
0025317291880
0025317367967
0025317385657
0025317565004
0025317579001
0025317616003
0025317670012
0025317856003
0025484007345
0025484007406
0025484007512
0025500304441
0025583007222
0025583668737
0025911000512
0026200140605
0026200238920
0026200461359
0026200461724
0026400171003
0026400298403
0026400305484
0026400803706
0026700156182
0026825090118
0026875117124
0026875999928
0026938736194
0027000082782
0027000372449
0027000380499
0027000388112
0027000390238
0027000442050
0027000500156
0027000520055
0027000523803
0027000623237
0027086175101
0027199006088
0027271103056
0027271121340
0027271121449
0027331000233
0027331000387
0027331010546
0027331011178
0027331032050
0027331032289
0027331032326
0027331320560
0027331331146
0027400264979
0027400800757
0027500614667
0027800063134
0027800063165
0027800065800
0027800067941
0027800072938
0027800100068
0027815001114
0027815291980
0027917280134
0028000044251
0028000111540
0028000149727
0028000217303
0028000263836
0028000299781
0028000321956
0028000361204
0028000361303
0028000496180
0028000596101
0028000714567
0028000846794
0028189413220
0028190001119
0028190001751
0028190003090
0028190007791
0028190007814
0028190063049
0028190063070
0028300043732
0028400002172
0028400003919
0028400008518
0028400025287
0028400029926
0028400043465
0028400059459
0028400065528
0028400070959
0028400077651
0028400084055
0028400085168
0028400090094
0028400092517
0028400096720
0028400159609
0028400189071
0028400201315
0028400201322
0028400215732
0028400235259
0028400289979
0028400314060
0028400321495
0028400355841
0028400356145
0028400357012
0028400357296
0028400372183
0028400516662
0028400598880
0028400620468
0028400629591
0028400637695
0028400662864
0028400689670
0028400691840
0028400700108
0028400705707
0028400705745
0028400706483
0028400720168
0028400720366
0028400721424
0028400739245
0028400744492
0028400744515
0028400764629
0028400767279
0028400768207
0028400768252
0028400770057
0028400770699
0028400776134
0028435399780
0028435600541
0028457205007
0028700144930
0028743010506
0028833110000
0028833120009
0028833170509
0028989102539
0028989102911
0028989105660
0029000000360
0029000016132
0029000016217
0029000018570
0029000019454
0029000019478
0029000023888
0029000023895
0029000073678
0029000075399
0029000078277
0029000296749
0029000350922
0029200002058
0029243000066
0029243000110
0029243000196
0029700001391
0029700001476
0029700001483
0029700012809
0029700321413
0029988243100
0030000043608
0030000061411
0030000067208
0030000169209
0030000169247
0030000169698
0030000271131
0030000311844
0030000314777
0030000315057
0030000319840
0030000320730
0030000437698
0030000562383
0030000567265
0030000567326
0030000568064
0030000568316
0030000570500
0030000575451
0030000575468
0030000575512
0030000575741
0030000578261
0030000578322
0030000579114
0030000632727
0030000653005
0030000665077
0030034956493
0030100119654
0030100128984
0030100473572
0030100487197
0030100545378
0030223010142
0030223024330
0030223041504
0030223041528
0030223041856
0030223049739
0030223060093
0030223060116
0030223060468
0030223061199
0030223061243
0030243847803
0030243860536
0030271034077
0030771026305
0030871302118
0031000007300
0031000100933
0031000101022
0031000101305
0031000113056
0031000184643
0031000304744
0031000670009
0031000670016
0031142001204
0031142001273
0031142010077
0031142864458
0031146250103
0031200015303
0031200025456
0031200029997
0031400066136
0031493000048
0031493317511
0031493543712
0031506589195
0031604029449
0031683012516
0031689321056
0031711000270
0032000016170
0032000397187
0032134212264
0032134233030
0032372004409
0032601042004
0032601900205
0032601953287
0032812070032
0032917000149
0032917001597
0033357071010
0033383222417
0033383536101
0033400612832
0033400721145
0033776011697
0033776100803
0033828000129
0033828902614
0033844004446
0033900000337
0033900000788
0033900075106
0033900075304
0034000004409
0034000020102
0034000031665
0034000040292
0034000058112
0034000140589
0034000140619
0034000141340
0034000170388
0034000171156
0034000196470
0034000229178
0034000229277
0034000245222
0034000249770
0034000270019
0034000270217
0034000403622
0034000404445
0034000432905
0034000445097
0034000458134
0034000473632
0034000490059
0034000938384
0034000946327
0034183002131
0034183002148
0034300000156
0034300000422
0034361225260
0034500151009
0034500446884
0034695123607
0034695124536
0034695125700
0034700054117
0034800006566
0034856008132
0034856198864
0035272121702
0035305000233
0035305228040
0035427006168
0035457770084
0035493014654
0035751117004
0035826009463
0035826040534
0035826078216
0035826089342
0035826089755
0035826094254
0035826094506
0035826097330
0035826106254
0036192122671
0036200004685
0036200013694
0036200014943
0036200430736
0036200431214
0036514237687
0036632002105
0036632007834
0036632013170
0036632013194
0036632020840
0036632024114
0036632024947
0036632024954
0036632026026
0036632026071
0036632027160
0036632027252
0036632029430
0036632029553
0036632032553
0036632034861
0036632035752
0036632036032
0036632036407
0036632037206
0036632037329
0036632037350
0036632037527
0036632037565
0036632038081
0036632038371
0036632038562
0036632039064
0036632073983
0036632078070
0036632079480
0036669061779
0036800094819
0036800126152
0036800141179
0036800192195
0036800195097
0036800389632
0036800420397
0036800420977
0036800422117
0036800441415
0036800466777
0037000434870
0037000740926
0037014242263
0037014242287
0037100042135
0037297914543
0037323120672
0037466015859
0037466019864
0037578800817
0037600051170
0037600105330
0037600106849
0037600215831
0037600216296
0037600246873
0037600258364
0037600816205
0037600842969
0037600866392
0038000015694
0038000017674
0038000035302
0038000051999
0038000110542
0038000138874
0038000143656
0038000143717
0038000156793
0038000167577
0038000167713
0038000169335
0038000176517
0038000198717
0038000199738
0038000202278
0038000217913
0038000219344
0038000219696
0038000221675
0038000245534
0038000245565
0038000256035
0038000256974
0038000262555
0038000266409
0038000269837
0038000271021
0038000273384
0038000281860
0038000290169
0038000291760
0038000291791
0038000292484
0038000293221
0038000298356
0038000305894
0038000310317
0038000311208
0038000313295
0038000317101
0038000318108
0038000318290
0038000358005
0038000358210
0038000359484
0038000391033
0038000391095
0038000391347
0038000482427
0038000490620
0038000635601
0038000787041
0038000791222
0038000845772
0038000846748
0038000863608
0038000914881
0038000925634
0038000940644
0038101088207
0038527135301
0038616378404
0038778730201
0038794996971
0038900000080
0038900001438
0038900030087
0038900720612
0039047010222
0039047012318
0039156000107
0039156000459
0039217119151
0039278042122
0039400016038
0039400017820
0039400018728
0039400018841
0039545099033
0039779039973
0039779040016
0039779110054
0039978001672
0039978002860
0039978003508
0039978003683
0039978005038
0039978009616
0039978021847
0039978025258
0039978034205
0039978034526
0039978041548
0039978099020
0039978111050
0039978111104
0039978112040
0039978112842
0039978113023
0040000001621
0040000004059
0040000015024
0040000017448
0040000140924
0040000231325
0040000422082
0040000505334
0040000505488
0040000512998
0040000513018
0040000539551
0040000539742
0040000565079
0040000574576
0040000579922
0040000580065
0040000580089
0040000580126
0040000580256
0040000596356
0040000597575
0040100009282
0040345000655
0040822011969
0040822343893
0041000008450
0041000022906
0041000028021
0041000119750
0041116011184
0041129000564
0041129077009
0041129077696
0041164000482
0041190067145
0041190067787
0041190080991
0041190413157
0041190469567
0041192100239
0041192100253
0041192100314
0041192100451
0041192100888
0041192102097
0041192102271
0041192102646
0041192102943
0041192102950
0041192103735
0041192104046
0041192104749
0041192106835
0041192107474
0041192107498
0041192109157
0041192112652
0041196011210
0041196101621
0041196101645
0041196133073
0041196404838
0041196406757
0041196410761
0041196440829
0041196453843
0041196460551
0041196910933
0041196911169
0041196911572
0041220101276
0041220104482
0041220117284
0041220128013
0041220177400
0041220210954
0041220235445
0041220238729
0041220253005
0041220330850
0041220334957
0041220357741
0041220421978
0041220486823
0041220500581
0041220531172
0041220557998
0041220608126
0041220629961
0041220743131
0041220787883
0041220789856
0041220804917
0041220892631
0041220904105
0041220912629
0041220949427
0041220956814
0041220965793
0041220965878
0041220968947
0041220981564
0041220985838
0041220996889
0041224182202
0041224701502
0041231000117
0041234113760
0041235000779
0041250100416
0041250112532
0041250166009
0041250948827
0041250950493
0041250963929
0041258751177
0041260332067
0041268125036
0041268138418
0041268179305
0041268198122
0041271009743
0041271025903
0041271027747
0041303002872
0041303003695
0041303003732
0041303015070
0041303015124
0041321005213
0041321005749
0041321006555
0041321012037
0041321105340
0041321241055
0041321783104
0041322224514
0041322224699
0041331021524
0041331023016
0041331024006
0041331024198
0041331024426
0041331026352
0041331028004
0041331039611
0041331049474
0041331050524
0041331120258
0041331124027
0041331124201
0041331124560
0041331126823
0041335000211
0041335000655
0041335001713
0041335012122
0041335063094
0041335340720
0041364002095
0041364087320
0041383155475
0041387102451
0041387116274
0041387412246
0041387530308
0041387917857
0041390001017
0041390001352
0041390001451
0041390007033
0041390020704
0041390024009
0041390024047
0041390050350
0041409002479
0041410307518
0041415003637
0041415026803
0041415033658
0041415035645
0041415043305
0041415048324
0041415060517
0041415066304
0041415069411
0041415073081
0041415112865
0041415164055
0041415178052
0041415184053
0041415205192
0041415205338
0041415214330
0041415243057
0041415247055
0041415307902
0041415387904
0041415396630
0041415404915
0041415536647
0041415537644
0041415543645
0041415618619
0041420045707
0041420052613
0041420055645
0041420067884
0041420081200
0041420081217
0041420127052
0041443110437
0041443110949
0041443119638
0041449302546
0041449402277
0041449471501
0041483001412
0041483041579
0041500000299
0041500013107
0041501010068
0041501498934
0041543020087
0041548026855
0041548616049
0041548620107
0041548751511
0041548997179
0041565000272
0041565141647
0041565193882
0041570053317
0041570056998
0041570094754
0041570131183
0041570142967
0041570143575
0041570147078
0041570500019
0041618080206
0041646900231
0041660105155
0041679944004
0041716232156
0041716601433
0041716842942
0041716871751
0041716873168
0041716887219
0041716887998
0041729143913
0041736010284
0041755011545
0041757027971
0041770056804
0041780000415
0041780003119
0041780012722
0041780022400
0041780190130
0041780271877
0041780272195
0041789001574
0041789001666
0041789007118
0041789007125
0041790001655
0041800226009
0041800316007
0041800326006
0041800490004
0041800501267
0041800501694
0042222130257
0042222260091
0042222302043
0042238302518
0042238302556
0042272000210
0042272000456
0042272000586
0042272000593
0042272005130
0042272005932
0042272010059
0042272010578
0042272012138
0042272012190
0042272013203
0042272030057
0042396255022
0042396800055
0042400137320
0042400197560
0042400204763
0042400217862
0042400237976
0042400240839
0042400388869
0042400389880
0042400416289
0042400462934
0042400905011
0042400924784
0042421007886
0042421130799
0042421161540
0042421162462
0042421162882
0042421162998
0042421163018
0042456050314
0042456058037
0042563011727
0042563012847
0042563016562
0042563018771
0042563600006
0042563602888
0042743013107
0042743125510
0042743170817
0042800005830
0042800109187
0042800118462
0043000002742
0043000009505
0043000028865
0043000042038
0043000045749
0043000054024
0043000059531
0043000200018
0043000200025
0043000200063
0043000204337
0043000205518
0043000205594
0043000206515
0043000228029
0043000285886
0043000955314
0043000979402
0043182000598
0043182000604
0043182005203
0043182005234
0043192104002
0043192201053
0043192210017
0043192701416
0043301305818
0043301370007
0043301611704
0043454020507
0043454100155
0043454451189
0043456073501
0043646204005
0043646210389
0043695206203
0044000001759
0044000003067
0044000003654
0044000007492
0044000012519
0044000020347
0044000029913
0044000032142
0044000032258
0044000034214
0044000042578
0044000044541
0044000045432
0044000046316
0044000051099
0044000053819
0044000054816
0044000055844
0044000055851
0044000056940
0044000058494
0044000060107
0044000060176
0044000060411
0044000060626
0044000066970
0044000066994
0044000067519
0044000069919
0044000072322
0044000073329
0044000075255
0044000077709
0044000079055
0044000080778
0044000081201
0044000081522
0044082534411
0044100102011
0044115008186
0044115110346
0044300106376
0044400102704
0044400107006
0044400184007
0044400191005
0044500064803
0044500073195
0044500201703
0044500201826
0044500976496
0044700006740
0044700008676
0044700019900
0044700022887
0044700024102
0044700031292
0044700064375
0044700064412
0044700066478
0044700074275
0044700075296
0044700076484
0044700078594
0044700087374
0044700092057
0044700097014
0044700360002
0044738209564
0044774115065
0044800503200
0044900301041
0044900302857
0045300000657
0045300002767
0045300005416
0046000130064
0046000137339
0046000287324
0046000431659
0046000823614
0046000860350
0046000861012
0046000861210
0046015171618
0046015174428
0046100001066
0046100009406
0046100201091
0046100203187
0046100353394
0046100353417
0046100400128
0046100400555
0046100411032
0046457600325
0046600034274
0046600350053
0046600550033
0046675013518
0047200152603
0047200153303
0047416029607
0047495116700
0047495230512
0047495800166
0047495805017
0047500011136
0047677474208
0047834060121
0048000001955
0048000033550
0048001016446
0048001213722
0048001219892
0048001353862
0048001437241
0048001711037
0048121135478
0048121179090
0048121179809
0048121216818
0048121900656
0048121900793
0048121901059
0048313774041
0048500205990
0048500206850
0048500206867
0048564000500
0048564002030
0048564060061
0048564072002
0048564073009
0048564230013
0049000003673
0049000018066
0049000031058
0049000045666
0049000047134
0049000047820
0049000050172
0049000053425
0049000067217
0049000067224
0049000067934
0049000075298
0049000075946
0049000079371
0049000079401
0049000553819
0049000557718
0049022703919
0049319110055
0049508004202
0049508006190
0049508007302
0049508007319
0049508100034
0049508250401
0049508252214
0049733090162
0049733090179
0049900347020
0050000009268
0050000159918
0050000270071
0050000302628
0050000314744
0050000328420
0050000458172
0050000602360
0050000622313
0050000693863
0050000756223
0050000979875
0050255214004
0050255708008
0050313000051
0050313151357
0050500002271
0050696090939
0050977330808
0051000005496
0051000005502
0051000005687
0051000010476
0051000015419
0051000015884
0051000038135
0051000050434
0051000050441
0051000062611
0051000062765
0051000069597
0051000103499
0051000123268
0051000142924
0051000148803
0051000149817
0051000173454
0051000211644
0051000214454
0051000214508
0051000224767
0051000228956
0051000233394
0051000279750
0051000284181
0051000289469
0051000292933
0051212905836
0051500025130
0051500057223
0051500069394
0051500241431
0051500245453
0051500245552
0051500356142
0051500500835
0051500656426
0051500782286
0051611165909
0051900016028
0051933267503
0051943050218
0052000013580
0052000042320
0052000043471
0052000044263
0052000054996
0052000057980
0052000061185
0052000121865
0052100005089
0052100017440
0052100025797
0052100040967
0052100371450
0052100827889
0052159012045
0052159700829
0052159700836
0052159701031
0052159701116
0052159701154
0052159701192
0052159701246
0052159703370
0052159703387
0052500053208
0052500067670
0052548587321
0052603054034
0052603054096
0052603280747
0052603283687
0052603290104
0052603292115
0052833132991
0053000006756
0053600000918
0053600164061
0054100000507
0054100001702
0054100011107
0054100029010
0054100179906
0054100794130
0054319000015
0054358011263
0054800020119
0054800423408
0054800425242
0054800425365
0055270839492
0055270961124
0055598981279
0055653632108
0055653670902
0055742358018
0055742568912
0055742572261
0055742572599
0055742577785
0055773005011
0055840402552
0055840405683
0055991079146
0056200010851
0056210371065
0056409124564
0056725705515
0056800760873
0056800959765
0056833000229
0057836021174
0057836168169
0057836930032
0058336135101
0058449172123
0058449185048
0058449222224
0058449251330
0058449410164
0058449450023
0058449450047
0058449590774
0058449600572
0058449772071
0058449890256
0058449890331
0058496465148
0058496465162
0058807390688
0059441185364
0059749979252
0059800218627
0059800849302
0059949051888
0060383022815
0060383047207
0060383056360
0060383071240
0060383736439
0060383870492
0060410034132
0060410075012
0060410901236
0060822001166
0061243710750
0061362401003
0061362436517
0061763002014
0062020182203
0062942001415
0063100004903
0064042010465
0064100111370
0064144041640
0064144047093
0064144047178
0064144080373
0064144102358
0064144282661
0064144283040
0064144321001
0064144322879
0064396543237
0064563226772
0065633208278
0065633220041
0065684137480
0065928003250
0066188005701
0066613609566
0066613610562
0066721001139
0067275007899
0067312002672
0068100078589
0068100903829
0068100903973
0068274000447
0068437383509
0068437911450
0070022007004
0070038362586
0070074641164
0070074682358
0070085060107
0070129290613
0070132006034
0070200513242
0070200513273
0070200534254
0070200556089
0070200581036
0070200630161
0070200632158
0070200790063
0070200838116
0070200847026
0070200856141
0070200857278
0070210007588
0070210012841
0070247123091
0070270502214
0070271003789
0070272480107
0070277000089
0070277290404
0070381100002
0070404004348
0070415101616
0070462008227
0070462010909
0070462082517
0070462098365
0070462433838
0070470001098
0070470001296
0070470003016
0070470003108
0070470006505
0070470103754
0070470137674
0070470137797
0070470164731
0070470164977
0070470165172
0070470165929
0070470200156
0070470218168
0070470219899
0070470222189
0070470409665
0070470438269
0070470496511
0070470996172
0070552006089
0070552006546
0070552402133
0070552402140
0070552406001
0070552704329
0070552704374
0070552704381
0070552705203
0070552801134
0070560970952
0070560977715
0070569290402
0070617006245
0070617006283
0070622431018
0070640025220
0070640025244
0070640025275
0070640025282
0070640025312
0070641000066
0070650800824
0070662095010
0070662096321
0070662404072
0070662406014
0070662500033
0070670000013
0070670000631
0070718001002
0070734522673
0070744002196
0070796600289
0070796701009
0070800040322
0070800041527
0070800746873
0070800822485
0070800822539
0070801103033
0070834002266
0070844001013
0070844005127
0070847003229
0070847024026
0070847030157
0070847031918
0070847037545
0070847894087
0070852000121
0070852991139
0070852993799
0070919018717
0070919018724
0070919023216
0070920476520
0070920476711
0070920478012
0070953701002
0070960951568
0070970475276
0070970475375
0071007001376
0071007010941
0071007061400
0071007062971
0071007148422
0071007182570
0071007401404
0071010120248
0071010126271
0071010126691
0071010126707
0071010139806
0071010310106
0071010411100
0071010414569
0071012001385
0071012013302
0071012060085
0071012060160
0071018010756
0071022330086
0071025000115
0071068162054
0071072003749
0071072013090
0071100004434
0071105000011
0071109999113
0071109999311
0071117004892
0071117617085
0071140006009
0071140551509
0071146001190
0071146003453
0071146006386
0071202004141
0071300000359
0071300000762
0071314001212
0071314002356
0071314049696
0071314049726
0071314102001
0071319000647
0071429002463
0071429095236
0071430000342
0071430010655
0071448504221
0071464016630
0071464018900
0071464021832
0071464200404
0071464280604
0071464280802
0071464301514
0071464309527
0071464324520
0071464327507
0071464400507
0071481024007
0071505017282
0071524017676
0071535072008
0071537001341
0071537001471
0071567989794
0071580012028
0071628440998
0071673001113
0071673021203
0071700350023
0071728049169
0071728049305
0071728071153
0071840042819
0071840049344
0071840050807
0071840092036
0071840200202
0071840300025
0071845098309
0071846192303
0071851800460
0071871546683
0071871548748
0071873477060
0071899435556
0071921290535
0071921692575
0071921823795
0071921873547
0071921952594
0071921962395
0071960005091
0072030014753
0072036000385
0072036704283
0072036782045
0072036986900
0072060000405
0072060007176
0072180630698
0072180632449
0072180634696
0072180634733
0072180636942
0072180637185
0072180638113
0072180677747
0072180733665
0072180770141
0072220000542
0072220000672
0072220000979
0072220001273
0072220002072
0072220005165
0072220008289
0072220008487
0072220008586
0072220008715
0072220009910
0072220010046
0072220010169
0072220020045
0072220020052
0072220099935
0072220101508
0072220101560
0072220110715
0072238810041
0072250008136
0072250009034
0072250013024
0072250018548
0072250018883
0072250020138
0072250025249
0072250031066
0072250083966
0072251000306
0072251002164
0072273384897
0072273391642
0072310001237
0072320700694
0072322540304
0072322546047
0072322565017
0072360002017
0072360002031
0072368124377
0072368508559
0072368508603
0072368508924
0072400000256
0072400006678
0072457331181
0072457331198
0072463000248
0072554001604
0072600001862
0072600005761
0072600042797
0072609741820
0072610004181
0072655001046
0072655001343
0072655001831
0072655002500
0072655004443
0072655004900
0072655006782
0072655009806
0072655220096
0072655410220
0072655556270
0072659207079
0072700000031
0072714002403
0072730211100
0072730212022
0072730263109
0072730264502
0072745063282
0072745807008
0072799035570
0072830000857
0072830000956
0072830006118
0072830011259
0072830015011
0072830030038
0072830081160
0072830081252
0072830081382
0072830400084
0072830440042
0072830440059
0072830702287
0072830901604
0072830906128
0072878275514
0072878285131
0072878290807
0072878865760
0072878870382
0072904000097
0072940143437
0072945601659
0072945613058
0072945766150
0072979004167
0072999257031
0072999803030
0073007007433
0073007101957
0073007102923
0073040004055
0073130025250
0073130025939
0073132031198
0073132031204
0073141159357
0073202894517
0073214005666
0073214006335
0073217062345
0073260000110
0073390013349
0073402112602
0073410003046
0073410003459
0073410022504
0073410025260
0073410026335
0073410032008
0073410138250
0073410955673
0073410955727
0073410955741
0073410956014
0073410956076
0073410956717
0073410957776
0073410957813
0073410957875
0073416000131
0073416000179
0073416035300
0073416197633
0073416401020
0073416532700
0073416574601
0073420041823
0073420531218
0073435060802
0073472000120
0073472001868
0073472001912
0073472002612
0073472003817
0073490123832
0073490131875
0073490180026
0073490180293
0073491081209
0073491093004
0073497391999
0073497601494
0073731002018
0073731002490
0073731003060
0073731062005
0073731070048
0073731071427
0073934160140
0074027005188
0074030000651
0074030066091
0074030081919
0074030656209
0074030661654
0074117000123
0074117000987
0074117121217
0074175002909
0074175015190
0074235284511
0074305000065
0074305000324
0074305052163
0074312729003
0074323047042
0074323071290
0074323091199
0074323091458
0074323091731
0074329123412
0074338004177
0074401410416
0074410269746
0074483902854
0074562002031
0074570033102
0074570036004
0074570037001
0074570082025
0074570084067
0074570428540
0074570650309
0074570651689
0074570651764
0074653791875
0074680000827
0074680805224
0074682107319
0074682107340
0074682200294
0074683519340
0074683799940
0074683882772
0074690060460
0074690072104
0074780000062
0074780333467
0074780426701
0074780439961
0074780446334
0074822630004
0074873163278
0074880020083
0074880030327
0074880040609
0074880040616
0074908360214
0074956180550
0075076100015
0075199001909
0075278949979
0075278950241
0075278997246
0075355112289
0075355112296
0075365060457
0075669111138
0075669115150
0075669115518
0075669175024
0075669176021
0075669176076
0075706151004
0075706151035
0075720000517
0075720445738
0075810001257
0075810004357
0075810023259
0075810041352
0075810112250
0075856078701
0075900005318
0075901382166
0075925286006
0075925300061
0075925300672
0075925306223
0075925401249
0075925401386
0076033013164
0076057001383
0076057004407
0076057018084
0076067006507
0076150000146
0076150090208
0076183003121
0076183643570
0076186005115
0076301591349
0076301752498
0076371011051
0076371011174
0076371017541
0076397001128
0076397001289
0076397030029
0076397030036
0076397031002
0076397031507
0076397032634
0076397801018
0076406021604
0076406023103
0076410093017
0076410900445
0076410901312
0076580004912
0076580007241
0076580158295
0076580217787
0076677059085
0076677157019
0076808000221
0076808008463
0076808008906
0076808009170
0076808010794
0076808011777
0076811800054
0076840000715
0076840002306
0076840002351
0076840100040
0076840100811
0076840200160
0076840400218
0076850099136
0076950203532
0077013615705
0077034009880
0077034011487
0077079004000
0077330500142
0077400108339
0077400108384
0077400127330
0077400128535
0077428102609
0077544000919
0077544181557
0077544297807
0077544826007
0077567003935
0077567224828
0077567254504
0077661140154
0077745252599
0077745291864
0077745291888
0077782000108
0077782002218
0077782004694
0077782004700
0077782007978
0077782008166
0077782019346
0077782020267
0077782681925
0077890256053
0077890297889
0077890324509
0077890368831
0077890373194
0077890437858
0077890445112
0077890449981
0077890514269
0077890538203
0077890546888
0077890549490
0077890549520
0077890552223
0077890556832
0077890559758
0077890709313
0077890941775
0077900003134
0077900192098
0077900192623
0077900192821
0077900306587
0077900310911
0077900310997
0077900334962
0077900347580
0077900471339
0077900471414
0077900471506
0077900501920
0077958690133
0077958690140
0077958693646
0077975020036
0077975022313
0077975034033
0077975034095
0077975081099
0077975082119
0077975086179
0077975092088
0077975094877
0078000040586
0078000052428
0078000054408
0078000152463
0078000206401
0078354319093
0078354620113
0078354716069
0078354716243
0078354717295
0078355570059
0078355570257
0078355600350
0078700000255
0078700801609
0078732004009
0078742000626
0078742001999
0078742003443
0078742003986
0078742004938
0078742006444
0078742006505
0078742007700
0078742007946
0078742008011
0078742008844
0078742010663
0078742012377
0078742013718
0078742018454
0078742020389
0078742020952
0078742020983
0078742021393
0078742022710
0078742024578
0078742025520
0078742025599
0078742027227
0078742030456
0078742030616
0078742031651
0078742031736
0078742036991
0078742039732
0078742039794
0078742041087
0078742041322
0078742046136
0078742050416
0078742050447
0078742051642
0078742051895
0078742057996
0078742059723
0078742060934
0078742072234
0078742072678
0078742077123
0078742077840
0078742078816
0078742082608
0078742082721
0078742089850
0078742095219
0078742099453
0078742100180
0078742101323
0078742104423
0078742107981
0078742110288
0078742112084
0078742114187
0078742114491
0078742115061
0078742117706
0078742117713
0078742118154
0078742121871
0078742122069
0078742122250
0078742122366
0078742122533
0078742122632
0078742122786
0078742123738
0078742124278
0078742126258
0078742126531
0078742127651
0078742127743
0078742128108
0078742128290
0078742130460
0078742133652
0078742133829
0078742133874
0078742133898
0078742135472
0078742141404
0078742146515
0078742147123
0078742147468
0078742148137
0078742152400
0078742154701
0078742155432
0078742159812
0078742159980
0078742181592
0078742183954
0078742194196
0078742194837
0078742200774
0078742212883
0078742218878
0078742221434
0078742222578
0078742223513
0078742223735
0078742228679
0078742229430
0078742230375
0078742230474
0078742230498
0078742231198
0078742231266
0078742231440
0078742231464
0078742232935
0078742233642
0078742235967
0078742237343
0078742237381
0078742237510
0078742237527
0078742237534
0078742237855
0078742246062
0078742248677
0078742249704
0078742253862
0078742260020
0078742262826
0078742262925
0078742262970
0078742263106
0078742267432
0078742267449
0078742269511
0078742269542
0078742271811
0078742276007
0078742280400
0078742280561
0078742291994
0078742294728
0078742294834
0078742294995
0078742297194
0078742297217
0078742307480
0078742310527
0078742319247
0078742323831
0078742333755
0078742346342
0078742348728
0078742352039
0078742352046
0078742352572
0078742353258
0078742354972
0078742354989
0078742357102
0078742361864
0078742367194
0078742369419
0078742369693
0078742369747
0078742369785
0078742369907
0078742369938
0078742370415
0078742371689
0078742371993
0078742372198
0078742372341
0078742372495
0078742373348
0078742373379
0078742374116
0078742375724
0078742377452
0078742429779
0078742430225
0078742430256
0078742430263
0078742430393
0078742434230
0078742434544
0078742434582
0078783000418
0078821101893
0078858020181
0078858520957
0078858525020
0078895133035
0078895740035
0078895800319
0078907100154
0078935005124
0079200003395
0079200085346
0079200235444
0079200928391
0079462002631
0079606010157
0079694222128
0079694331158
0079893093949
0079893111162
0079893114248
0079893115733
0079893115740
0079893122014
0079893122724
0079893125138
0079893125947
0079893402000
0079893402703
0079893406374
0079893465005
0079893600727
0079900001233
0079900001851
0079900003213
0079900003251
0080000495341
0080000495631
0080000505255
0080000505286
0080000514202
0080000515902
0080000515926
0080000516480
0080000516848
0080000519757
0080000520241
0080000520883
0080000521484
0081312100015
0081312300200
0081312400009
0081312610002
0081363528035
0081537200729
0082011102645
0082011570703
0082425875111
0082592194107
0082666000105
0082666755005
0082666777007
0082988010066
0084114033000
0084114108128
0084114112699
0084114112729
0084114116642
0084114901521
0084114902801
0084114902917
0084114903846
0084114903853
0084213000187
0084587009526
0084617140359
0084909003904
0085239037867
0085239038635
0085239038796
0085239042069
0085239044803
0085239045985
0085239047293
0085239047330
0085239051597
0085239052938
0085239053317
0085239058466
0085239069981
0085239070093
0085239083222
0085239085653
0085239086100
0085239099155
0085239099186
0085239099971
0085239103746
0085239110485
0085239111895
0085239113288
0085239115268
0085239117194
0085239121542
0085239132319
0085239132395
0085239156766
0085239173664
0085239186800
0085239189368
0085239270271
0085239276495
0085239276501
0085239276754
0085239285367
0085239293508
0085239293515
0085239315705
0085239340431
0085239372036
0085239948071
0085239948835
0085239986998
0085239987001
0085239995112
0085968801951
0086467008346
0086479100229
0086479200226
0086600230597
0086600230610
0086600240169
0086600240640
0086600403304
0086600702513
0086733100101
0087684000977
0087703007864
0088177227642
0088194340065
0088194340621
0088395013515
0088395013522
0088525001245
0088702015621
0088702509359
0088702787115
0089036445504
0089094025052
0089094026103
0089125260308
0089125412004
0089397108674
0089686041705
0089836186034
0089947302064
0090478008332
0090478410012
0090478410043
0090478500041
0091428267014
0091464607102
0091752001209
0091752090005
0092227555128
0092227736480
0092227885126
0092227902328
0092325333352
0092719363620
0093709600336
0093966000856
0093966004380
0093966005127
0093966008449
0093966009064
0093966330007
0093966516005
0094643417271
0094922351241
0095705118082
0096619058136
0096619081394
0096619140244
0096619140404
0096619140497
0096619141890
0096619187119
0096619189205
0096619194070
0096619263424
0096619283545
0096619308293
0096619336524
0096619411146
0096619447817
0096619492237
0096619527694
0096619648122
0096619656622
0096619884810
0096732000678
0097923002655
0097923323453
0097928094969
0098100100775
0098100100843
0098100100997
0098308243670
0099447230071
0099482165406
0099482401269
0099482406585
0099482408428
0099482412289
0099482414221
0099482418342
0099482421373
0099482427337
0099482431051
0099482434052
0099482434274
0099482434427
0099482434755
0099482436261
0099482438487
0099482438869
0099482439811
0099482441586
0099482441807
0099482444495
0099482445522
0099482446147
0099482448639
0099482448714
0099482449612
0099482449629
0099482451363
0099482452728
0099482452940
0099482455101
0099482455699
0099482456030
0099482456146
0099482460419
0099482464196
0099482470647
0099482471743
0099482473662
0099482473938
0099482474478
0099482475284
0099482476847
0099482477042
0099482477097
0099482479985
0099482482046
0099482484330
0099482488819
0099482493271
0099482493424
0099482496937
0099482499167
0099482499174
0099482500931
0099482506179
0099482506339
0099482508463
0099482519261
0099482519650
0099482523398
0099482523619
0099482523787
0099482523800
0099482526306
0099482526740
0099482531720
0099482532710
0099482534165
0099482535124
0099482538385
0099900721405
0180127000005
0184739003249
0185689000517
0186852000341
0186852000372
0186852000945
0186852001072
0186852001607
0190484002031
0190569123026
0190569304517
0190569304579
0190569522201
0190569522218
0190646630225
0190646631727
0191011000872
0191907986419
0191907992823
0193908008527
0193908008602
0193968023195
0193968026240
0193968031206
0193968031237
0193968050689
0193968053581
0193968072674
0193968294564
0193968319922
0193968320188
0193968320232
0193968320270
0193968351779
0193968352028
0193968356446
0193968358297
0193968382988
0193968454029
0193968455675
0193968456177
0193968509835
0193968511548
0194346052912
0194346061778
0194346064960
0194346080427
0194346099443
0194346135547
0194346136612
0194346159505
0194346169504
0194346174751
0194346174768
0194346175673
0194346188413
0194346191550
0194346191574
0194346192694
0194346194001
0194346207640
0194346207701
0194346207749
0194346208180
0194346208258
0194346208852
0194346210893
0194346210954
0194346256068
0194346263738
0194346267453
0194346267507
0194346408375
0194346442799
0195372172117
0195372703564
0195893872817
0196005243952
0196633823076
0196633836717
0196633860330
0196633877185
0196633884442
0196633891891
0196633897077
0196633934956
0196633954930
0196633967503
0196761430825
0198168223161
0198420647698
0198715548891
0200166601008
0200989601001
0228616804489
0300878446246
0600699001434
0600699003261
0602050103504
0602652181023
0602652257162
0602652257179
0602652262937
0602652271465
0602652279638
0602652296635
0602652433610
0602652552502
0602652670541
0602652670664
0602938513593
0602938513715
0604183110503
0604262003085
0605021600453
0605021603287
0605388186744
0605388186782
0605388186881
0605388187239
0605388187345
0605388187895
0605388188335
0605870001173
0606105010656
0606274325711
0606274325735
0606274328835
0606541601036
0606541920380
0611269002263
0612669316714
0613008715625
0613008720711
0613008725853
0613008751159
0613008756444
0616003741361
0616112031964
0616112859933
0616112866702
0616973811156
0619286608000
0619286609069
0619286609076
0620221200203
0621683921255
0626394391458
0627843840800
0628055142638
0628149278182
0628356223104
0628451529132
0628451529149
0628451868606
0628915641820
0631656716733
0631723203814
0632432728773
0633148100129
0633456050086
0633600502300
0633600502331
0634039001686
0634418525710
0635617000190
0636046700248
0637480005364
0637480031554
0637480041034
0637480046596
0637480071017
0637480074100
0637480075282
0637480077057
0637793000933
0637793001039
0639277576255
0639511523496
0640410514744
0641548550062
0643843716099
0643843716563
0643843800880
0643843801825
0643843803102
0644209004393
0644209307494
0644209411870
0644209420957
0644225727115
0644225727139
0644225730016
0644225730023
0644225730269
0645230011084
0646670310270
0646670312311
0646670312502
0646670313219
0646670513541
0646670522901
0646670536120
0646670539633
0646670681578
0648505507206
0648649256466
0648960035771
0650912101816
0652729710748
0652729711288
0656133142966
0657082029308
0657522750021
0657622222015
0658010113687
0658010115933
0658010119412
0658010124577
0658325076103
0658842652170
0659253120258
0659253121880
0660726503478
0661440000014
0664372600017
0665291001152
0669809100207
0669809200808
0669809201461
0671635708656
0671635708731
0671635708847
0672642000429
0673316036584
0673803100019
0673803313464
0674806008227
0675625357060
0675625371196
0677294991149
0678963100206
0679844103460
0681131052269
0681131075466
0681131091329
0681131155663
0681131160780
0681131286398
0681131288408
0681131328777
0681131328982
0681131354783
0681131355070
0681131387446
0681131387460
0682430179206
0686207005088
0686352600145
0686700101249
0687456211299
0687456283142
0687456914138
0687652600507
0687910004818
0687910007208
0688264996934
0688267024184
0688267033582
0688267037054
0688267039126
0688267070495
0688267096792
0688267099540
0688267141898
0688267165122
0688267174957
0688267204272
0688267532597
0688267571602
0688267573446
0688267577574
0688267580406
0688339923209
0688665000018
0689076762779
0689466527698
0689544072003
0689544083702
0689893002010
0690819131080
0691535201019
0691535485013
0691535503014
0691535701014
0692752106767
0695119120338
0696685200059
0697068520405
0697539301090
0697658101014
0697658220012
0697658692239
0698997809548
0698997809845
0701243012330
0704639760044
0704863050157
0705016600205
0705105735436
0705599011313
0705599012310
0705599013393
0705599013485
0705599013928
0705599016431
0705599016455
0705599018930
0705599019463
0705814727302
0705814728309
0706010112923
0707082100320
0708163122460
0708163261077
0708163261275
0708163275647
0708163950155
0708656001470
0708820033429
0708820088047
0708820672697
0708875205543
0708953102603
0710282429320
0710779770171
0710779770461
0710779770515
0711575005153
0711575007614
0711844110618
0713733039093
0713733815048
0713733913881
0715001003218
0715141212174
0715166044170
0715166044187
0715364100012
0715374544042
0715756100590
0716245000094
0716270001509
0716270001653
0717067133007
0718604000240
0718604146511
0719166025009
0719283196699
0719283255570
0719410700010
0720692924100
0721094199707
0722252068484
0722252068675
0722252068767
0722252068811
0722252069580
0722252069726
0722252100696
0722252111906
0722252268006
0722252387998
0722252601407
0722337819048
0722430300160
0722430760162
0722430850160
0722430910161
0722430920160
0722776001561
0724869055550
0724869100090
0725299030247
0725341282563
0725342269266
0725342484706
0725422000079
0725439300803
0725439301107
0726191068154
0728229123477
0729906510016
0731216104380
0732153248816
0732313001701
0732388294107
0732388357703
0732388437030
0732494000524
0733163001231
0733636330141
0733739066725
0734027904019
0734756010760
0735850479828
0736393501007
0737297000085
0737349000308
0737483778088
0737628004003
0738203112113
0738985277307
0739446401620
0740881212078
0742365003820
0742365003837
0742365005183
0742365607103
0742488239809
0742753348441
0743234000285
0743504999912
0743659129103
0744473000302
0744473000470
0744473476138
0744473476213
0744473899975
0744473909544
0745998990093
0745998990642
0747479000031
0747479000123
0747479100052
0747479101738
0747479101967
0747479300032
0747479300049
0747479300179
0747479400022
0747599306532
0747599315343
0747599322983
0747599410086
0747599413926
0747599418723
0747599424595
0747599616990
0747599618260
0747599622137
0747599624582
0748404420559
0748485100098
0748485200026
0748485780139
0748729220032
0748927026658
0748927057072
0748927060539
0748927060607
0748927060614
0748927063769
0748927068030
0748927068054
0748927069235
0748927069808
0748927069860
0749289940118
0749601012066
0749666826349
0749826000091
0749826000190
0749826000473
0749826001074
0749826002019
0749826002309
0749826002378
0749826004181
0749826548340
0749826579481
0750030674343
0751217950007
0751217950038
0753469000554
0753519463209
0753656709215
0753656710969
0755355001003
0755763001756
0755795252614
0755795252829
0755795655064
0755795655088
0755795758086
0755795758130
0755795855181
0756110195302
0756702131732
0756702132692
0756963900016
0757107011049
0757107013005
0757528004149
0759544083023
0760236083177
0760236483670
0760236483687
0760236483694
0760295004236
0760295004281
0760712040014
0760712160019
0761720987513
0762111144355
0762357059604
0762357101990
0762357122001
0762612551225
0763528306039
0764014333522
0765667527931
0767226337913
0767226447919
0767707001241
0767707013824
0767707014913
0767707014944
0767707015033
0768183000469
0769197300125
0774034226049
0780353784030
0780778107407
0780961001246
0781138710152
0781138807159
0781421024300
0781421170076
0781421170106
0781421170700
0781421524237
0781421524800
0782045112015
0782733012085
0782733012139
0782733020615
0782733020622
0784830004109
0786162507006
0786969030059
0787325201137
0787359100062
0787359100185
0787359101403
0787359101410
0787359177040
0787692724062
0787692834631
0787692835355
0787692835706
0787692870011
0788434103770
0788434103978
0788434106832
0788709696020
0788821019141
0791241501691
0791241504289
0791669252762
0793099102907
0793573477262
0793573682703
0793573682765
0795709090024
0796252100017
0796252100215
0796252702143
0799210222288
0802763028594
0802763331700
0804531110753
0804642003029
0807176540626
0807176541005
0807176712467
0810001561253
0810003420206
0810003460387
0810003461094
0810003462084
0810003780805
0810012620925
0810014150000
0810014150017
0810014530314
0810019263224
0810019410505
0810019603044
0810021672052
0810023540083
0810023540106
0810023590668
0810028292567
0810030510482
0810030518914
0810030519171
0810030519577
0810039910009
0810042990210
0810044572384
0810046530160
0810047632122
0810057290619
0810057291470
0810062521715
0810063711597
0810075550047
0810075550306
0810075810479
0810076291147
0810085815563
0810088860461
0810089956002
0810090751306
0810091780435
0810091781265
0810091781456
0810092630272
0810093782192
0810095661129
0810098575676
0810104460248
0810104460262
0810104461313
0810104462464
0810113510187
0810113830001
0810113830025
0810113830797
0810113832012
0810113832616
0810116126804
0810122080787
0810122080916
0810125970542
0810125973307
0810133449610
0810137460130
0810139571513
0810139571865
0810139572541
0810153930211
0810155480738
0810155482688
0810158940451
0810161620029
0810165015012
0810165015029
0810165019492
0810177550112
0810183490242
0810192260027
0810193920555
0810206001110
0810264023789
0810264024458
0810264025004
0810264025509
0810264027152
0810291001064
0810345038589
0810474006022
0810493030022
0810571030043
0810571031224
0810589030349
0810589030783
0810589031070
0810589031094
0810589031636
0810589031711
0810589031933
0810589032220
0810607024657
0810607024671
0810609020213
0810757010029
0810757010081
0810757010210
0810757011989
0810815020823
0810934030215
0810934031090
0810934031243
0811184030888
0811663029037
0811669020427
0811669020526
0811670032396
0811737070033
0811961020231
0811961020910
0812136030680
0812169002883
0812446030004
0812446030011
0812475012255
0812541030145
0812668020067
0813002020149
0813039021454
0813039022062
0813039023908
0813074001718
0813085600047
0813085605509
0813305017280
0813330020019
0813636022816
0813636023264
0813636023455
0813926002948
0813926005024
0814422020375
0814558020300
0814558020317
0814558020324
0814558022786
0814856010287
0815055011822
0815074023981
0815099022259
0815099022266
0815216016697
0815296021697
0815369012621
0815421011302
0815421011906
0815421013146
0815652002162
0815652009000
0815863020016
0815887010246
0815887011915
0815909020376
0815909020482
0816202020285
0816202022050
0816401022172
0816401025616
0816695002430
0816697020326
0816697021040
0816897020195
0816897021598
0816925020265
0816925020289
0816925020722
0817719021116
0817719021161
0817719021659
0817719021758
0817944011296
0818094005746
0818094005814
0818290010322
0818290011046
0818290011503
0818290011633
0818290012715
0818290012807
0818290013828
0818290014245
0818290014252
0818290014634
0818290014856
0818290015174
0818290015228
0818290015907
0818290017550
0818290018342
0818290018663
0818290019028
0818290019202
0818290019332
0818411000010
0818411000324
0818512018815
0818541000096
0818562024040
0818581010857
0818581012257
0818594015467
0818594017348
0818594019052
0818617021765
0818745002346
0818780010016
0818780012072
0818780019989
0819019020714
0819021011205
0819215020051
0819442010245
0819496029286
0819597013450
0819597013788
0819898010097
0819898010110
0819898010394
0819898013142
0819944010217
0820581250256
0824150112082
0824295136417
0824295137643
0824862006327
0825325890002
0825625000446
0825625000514
0825819110319
0825819113013
0826088583071
0826088866013
0826520100453
0826520903238
0827578003154
0829262001811
0829515322106
0829515323592
0829515324018
0829515324148
0829696000497
0829696001203
0829696001715
0829793022934
0829793061513
0830028000917
0830028000931
0831490000108
0834183001055
0834183006999
0835228000040
0835228000057
0835228006301
0835841003817
0835841006979
0835841007259
0836093021048
0837328000067
0837654860373
0837991218165
0838455000012
0838706000013
0838766001852
0838766006703
0838869018016
0838869018023
0840224600736
0840229305506
0840229305582
0840266300106
0840266300205
0840266324607
0840290700309
0840370900025
0840370901282
0840370901503
0840370901602
0840370902395
0840392300216
0840426100195
0840426100201
0841330120545
0842096109102
0842234001299
0842234001305
0842234002494
0842234006706
0842515006722
0842595113365
0842595119831
0842595121766
0842595138214
0842595138290
0843076000266
0843369100413
0844334001308
0844911008935
0846548082906
0846548089417
0846548089424
0847280095346
0847644005042
0847644008067
0847644009866
0848860041258
0848860049070
0848860050243
0849327000856
0849455000001
0849455000018
0849455000025
0849455000087
0849819000722
0850000039018
0850000223158
0850000223332
0850000398474
0850000429109
0850001974677
0850001974684
0850001974783
0850002856132
0850002887907
0850002949254
0850003023168
0850003023199
0850003113081
0850003113333
0850003113913
0850003994208
0850003994444
0850003994741
0850004532058
0850004554036
0850004554180
0850004554432
0850004639108
0850004639238
0850004639993
0850004694138
0850004694237
0850004694411
0850004694992
0850004867150
0850004867396
0850005324157
0850005324843
0850005622314
0850005872207
0850006883028
0850006883424
0850006883653
0850006883707
0850007391058
0850008751196
0850008751882
0850009682062
0850009682123
0850010279619
0850010538907
0850010613130
0850011088036
0850011443224
0850011443606
0850011737026
0850011828564
0850012117513
0850013189182
0850013497454
0850014335182
0850014634803
0850015096006
0850015690655
0850016452504
0850016813046
0850017142473
0850017142602
0850017346017
0850017346215
0850017468139
0850017604032
0850017956322
0850017956506
0850018829038
0850020260652
0850020705771
0850021145002
0850021145019
0850021228453
0850021228705
0850021474430
0850021474690
0850021474713
0850023446145
0850023946454
0850023946508
0850023946515
0850023946942
0850024267961
0850025765244
0850025850162
0850026196122
0850026255591
0850026969016
0850027880105
0850027959221
0850027959375
0850028051320
0850029632054
0850029632733
0850029742814
0850029742913
0850029953111
0850030464057
0850031700222
0850031990036
0850031990203
0850031990500
0850031990579
0850031990630
0850032676304
0850033235579
0850035980323
0850036444107
0850036606109
0850036778189
0850039286599
0850039896507
0850042128398
0850042128855
0850042519226
0850042519653
0850042641248
0850043074298
0850043074311
0850043074397
0850043369035
0850043711346
0850044112104
0850044112685
0850044112807
0850044206490
0850044456734
0850045947354
0850045947408
0850046148002
0850046148040
0850046491405
0850047220868
0850048474130
0850049100182
0850049837347
0850052630140
0850053624131
0850053624995
0850053830143
0850053830242
0850054108807
0850054122001
0850054360083
0850055550322
0850057175318
0850057210026
0850060973130
0850062335097
0850062639065
0850064303599
0850064930139
0850065428000
0850065835006
0850065835044
0850065948553
0850067422297
0850067605003
0850067605096
0850068174034
0850068174058
0850068174072
0850069201180
0850136005680
0850180006442
0850241008156
0850241008828
0850243008932
0850361007206
0850388783053
0850388872160
0850406004153
0850416002224
0850416002286
0850416002590
0850428001000
0850473002083
0850475006898
0850565007156
0850668000436
0850668000443
0850668000467
0850668000702
0850687110307
0850712007060
0850712007831
0850789002036
0850791002628
0850822006557
0850858007450
0850885008758
0850885008772
0851015004220
0851035003449
0851035003647
0851087000052
0851093004099
0851100003503
0851107003629
0851146002638
0851186007501
0851361005773
0851387007492
0851508002320
0851554006006
0851562007132
0851562007569
0851562007804
0851562008412
0851587003010
0851702007176
0851741008981
0851769007850
0851770006033
0851770006330
0851784007620
0851856008326
0851856008579
0851899005764
0851921006196
0851921006875
0851953005006
0852160007005
0852261007034
0852261007263
0852311004020
0852346005948
0852537005412
0852537005917
0852605008567
0852614006493
0852629004767
0852675006029
0852675006036
0852823006482
0852835008009
0852909003770
0852933008345
0852955007067
0853016002014
0853056004542
0853104007518
0853169002534
0853204007609
0853231007993
0853237003005
0853303007265
0853330007306
0853451003003
0853471004080
0853479006765
0853552003032
0853584002201
0853584002249
0853584002348
0853584002393
0853687004904
0853762002887
0853787005849
0853883006061
0853883006634
0853923002244
0853923002305
0853923002336
0853923002893
0854092006149
0854092006866
0854183006041
0854285000091
0854401004002
0854401004026
0854420003505
0854442007451
0854442007499
0854702007016
0854724007094
0854918002133
0854934004937
0854946007315
0855019000172
0855088005689
0855097002167
0855206005577
0855230002009
0855352008040
0855531002050
0855569110383
0855569210564
0855569211097
0855577106095
0855596007496
0855611002963
0855694004410
0855694006285
0855823007114
0855823007121
0855868002273
0855930001050
0856014002079
0856069005018
0856072004435
0856088003163
0856256002684
0856260006197
0856260006517
0856261006974
0856262005082
0856262005167
0856262005372
0856282003013
0856461008648
0856472002017
0856481003197
0856481003814
0856502006084
0856516002331
0856516002850
0856624004098
0856624004128
0856624004166
0856624004371
0856663007210
0856697007255
0856711007025
0856716008164
0856802008726
0856823004776
0856904000253
0856920005294
0856962007416
0857063002003
0857063002041
0857063002065
0857064007083
0857065007020
0857161008464
0857183005366
0857183005632
0857290005204
0857290005532
0857290005747
0857290006270
0857394006107
0857484006710
0857682003016
0857682003887
0857690008041
0857900005181
0857900005549
0857925008341
0857965007007
0857965007052
0857965007434
0857965007526
0857965007533
0858010005627
0858016005218
0858034006549
0858089003227
0858135003737
0858135003751
0858148003083
0858159002112
0858175003926
0858241006554
0858282006810
0858369006320
0858369006665
0858372001657
0858379004514
0858612003151
0858641003788
0858760006547
0858764000299
0858847000703
0858906004505
0858906004840
0858982001382
0858982001740
0858996005000
0859146006656
0859162007217
0859484007117
0859764006106
0859888000127
0859917004409
0859977005545
0859982007015
0860000108034
0860000268707
0860000468503
0860000815529
0860001165104
0860003298695
0860005246809
0860006036249
0860006854355
0860007487309
0860008097620
0860008230799
0860008266231
0860008361202
0860008724748
0860010368831
0860011175056
0860012002351
0860012335626
0860408000893
0860479001591
0860666000307
0861080000317
0861592000041
0861619000030
0861703000113
0862069000106
0865336000052
0865458000138
0865891000153
0866292000483
0866464000105
0866464000129
0867818000307
0868196000279
0868391000319
0868767000394
0869184000226
0869982000015
0870001002576
0871459000237
0871459001746
0871459001982
0871459009018
0872181005019
0872410001300
0872410003250
0872447000178
0873983005054
0874492000707
0874659000489
0874659000670
0875208000646
0875343006473
0875754001562
0876063007832
0876637500516
0876681004640
0876681006880
0876681007511
0876681014229
0876941000344
0877448003555
0877448003593
0877448003623
0877448003692
0877448007515
0879890000014
0879890001974
0879924005886
0880173000645
0881245150169
0881245151166
0882266110026
0882391130500
0883978063754
0883978079793
0883978095991
0884395207110
0884623100343
0884623105362
0884623105423
0884623105942
0884912006233
0884912006806
0884912111715
0884912129659
0884912273116
0884912280558
0884912294067
0884912377494
0884912379283
0884912385871
0884912393807
0884912416483
0884912420596
0884912434968
0884912449641
0884983000659
0885229002499
0886790216209
0886926844399
0887422000210
0887725000030
0888109000400
0888109010690
0888109010904
0888109050054
0888109110048
0888109110611
0888109110642
0888109110956
0888109150037
0888109253097
0888109253738
0888109254650
0888313000470
0888670013021
0888670020708
0888670025529
0888670033593
0888670048078
0888670078129
0888670091920
0888670098738
0888670110546
0888849001231
0888849001354
0888849005178
0888849006007
0888849006038
0888849007165
0888849007189
0888849012053
0888849012060
0888849013395
0888849014521
0888849015924
0888849016136
0888849016150
0889392010176
0889392080049
0889497642012
0890000001042
0890000001097
0890000001110
0890146001869
0890497000245
0891071001467
0891627002504
0891627002955
0891627009107
0891627009183
0891742002021
0891756000174
0891770002123
0891953001004
0892453001082
0893222000084
0893222000787
0893222000824
0893536002958
0893594002570
0893869000713
0893869000720
0894455000209
0894537000103
0894771000341
0897399001028
0897785001274
0897785001281
0897922002775
0898220017874
0898248001374
0898248001701
0898999000664
0898999012261
0898999012698
0898999040004
0899039002822
0899055000246
0899450002050
1014015040639
1220000450134
1230000147132
1240000004328
0000122120101
0000260814065
0001600040105
0003003403591
0004119210859
0004567340236
0005158700350
0007417000012
0008131220061
0008155902903
0008274006650
0008346500086
0008346790029
0008459345567
0008523352798
0008577000041
0009300000161
0009300000376
0009300000383
0009300000659
0009300000710
0009300000864
0009300001014
0009300001069
0009300001090
0009300001328
0009300001663
0009300001984
0009300004091
0009300005234
0009300006521
0009300007528
0009542004859
0009542015817
0009542450601
0009542461867
0009800003624
0009800122011
0009800300037
0009800514021
0009800554041
0009800556014
0009800630110
0009800800100
0009800820023
0010300348993
0010300543299
0010300808992
0010300809098
0010300894407
0010300933656
0010300933663
0010300933670
0010300942146
0010609627140
0010700066954
0010700102003
0010700500502
0010700519214
0010700530066
0010700557094
0010700703651
0010700859280
0010852997489
0010878015594
0010978200500
0010978200517
0010978309463
0010978309470
0010978891609
0011110001207
0011110001511
0011110001979
0011110001986
0011110002013
0011110005083
0011110005229
0011110007049
0011110007803
0011110009180
0011110009210
0011110009234
0011110011343
0011110017987
0011110018960
0011110019509
0011110022837
0011110024527
0011110024688
0011110025104
0011110027214
0011110028051
0011110028099
0011110028174
0011110029287
0011110030702
0011110030726
0011110032317
0011110034120
0011110034915
0011110035318
0011110036223
0011110036322
0011110037503
0011110037633
0011110038081
0011110038173
0011110039316
0011110041630
0011110041647
0011110043757
0011110043825
0011110044099
0011110044402
0011110046697
0011110048677
0011110049803
0011110051585
0011110055446
0011110055804
0011110059642
0011110073044
0011110076595
0011110080264
0011110080868
0011110081322
0011110081636
0011110082879
0011110084347
0011110084781
0011110084866
0011110085030
0011110085047
0011110087560
0011110089137
0011110090058
0011110090089
0011110090119
0011110090720
0011110090980
0011110093448
0011110094063
0011110094377
0011110095336
0011110095671
0011110096487
0011110098436
0011110099693
0011110100269
0011110100313
0011110101310
0011110101327
0011110101334
0011110101853
0011110103338
0011110103437
0011110103581
0011110104496
0011110104519
0011110106506
0011110107077
0011110107732
0011110107749
0011110108029
0011110108296
0011110109705
0011110109958
0011110115102
0011110115348
0011110115386
0011110116185
0011110119377
0011110119452
0011110119537
0011110119759
0011110120083
0011110120465
0011110120571
0011110121134
0011110122100
0011110122117
0011110122179
0011110122322
0011110123220
0011110123718
0011110125330
0011110126030
0011110126740
0011110126993
0011110129376
0011110131775
0011110132253
0011110132345
0011110132352
0011110132376
0011110133373
0011110133809
0011110134134
0011110134141
0011110134677
0011110135308
0011110135315
0011110135520
0011110136466
0011110137487
0011110137890
0011110138828
0011110139085
0011110139511
0011110141156
0011110141217
0011110144072
0011110144324
0011110145239
0011110145482
0011110145505
0011110145529
0011110146014
0011110148711
0011110149473
0011110149497
0011110149503
0011110150080
0011110151124
0011110151216
0011110151315
0011110151728
0011110155641
0011110155832
0011110157072
0011110157157
0011110162205
0011110181268
0011110182739
0011110192806
0011110352729
0011110357946
0011110372659
0011110401908
0011110427052
0011110428615
0011110444455
0011110450432
0011110462350
0011110462701
0011110500946
0011110501707
0011110501769
0011110501868
0011110501905
0011110502056
0011110503336
0011110505347
0011110505866
0011110506535
0011110506627
0011110507112
0011110507129
0011110582874
0011110584304
0011110586247
0011110586780
0011110587152
0011110587213
0011110587299
0011110587336
0011110587343
0011110587947
0011110602770
0011110602862
0011110604651
0011110605788
0011110607362
0011110608611
0011110608710
0011110613615
0011110618238
0011110622617
0011110625489
0011110626158
0011110626851
0011110628565
0011110628695
0011110628756
0011110630643
0011110634603
0011110636782
0011110667595
0011110669858
0011110717863
0011110717870
0011110719188
0011110719287
0011110719720
0011110728401
0011110728418
0011110732934
0011110788665
0011110789228
0011110790026
0011110795496
0011110800060
0011110801098
0011110803061
0011110805805
0011110806277
0011110807021
0011110807120
0011110811196
0011110812506
0011110813640
0011110815224
0011110816566
0011110816962
0011110817013
0011110817112
0011110819185
0011110822055
0011110822185
0011110837332
0011110837646
0011110837943
0011110839213
0011110840097
0011110842534
0011110844675
0011110847362
0011110847621
0011110849236
0011110849373
0011110849410
0011110849427
0011110849861
0011110850232
0011110850331
0011110850683
0011110851284
0011110854759
0011110855879
0011110856074
0011110862402
0011110869821
0011110869838
0011110869890
0011110872692
0011110875822
0011110875839
0011110875860
0011110875877
0011110876096
0011110878052
0011110878083
0011110879967
0011110880031
0011110881458
0011110886460
0011110888655
0011110889041
0011110890887
0011110892348
0011110892799
0011110893109
0011110893123
0011110893994
0011110896209
0011110896230
0011110897114
0011110897299
0011110897305
0011110897411
0011110897800
0011110897824
0011110898609
0011110905932
0011110906601
0011110906762
0011110908759
0011110909336
0011110912510
0011110913449
0011110915689
0011110915696
0011110916204
0011110963666
0011110967138
0011110967312
0011110967848
0011110967893
0011110968739
0011110968753
0011110968968
0011110970343
0011110972095
0011110972613
0011110972729
0011110972811
0011110974150
0011110978097
0011110979711
0011110979759
0011110979933
0011110993779
0011110993809
0011140871023
0011152012469
0011152021379
0011152038513
0011152066301
0011152068596
0011152094564
0011152144092
0011152145969
0011152229980
0011152238357
0011152244471
0011152285894
0011152414645
0011152431680
0011152449531
0011162102358
0011162111275
0011194323844
0011210006256
0011210007048
0011210008250
0011210008427
0011210009714
0011225129872
0011251012704
0011284003014
0011284003038
0011284003069
0011284003298
0011284006251
0011284006268
0011300820700
0011300820717
0011384160051
0011384232116
0011384232222
0011433119719
0011433136556
0011433136624
0011535504734
0011594022132
0011594022149
0011822583213
0011826200017
0011863118764
0011863125144
0011863126011
0012000003110
0012000064494
0012000100109
0012000105425
0012000150050
0012000151095
0012000172229
0012000172663
0012000180217
0012000182204
0012000183386
0012000205842
0012000207846
0012000207907
0012000221477
0012000240577
0012000240812
0012000250576
0012000286216
0012000286223
0012000809972
0012000809996
0012176200108
0012345678905
0012511204419
0012511300104
0012511891657
0012546011624
0012546011846
0012546014762
0012546315012
0012546612678
0012822009048
0012822022023
0012993441098
0013000005890
0013000006408
0013000011013
0013000014540
0013000514910
0013000529303
0013000797702
0013000798303
0013087201529
0013087335903
0013113347351
0013120000416
0013120003929
0013120014925
0013120046865
0013120085727
0013130060356
0013300000045
0013300000106
0013300000311
0013300001318
0013300554012
0013300555392
0013300579022
0013300603307
0013300604410
0013300653302
0013300928646
0013409515518
0013409515976
0013409517406
0013409517727
0013409517826
0013454384169
0013495113537
0013562001439
0013562001705
0013562001750
0013562127726
0013562142415
0013562222377
0013562300600
0013562300631
0013764001244
0013764001251
0013764027091
0013764027190
0013764027909
0013764028081
0013764028401
0013764028470
0013800047083
0013800047175
0013800047182
0013800100184
0013800100665
0013800100726
0013800101709
0013800102010
0013800103239
0013800103345
0013800103420
0013800103901
0013800103932
0013800120069
0013800120076
0013800120083
0013800136602
0013800151834
0013800166081
0013800166517
0013800166685
0013800168337
0013800170002
0013800172198
0013800188052
0013800188083
0013800190208
0013800190215
0013800190864
0013800197368
0013800266804
0013800358400
0013800427847
0013800448316
0013800470089
0013800561985
0013800570918
0013800581891
0013800654557
0013800679987
0013800756299
0013800785206
0013800833723
0013800836625
0013800924384
0013800938947
0013941006994
0013941032924
0013971001990
0013971005202
0013971006018
0014054026053
0014100041559
0014100041931
0014100042792
0014100043706
0014100044222
0014100045403
0014100045557
0014100046288
0014100046714
0014100047803
0014100048060
0014100048107
0014100048534
0014100049159
0014100049685
0014100049791
0014100050445
0014100050759
0014100051855
0014100054672
0014100054733
0014100055273
0014100055389
0014100055501
0014100056003
0014100070832
0014100070986
0014100071051
0014100071662
0014100074359
0014100074830
0014100074878
0014100075226
0014100077138
0014100077152
0014100078081
0014100079460
0014100082354
0014100082996
0014100085430
0014100087861
0014100088226
0014100089001
0014100091417
0014100093626
0014100098959
0014100275169
0014113700016
0014113701037
0014113701556
0014113701570
0014113910934
0014113911009
0014113911955
0014500005014
0014500007131
0014500007148
0014500009371
0014500011619
0014500012531
0014500012654
0014500012746
0014500012753
0014500012791
0014500013989
0014500014092
0014500014214
0014500015136
0014500015792
0014500015815
0014500016713
0014500016966
0014500017406
0014500017420
0014500017505
0014500017819
0014500017833
0014500018106
0014500021328
0014500021342
0014500021588
0014500023773
0014500023889
0014500024015
0014500024022
0014500025296
0014500505637
0014500987884
0014800001693
0014800002096
0014800002300
0014800003840
0014800006445
0014800006872
0014800210842
0014800512755
0014821201225
0014900013817
0015000003074
0015000005092
0015000005344
0015000044558
0015000047320
0015000048280
0015000070335
0015000070526
0015000074920
0015000076016
0015000076429
0015000076757
0015000076818
0015100000287
0015205438206
0015292204463
0015292204760
0015300201477
0015300430471
0015300430594
0015300430617
0015300440494
0015300441323
0015324142916
0015414341205
0015449073010
0015532101033
0015532101088
0015665000197
0015700213117
0015700251515
0015700252512
0015700255094
0015700257029
0015800070320
0015839097206
0015900001200
0015900060009
0015900063345
0015900063376
0015900190799
0015900235650
0016000116108
0016000119451
0016000119499
0016000121256
0016000121843
0016000122246
0016000122536
0016000125643
0016000126954
0016000127258
0016000127494
0016000127562
0016000127593
0016000137882
0016000139770
0016000140097
0016000140899
0016000140929
0016000141759
0016000142138
0016000144682
0016000145290
0016000147096
0016000147614
0016000149847
0016000149960
0016000150874
0016000151253
0016000151291
0016000156975
0016000157620
0016000160583
0016000161672
0016000161979
0016000162648
0016000163676
0016000163836
0016000163898
0016000165441
0016000168749
0016000169142
0016000169319
0016000169357
0016000169616
0016000169623
0016000169647
0016000170353
0016000172616
0016000173187
0016000173651
0016000173842
0016000178229
0016000178243
0016000178496
0016000179455
0016000179462
0016000183940
0016000184862
0016000185746
0016000186965
0016000189096
0016000189157
0016000189171
0016000189522
0016000194304
0016000197053
0016000197367
0016000197466
0016000197787
0016000200685
0016000201972
0016000202818
0016000202979
0016000207615
0016000207622
0016000207714
0016000209411
0016000211667
0016000214897
0016000221574
0016000221949
0016000221956
0016000222243
0016000222335
0016000223219
0016000223264
0016000224766
0016000226050
0016000226067
0016000226579
0016000228160
0016000228542
0016000229969
0016000230668
0016000263130
0016000275034
0016000275058
0016000275119
0016000275270
0016000275287
0016000275348
0016000275676
0016000275713
0016000275829
0016000277946
0016000283503
0016000302006
0016000302808
0016000308114
0016000312371
0016000319158
0016000323209
0016000355408
0016000359932
0016000374201
0016000374607
0016000401754
0016000409811
0016000409828
0016000409897
0016000409910
0016000412484
0016000416109
0016000417519
0016000421004
0016000432697
0016000434721
0016000449763
0016000451377
0016000455108
0016000455771
0016000456044
0016000457980
0016000467583
0016000473218
0016000483637
0016000483668
0016000485877
0016000487895
0016000487987
0016000492349
0016000497061
0016000502055
0016000503687
0016000504592
0016000505346
0016000506015
0016000506022
0016000506954
0016000507043
0016000507326
0016000507357
0016000507678
0016000507715
0016000508859
0016000509412
0016000514799
0016000515284
0016000515642
0016000515819
0016000612709
0016000625709
0016000660595
0016101000603
0016229001940
0016229002114
0016229004507
0016229005436
0016229008598
0016229008635
0016229106102
0016229906221
0016229911058
0016229917616
0016264007860
0016291441859
0016291441880
0016291441910
0016300169286
0016500581512
0016500586838
0016571957803
0016571957902
0016741301559
0016767513226
0016926232258
0016926232326
0017077002325
0017077003322
0017077004329
0017077021326
0017077033350
0017077034357
0017077036054
0017077077088
0017077102087
0017077104326
0017077109086
0017077116329
0017077117326
0017077180320
0017077205160
0017082000446
0017082008657
0017082011510
0017082012951
0017082015112
0017082600233
0017082873514
0017082876324
0017082876362
0017082877086
0017082877161
0017082877406
0017082877444
0017082877475
0017082877628
0017082877642
0017082877673
0017082883926
0017082884022
0017082884435
0017082885852
0017082886811
0017082888129
0017082889690
0017202102128
0017300010660
0017400100391
0017400101770
0017400105075
0017400105501
0017400106072
0017400108007
0017400109608
0017400109615
0017400111304
0017400111328
0017400118105
0017400140694
0017400140823
0017400222680
0017400223175
0017400224172
0017400224189
0017400224431
0017642227016
0017642479927
0017642648057
0017696000696
0017869804472
0017869804618
0017869805578
0017869807022
0017873705123
0017929000233
0018000106813
0018000116249
0018000234516
0018000384136
0018000426980
0018000427932
0018000447596
0018000476091
0018000476992
0018000477487
0018000510689
0018000817726
0018000817733
0018000817757
0018053740965
0018195702005
0018537400002
0018537400118
0018627001157
0018627032014
0018627100478
0018627100638
0018627104858
0018627107965
0018627115731
0018627116035
0018627116158
0018627703174
0018627703389
0018627703570
0018627917694
0018700000701
0018705172045
0018787505687
0018788100119
0018788106210
0018894461081
0018894463320
0019022128593
0019320000805
0019320013805
0019320016707
0019320016820
0019320111914
0019336100100
0019521550161
0019582000292
0019582000568
0019600046103
0019600507901
0019600920106
0019600920144
0019600920700
0019600921424
0019600923015
0019722163207
0019722166819
0019815530039
0019900003851
0019969009238
0020000199634
0020000449982
0020038000186
0020038000612
0020038002180
0020038005662
0020038049024
0020100009017
0020113001527
0020113001534
0020169221504
0020169222099
0020169222358
0020169222365
0020188013012
0020200029748
0020200070283
0020200070320
0020200085119
0020635192499
0020662000026
0020662000040
0020662000132
0020662002471
0020662006028
0020662006158
0020662006455
0020685000256
0020685000461
0020685001383
0020735161241
0020735161265
0020735161326
0021000002849
0021000017140
0021000023172
0021000024490
0021000026838
0021000029464
0021000034055
0021000037490
0021000037513
0021000040407
0021000048762
0021000049479
0021000051892
0021000052325
0021000057788
0021000064052
0021000067473
0021000067527
0021000068654
0021000070022
0021000071890
0021000077137
0021000078431
0021000079834
0021000080304
0021000080427
0021000081059
0021000081622
0021000083534
0021000083671
0021000083862
0021000083992
0021000085088
0021000122769
0021000122776
0021000301881
0021000604715
0021000611669
0021000612178
0021000619870
0021000644469
0021000656431
0021000658893
0021000667536
0021100011017
0021130006519
0021130006977
0021130008384
0021130008483
0021130035779
0021130042616
0021130042753
0021130043545
0021130043613
0021130043750
0021130043835
0021130044665
0021130045150
0021130045181
0021130046959
0021130047543
0021130047673
0021130048373
0021130048847
0021130049332
0021130049448
0021130066896
0021130068067
0021130070275
0021130071890
0021130072446
0021130073108
0021130073382
0021130077441
0021130078653
0021130088843
0021130092062
0021130092604
0021130092680
0021130093281
0021130093342
0021130098132
0021130098156
0021130098262
0021130098347
0021130099481
0021130111961
0021130113156
0021130113408
0021130115457
0021130115631
0021130116300
0021130118564
0021130119004
0021130119110
0021130119332
0021130119639
0021130119813
0021130120895
0021130121236
0021130122851
0021130125685
0021130127559
0021130128709
0021130132447
0021130132461
0021130133048
0021130141425
0021130152049
0021130154272
0021130154500
0021130156481
0021130158430
0021130161201
0021130163595
0021130180912
0021130182305
0021130182572
0021130182589
0021130183418
0021130183432
0021130183463
0021130183555
0021130184057
0021130184064
0021130184378
0021130184569
0021130184866
0021130185290
0021130185405
0021130199112
0021130206551
0021130242504
0021130265473
0021130266210
0021130282500
0021130282586
0021130283637
0021130294411
0021130294435
0021130300044
0021130301706
0021130306015
0021130308804
0021130309436
0021130314560
0021130317103
0021130327225
0021130327416
0021130328291
0021130333226
0021130335114
0021130336722
0021130336876
0021130336890
0021130337026
0021130341023
0021130341054
0021130341177
0021130341214
0021130341634
0021130354030
0021130356164
0021130370207
0021130372157
0021130380923
0021130380947
0021130405176
0021130462636
0021130465248
0021130470167
0021130473021
0021130473465
0021130492015
0021130493463
0021130493470
0021130493753
0021130494637
0021130501830
0021130502523
0021130505043
0021130505449
0021130507320
0021130522088
0021130550074
0021130983476
0021131000219
0021131000226
0021131000264
0021131000936
0021131000981
0021131301347
0021131301538
0021131506452
0021131506964
0021131800277
0021131905347
0021131905545
0021131905576
0021131905651
0021136050462
0021248165894
0021357031257
0021425015158
0021500013307
0021500042178
0021500048026
0021500202008
0021724602325
0021724603032
0021724604534
0021788506379
0021834593391
0021863456780
0021888108930
0021908106021
0021908109329
0021908115399
0021908115634
0021908116884
0021908121567
0021908124094
0021908126616
0021908128238
0021908130439
0021908136813
0021908225920
0021908407722
0021908434766
0021908450148
0021908477961
0021908493114
0021908501673
0021908501970
0021908509365
0021908509396
0021908513737
0022000011893
0022000013316
0022000014139
0022000015969
0022000017772
0022000017901
0022000018847
0022000020369
0022000020680
0022000073563
0022000282170
0022000285287
0022000291592
0022000300300
0022000330512
0022198008378
0022224200813
0022392271516
0022506105614
0022506521063
0022635700117
0022635700407
0022652161014
0022652161120
0022655306474
0022655701408
0022655701866
0022655715443
0022655715467
0022929428017
0022929515205
0023012930462
0023012946890
0023012946982
0023249011019
0023254667959
0023278101071
0023278102047
0023384104065
0023384244433
0023402087202
0023545010136
0023545203668
0023547400218
0023547400539
0023547400553
0023698300306
0023700013545
0023700014054
0023700014092
0023700014122
0023700014856
0023700016287
0023700039644
0023700044990
0023700045287
0023700046536
0023700060037
0023700060129
0023700060273
0023700060464
0023700061607
0023896178578
0023923206359
0023923330108
0023923330115
0023923330146
0023923532977
0023923533141
0023923900011
0024000010227
0024000012672
0024000014096
0024000027683
0024000027713
0024000041061
0024000043751
0024000146643
0024000163145
0024000252764
0024000254003
0024000258148
0024000367024
0024000393429
0024000507765
0024000566694
0024094014019
0024094070787
0024094070879
0024100103447
0024100103454
0024100106332
0024100108244
0024100110902
0024100110988
0024100111350
0024100114627
0024100114870
0024100114993
0024100116621
0024100116669
0024100117215
0024100117598
0024100123285
0024100130672
0024100203628
0024100219131
0024100535231
0024100577309
0024100789252
0024126008924
0024126008931
0024126008993
0024126009082
0024126010279
0024126010286
0024126011702
0024126012624
0024126012679
0024126012808
0024126012891
0024126013249
0024126014512
0024126014703
0024126016707
0024126017155
0024126017469
0024126017667
0024126017674
0024126018145
0024126018480
0024126018626
0024126018732
0024126018756
0024126018770
0024182002508
0024182011005
0024235024303
0024300031014
0024300031120
0024300041891
0024300043307
0024300043314
0024300043345
0024300044410
0024300044458
0024300044823
0024300045110
0024300045127
0024300735325
0024300781063
0024300805899
0024300837869
0024300865954
0024300867613
0024474313039
0024600011013
0024600017589
0024842075019
0024842176211
0024842311216
0025000021275
0025000040542
0025000040825
0025000047893
0025000052804
0025000054334
0025000055423
0025000056840
0025000058080
0025000119996
0025000136443
0025000136696
0025073700589
0025155000132
0025155000194
0025155000545
0025155057051
0025155057112
0025293001268
0025293002173
0025293002784
0025293002814
0025293002999
0025293003996
0025293005563
0025317005579
0025317005883
0025317006958
0025317007214
0025317008877
0025317018791
0025317105552
0025317172349
0025317385534
0025317679008
0025400001563
0025484006706
0025484007390
0025484007826
0025500204215
0025500304298
0025500304328
0025500626345
0025583006034
0025600002261
0025600005057
0025600007273
0025600009727
0025675031326
0025675120020
0025675502000
0025675705555
0025753028194
0025753028255
0025788744007
0025800020393
0025800022427
0025800023608
0025800029105
0025800048045
0025800052400
0025911000529
0026086260237
0026200006161
0026200144412
0026200144771
0026200171883
0026200391908
0026200463728
0026200465722
0026200471358
0026200471587
0026200493022
0026396908256
0026400290001
0026400421207
0026400700081
0026400803805
0026700155420
0026700158650
0026700159916
0026800001252
0026800001658
0026800002075
0026825000070
0026825000100
0026825000179
0026825007727
0026825090064
0026825091023
0026825091047
0027000001011
0027000389638
0027000419052
0027000419113
0027000419205
0027000419212
0027000419229
0027000419243
0027000480601
0027000485514
0027000485583
0027000500088
0027000500101
0027000500149
0027000523827
0027000523834
0027000523865
0027000554715
0027000609019
0027000609033
0027000609064
0027086724330
0027164322892
0027199002660
0027271121333
0027271704017
0027331001285
0027331032319
0027331320539
0027400800337
0027541000689
0027541007985
0027541174014
0027568018049
0027568018070
0027568023029
0027568025153
0027568033103
0027568034704
0027700679015
0027800063011
0027800063943
0027800067781
0027800072433
0027800073560
0027815000711
0027815020719
0027815300569
0027815300583
0027815301009
0027815350014
0027815411029
0027917018935
0027958141821
0028000001650
0028000010775
0028000088064
0028000115678
0028000131708
0028000202033
0028000210106
0028000210205
0028000217600
0028000277543
0028000469733
0028000478001
0028000496210
0028000500313
0028000511159
0028000515911
0028000517311
0028000525538
0028000581749
0028000651688
0028000698058
0028029057010
0028029439601
0028093001209
0028190001812
0028190002574
0028190003151
0028190007876
0028190007944
0028190009849
0028239200404
0028293010988
0028293022028
0028300000032
0028300000315
0028300000384
0028300000728
0028300000766
0028300003835
0028300011304
0028300012110
0028300864122
0028364201468
0028400000888
0028400004619
0028400013949
0028400014618
0028400021203
0028400026734
0028400032827
0028400035729
0028400039796
0028400042673
0028400043496
0028400047920
0028400047944
0028400057653
0028400063999
0028400065535
0028400068826
0028400069656
0028400079150
0028400091473
0028400091534
0028400092500
0028400094481
0028400094498
0028400099714
0028400143936
0028400162128
0028400172516
0028400184779
0028400189224
0028400200684
0028400206464
0028400242936
0028400243063
0028400243247
0028400259552
0028400261531
0028400275132
0028400323857
0028400345262
0028400355599
0028400355629
0028400355933
0028400357371
0028400420730
0028400441070
0028400516327
0028400516471
0028400517805
0028400528887
0028400589253
0028400599900
0028400599917
0028400607612
0028400623537
0028400630887
0028400645492
0028400675215
0028400679589
0028400686723
0028400689465
0028400704106
0028400710176
0028400712989
0028400712996
0028400718271
0028400720304
0028400720342
0028400721103
0028400737203
0028400740272
0028400741293
0028400747561
0028400761772
0028400763127
0028400763806
0028400766449
0028400766982
0028400768634
0028400769051
0028400769099
0028400769204
0028400769211
0028400769273
0028400769303
0028400770187
0028400770569
0028400770644
0028400770651
0028400788564
0028400792509
0028400794688
0028400794732
0028435600435
0028571000601
0028571004067
0028700111307
0028800146452
0028833041007
0028833041106
0028833041304
0028833050306
0028833140007
0028833160005
0028989100924
0028989100948
0028989101297
0028989101716
0028989101877
0028989104212
0028989577993
0029000012578
0029000016200
0029000016521
0029000022133
0029000059573
0029000073296
0029000074361
0029000075382
0029200002065
0029200002126
0029200003079
0029200007718
0029200907858
0029200907896
0029200907964
0029200908060
0029243000011
0029243000059
0029243000080
0029243000134
0029606181517
0029700001353
0029700001469
0029700012625
0029700012663
0029700021252
0029700021429
0029700021825
0029700131456
0029700341480
0029714171103
0029839004751
0030000000052
0030000001158
0030000012109
0030000012406
0030000014998
0030000015544
0030000018002
0030000018200
0030000031605
0030000043707
0030000047606
0030000050408
0030000056202
0030000059401
0030000059500
0030000061190
0030000062111
0030000063545
0030000065075
0030000065310
0030000067000
0030000168028
0030000268728
0030000312087
0030000312803
0030000313794
0030000315033
0030000315521
0030000315965
0030000316788
0030000316801
0030000316832
0030000316849
0030000319291
0030000432693
0030000437490
0030000560815
0030000560839
0030000562314
0030000562482
0030000563328
0030000564448
0030000565117
0030000565551
0030000565940
0030000567661
0030000568293
0030000568330
0030000568538
0030000568569
0030000569467
0030000569856
0030000570210
0030000570494
0030000570630
0030000572405
0030000573242
0030000573303
0030000573310
0030000575840
0030000575864
0030000575970
0030000576038
0030000577028
0030000578339
0030000578971
0030000580271
0030000662120
0030034027414
0030034099350
0030034106096
0030034400354
0030034948610
0030034954444
0030034964221
0030086000144
0030100033196
0030100103417
0030100125211
0030100128847
0030100402138
0030100472414
0030100506560
0030223010159
0030223010388
0030223011262
0030223028857
0030223035374
0030223035381
0030223041023
0030223041863
0030223042181
0030223042303
0030223048275
0030223050001
0030223060383
0030223061229
0030223061540
0030223062363
0030223062424
0030223062783
0030243696081
0030243696258
0030243696777
0030243696791
0030300017026
0030383195819
0030684768910
0030700158213
0030771010120
0030771026350
0030771026374
0030771027661
0030771027692
0030771094625
0030771094632
0030772146576
0030800001891
0031000003999
0031000005450
0031000007355
0031000007362
0031000007386
0031000008451
0031000100919
0031000101039
0031000101251
0031000109769
0031000126131
0031000184544
0031000200046
0031000307448
0031000441081
0031000441104
0031000620080
0031000670023
0031000670054
0031000670061
0031000670078
0031000670689
0031000670962
0031000671037
0031000700003
0031000700041
0031000700058
0031000809430
0031000809478
0031142001266
0031142001730
0031142004724
0031142006605
0031142008500
0031142105223
0031142105315
0031142358674
0031142359756
0031142359763
0031142520101
0031142534054
0031142671100
0031146022632
0031146022939
0031146035779
0031146055012
0031146058105
0031146157396
0031146254316
0031146262441
0031146262748
0031200022080
0031200022882
0031200023124
0031200028761
0031200034441
0031200203007
0031290140176
0031290140190
0031290162420
0031493000062
0031493021609
0031493041003
0031493041201
0031493242424
0031493811323
0031500005714
0031506310096
0031506333095
0031506624094
0031506694639
0031506731112
0031535591480
0031604014353
0031604025175
0031604027278
0031604030391
0031604032449
0031604040307
0031604040734
0031677199728
0031683012523
0031683020344
0031683050051
0031711000256
0031711000263
0031711000454
0031903047212
0031935001855
0032100020169
0032100086257
0032157300108
0032251183171
0032251183225
0032372125005
0032394002070
0032394100318
0032394190500
0032458960926
0032458960940
0032601025083
0032601706326
0032601900106
0032601900113
0032601900281
0032601900403
0032601902674
0032917003232
0032917007605
0033357052002
0033357052323
0033383007410
0033383200385
0033383533100
0033383605005
0033383651620
0033383904245
0033400601287
0033400601713
0033400601799
0033617000873
0033748000124
0033828078128
0033844006136
0033844006501
0033844007089
0033900000467
0033900000474
0033900000887
0033900021028
0033900051186
0033900200591
0033900200737
0033919000458
0033984032293
0034000011452
0034000011605
0034000012039
0034000020409
0034000041657
0034000049110
0034000070619
0034000087525
0034000114511
0034000124138
0034000134106
0034000138500
0034000140060
0034000195282
0034000210787
0034000214587
0034000214662
0034000214914
0034000216734
0034000217533
0034000228874
0034000245024
0034000245246
0034000402113
0034000430543
0034000432172
0034000433803
0034000433827
0034000441433
0034000445899
0034000446728
0034000447091
0034000447121
0034000447428
0034000448609
0034000450213
0034000451456
0034000455065
0034000455683
0034000458110
0034000460656
0034000470204
0034000473038
0034000473663
0034000490066
0034000502448
0034000560004
0034000560233
0034000600113
0034000666379
0034000938407
0034000939343
0034000944477
0034000946334
0034000946341
0034183000106
0034183000113
0034325057838
0034500151160
0034500151351
0034500151825
0034500152204
0034500449472
0034500597012
0034538143250
0034695122617
0034695122624
0034695122655
0034695122860
0034695123201
0034695123850
0034695124048
0034695124529
0034695126509
0034700012186
0034742072445
0034800000939
0034800005255
0034800600764
0034800600979
0034800600986
0034856001751
0034856007821
0034856007869
0034856028826
0034856028918
0034856050919
0034856121237
0034856221982
0034856246459
0034856280088
0035046107437
0035200055024
0035200056427
0035272121689
0035305201630
0035342770083
0035342810062
0035406030009
0035427007028
0035493014678
0035493014685
0035600073017
0035751111064
0035751111071
0035751111095
0035751113105
0035751114300
0035751118308
0035826000897
0035826006523
0035826025760
0035826038951
0035826045713
0035826050687
0035826055163
0035826059673
0035826060693
0035826068804
0035826072344
0035826077288
0035826086785
0035826087744
0035826089069
0035826089670
0035826090140
0035826091215
0035826093271
0035826094285
0035826094483
0035826094803
0035826095572
0035826096746
0035826097194
0035826101594
0035826102041
0035826105974
0035826106247
0035826107589
0035826115300
0035826115324
0035826200372
0035826200921
0035826201829
0035900309878
0036078100021
0036078100816
0036192122169
0036200002179
0036200002186
0036200003503
0036200004005
0036200004418
0036200004647
0036200018606
0036200221631
0036200344309
0036200431757
0036200431993
0036374020108
0036514237540
0036632001016
0036632001078
0036632001115
0036632001122
0036632002020
0036632002624
0036632007827
0036632007865
0036632007889
0036632008251
0036632008381
0036632008732
0036632008794
0036632008916
0036632009760
0036632010001
0036632010100
0036632010131
0036632010407
0036632011060
0036632011442
0036632013088
0036632013095
0036632013156
0036632013163
0036632013200
0036632013293
0036632013354
0036632018243
0036632018380
0036632019998
0036632020253
0036632020369
0036632020796
0036632023117
0036632023131
0036632024107
0036632024121
0036632024961
0036632025159
0036632026231
0036632026316
0036632026330
0036632027146
0036632027276
0036632027313
0036632027320
0036632027337
0036632027542
0036632027757
0036632028570
0036632029010
0036632029201
0036632029379
0036632029638
0036632032157
0036632032188
0036632032416
0036632032560
0036632032935
0036632034847
0036632035738
0036632035745
0036632036414
0036632036438
0036632036469
0036632036506
0036632037183
0036632037312
0036632037336
0036632037367
0036632037374
0036632037381
0036632037459
0036632037534
0036632037985
0036632038128
0036632038241
0036632038340
0036632038388
0036632038456
0036632039194
0036632039460
0036632039668
0036632040435
0036632040497
0036632040541
0036632042675
0036632042729
0036632072597
0036632072627
0036632077301
0036632077318
0036632079169
0036632079350
0036632080653
0036632080899
0036669062233
0036669062325
0036800005983
0036800010086
0036800011755
0036800017566
0036800046252
0036800051584
0036800053915
0036800063686
0036800072428
0036800074668
0036800100145
0036800107458
0036800120464
0036800128156
0036800141681
0036800144415
0036800146174
0036800155152
0036800281264
0036800282124
0036800302426
0036800302433
0036800306585
0036800312272
0036800368774
0036800387126
0036800389106
0036800394568
0036800406094
0036800417281
0036800417441
0036800420366
0036800420649
0036800421271
0036800437012
0036800437616
0036800444157
0036800446380
0036800448674
0036800450240
0036800455863
0036800459441
0036800460195
0036800468511
0036800471122
0036800474284
0036800475656
0036800487376
0036800487390
0036800488267
0036800498532
0036800558168
0036800598034
0036800613775
0036800808164
0036832039383
0036998006021
0036998006090
0037000524854
0037000741176
0037000741343
0037014242317
0037014242485
0037100035786
0037102676000
0037363006127
0037466015842
0037466019314
0037466062273
0037466083247
0037600014342
0037600105200
0037600137539
0037600154918
0037600160957
0037600176521
0037600182379
0037600235372
0037600250627
0037600264266
0037600287012
0037600295383
0037600305419
0037600334624
0037600336710
0037600349864
0037600369749
0037600465854
0037600473712
0037600478502
0037600672023
0037600698221
0037600786447
0037600834667
0037600880879
0037842028237
0038000001277
0038000001321
0038000006678
0038000007019
0038000009174
0038000013027
0038000019210
0038000045301
0038000051982
0038000077814
0038000094569
0038000124938
0038000139192
0038000139277
0038000143670
0038000143939
0038000144271
0038000151132
0038000165276
0038000167751
0038000172496
0038000175930
0038000179969
0038000180606
0038000181696
0038000181719
0038000181795
0038000183928
0038000185069
0038000196218
0038000197840
0038000197857
0038000198519
0038000198595
0038000198748
0038000198885
0038000198953
0038000199042
0038000199226
0038000199530
0038000200113
0038000200304
0038000200366
0038000200700
0038000202117
0038000204944
0038000207501
0038000209406
0038000210532
0038000214066
0038000214127
0038000219290
0038000219436
0038000219474
0038000219528
0038000219856
0038000219931
0038000220142
0038000222023
0038000222931
0038000223143
0038000225857
0038000234590
0038000244742
0038000245824
0038000247132
0038000248771
0038000251030
0038000254505
0038000262579
0038000264207
0038000265969
0038000270017
0038000270888
0038000271045
0038000276613
0038000281426
0038000281532
0038000281792
0038000281921
0038000283413
0038000284458
0038000284472
0038000289262
0038000291210
0038000293061
0038000293764
0038000299452
0038000300103
0038000304965
0038000309403
0038000310102
0038000311109
0038000313103
0038000317200
0038000319211
0038000324109
0038000333606
0038000346156
0038000350047
0038000391224
0038000391255
0038000391323
0038000403408
0038000492747
0038000500381
0038000524042
0038000531101
0038000551321
0038000576003
0038000576089
0038000578731
0038000581717
0038000590955
0038000596445
0038000596582
0038000596650
0038000597749
0038000597824
0038000765414
0038000768415
0038000768620
0038000787225
0038000787270
0038000844966
0038000844973
0038000844980
0038000845055
0038000845536
0038000845789
0038000848940
0038000862304
0038000863509
0038000870101
0038000923166
0038000926327
0038000926334
0038000926341
0038000929342
0038000992001
0038093332654
0038459995233
0038527109005
0038616387680
0038622111408
0038778001165
0038900000462
0038900004057
0038900004699
0038900008185
0038900029050
0038900035358
0038900733131
0039000018944
0039000086691
0039047004931
0039047010246
0039047010277
0039047015760
0039073042259
0039131168563
0039153110014
0039153110595
0039153125728
0039153125735
0039217017020
0039217023045
0039217051352
0039217053585
0039217115030
0039217115054
0039217118024
0039217118123
0039217118130
0039217118147
0039217118178
0039217119137
0039278040265
0039400013686
0039400013723
0039400015925
0039400016137
0039400016281
0039400016809
0039400017127
0039400017318
0039400018186
0039400018643
0039400018926
0039400242017
0039442031112
0039675777771
0039677070122
0039677072140
0039677072164
0039677377207
0039677873174
0039677873983
0039779004018
0039779004025
0039779040092
0039779040221
0039779044922
0039779045219
0039978001146
0039978002181
0039978003485
0039978003652
0039978004857
0039978006868
0039978023742
0039978029102
0039978029560
0039978033154
0039978034960
0039978043757
0039978043818
0039978044983
0039978048042
0039978111074
0039978114686
0040000005179
0040000011637
0040000017325
0040000201328
0040000264279
0040000324379
0040000395058
0040000416524
0040000441489
0040000473671
0040000496007
0040000496045
0040000498018
0040000504054
0040000505921
0040000508861
0040000508885
0040000511236
0040000511380
0040000511601
0040000512776
0040000512790
0040000513070
0040000513568
0040000513629
0040000518228
0040000519607
0040000532293
0040000534402
0040000538875
0040000539681
0040000539803
0040000554882
0040000565130
0040000565673
0040000580331
0040000581239
0040000595335
0040000595724
0040000595786
0040000597612
0040232288968
0040232573736
0040232936838
0040345000990
0040345001256
0040811070700
0040822011112
0040822012461
0040822017558
0040822027540
0040822342735
0040822344883
0040822345675
0041000003240
0041000003325
0041000004902
0041000008870
0041000009396
0041000009594
0041000009631
0041000014802
0041000022630
0041000022692
0041000022890
0041000022975
0041000119767
0041000214042
0041000214899
0041000366406
0041006061893
0041100568007
0041116011894
0041118009028
0041129030752
0041129077634
0041133554510
0041149402454
0041152232017
0041164008419
0041186172150
0041190022687
0041190057375
0041190069330
0041190072507
0041190073122
0041190075997
0041190080977
0041190081233
0041190081691
0041190082261
0041190084197
0041190089468
0041190093045
0041190093052
0041190469468
0041190470112
0041190470136
0041190470341
0041190470822
0041190576630
0041190576807
0041192100123
0041192100147
0041192100512
0041192100536
0041192100819
0041192102059
0041192102332
0041192103308
0041192103636
0041192103650
0041192103698
0041192104022
0041192105234
0041192108853
0041196010329
0041196101638
0041196123289
0041196123630
0041196136098
0041196136135
0041196136326
0041196136494
0041196139952
0041196404814
0041196412017
0041196419337
0041196805468
0041196910759
0041196911831
0041196915136
0041198031056
0041220004065
0041220009480
0041220031665
0041220032006
0041220044658
0041220047758
0041220064045
0041220069392
0041220088492
0041220088508
0041220102723
0041220117291
0041220124831
0041220164066
0041220166480
0041220166695
0041220178339
0041220180950
0041220182145
0041220183012
0041220189748
0041220192373
0041220194780
0041220197699
0041220202096
0041220208210
0041220224913
0041220236756
0041220246847
0041220247769
0041220251605
0041220265190
0041220295388
0041220300778
0041220306572
0041220311811
0041220317356
0041220330836
0041220332328
0041220336197
0041220338740
0041220340842
0041220376193
0041220414789
0041220415601
0041220434374
0041220459940
0041220460908
0041220547265
0041220557103
0041220585328
0041220588411
0041220621415
0041220628889
0041220634200
0041220672967
0041220677047
0041220686896
0041220717392
0041220718542
0041220725847
0041220726158
0041220729685
0041220748693
0041220753772
0041220759743
0041220759750
0041220767342
0041220768950
0041220775873
0041220787876
0041220793709
0041220800797
0041220810154
0041220830213
0041220839100
0041220841929
0041220844067
0041220848683
0041220859337
0041220862474
0041220875467
0041220885855
0041220891610
0041220892617
0041220900930
0041220902125
0041220904624
0041220906710
0041220915026
0041220915323
0041220916122
0041220917358
0041220926589
0041220928996
0041220949687
0041220968961
0041220972371
0041220973262
0041220973392
0041220976614
0041220977598
0041220980970
0041220981649
0041220982820
0041220983148
0041220983469
0041220985685
0041220985784
0041220985869
0041220987269
0041220987283
0041220995325
0041220996872
0041220996896
0041224183100
0041224411203
0041224712409
0041224723207
0041231000230
0041235000632
0041235000694
0041244001521
0041244105335
0041250087694
0041250099468
0041250102434
0041250112518
0041250145431
0041250157298
0041250160687
0041250165064
0041250562849
0041250644958
0041250913146
0041250941668
0041250941828
0041250941842
0041250946458
0041250950585
0041250953029
0041250960171
0041253102110
0041260021633
0041260025990
0041260026003
0041260334832
0041260378508
0041260381591
0041262271241
0041262271852
0041262275119
0041268109579
0041268114283
0041268133079
0041268154326
0041268168620
0041268191475
0041268193240
0041268193264
0041268194780
0041268194933
0041268195381
0041268195398
0041268198252
0041268200740
0041268202607
0041268203611
0041268205042
0041268206261
0041268215539
0041269306984
0041269405069
0041271009224
0041271018271
0041271021011
0041271021103
0041271022537
0041271025125
0041271025187
0041271025637
0041271029499
0041303001653
0041303001929
0041303002001
0041303002094
0041303002452
0041303002483
0041303003107
0041303003404
0041303004470
0041303004517
0041303004722
0041303005071
0041303005132
0041303006191
0041303007884
0041303008287
0041303008812
0041303010006
0041303011751
0041303015063
0041303017319
0041303018811
0041303019375
0041303020180
0041303024881
0041303024904
0041303026397
0041303026403
0041303026472
0041303031094
0041303031100
0041303031124
0041303036877
0041303046531
0041303075715
0041303083345
0041303099148
0041303100301
0041318191714
0041318530353
0041321005428
0041321005459
0041321005602
0041321005688
0041321005695
0041321006357
0041321241505
0041321241598
0041322149824
0041322224774
0041322224798
0041322225481
0041322248930
0041322356987
0041322377913
0041331011907
0041331013093
0041331013192
0041331013352
0041331014274
0041331014694
0041331020053
0041331020435
0041331020558
0041331021494
0041331023405
0041331023412
0041331023535
0041331023542
0041331024150
0041331024174
0041331024235
0041331024495
0041331024525
0041331024853
0041331024914
0041331024969
0041331025195
0041331025232
0041331025522
0041331025553
0041331025713
0041331026154
0041331026192
0041331026284
0041331026338
0041331026857
0041331027786
0041331027854
0041331028042
0041331029025
0041331030571
0041331030632
0041331033275
0041331036139
0041331036320
0041331038058
0041331038683
0041331039338
0041331039376
0041331040068
0041331048873
0041331049030
0041331049429
0041331049900
0041331050111
0041331050159
0041331050982
0041331051064
0041331090346
0041331090414
0041331090476
0041331090681
0041331091664
0041331094306
0041331123310
0041331124126
0041331124263
0041331124300
0041331124355
0041331124584
0041331124638
0041331125352
0041331125659
0041331126632
0041331126755
0041335000518
0041335000570
0041335000631
0041335000839
0041335001287
0041335001690
0041335001737
0041335003397
0041335068990
0041335078999
0041335085898
0041335349556
0041351511432
0041358551660
0041364002071
0041364080512
0041364543345
0041364544892
0041379355766
0041387102413
0041387111187
0041387530124
0041387530407
0041387612103
0041387919257
0041390000058
0041390003479
0041390007064
0041390007408
0041390009044
0041390015403
0041390020308
0041390020322
0041390020360
0041390024122
0041390024320
0041390030666
0041415004146
0041415010390
0041415010468
0041415014633
0041415018662
0041415022058
0041415022133
0041415038202
0041415046085
0041415049659
0041415079083
0041415084414
0041415098053
0041415107083
0041415108417
0041415116658
0041415117334
0041415117655
0041415120082
0041415120334
0041415121089
0041415124417
0041415125414
0041415129863
0041415146808
0041415154803
0041415156050
0041415171053
0041415174054
0041415174801
0041415183056
0041415199804
0041415224650
0041415232808
0041415233652
0041415241800
0041415268654
0041415284623
0041415294653
0041415306905
0041415313804
0041415342651
0041415344433
0041415346659
0041415346901
0041415353657
0041415355651
0041415365803
0041415390959
0041415392908
0041415394636
0041415394865
0041415415621
0041415477629
0041415480803
0041415541641
0041415642775
0041415643864
0041415645615
0041415825611
0041415882614
0041419420089
0041419420119
0041420014000
0041420020285
0041420036545
0041420067853
0041420069987
0041420100253
0041420100420
0041420110184
0041433009536
0041433030981
0041443033033
0041443093006
0041443102142
0041443902643
0041443905040
0041446733749
0041449056227
0041449403205
0041449403267
0041449471495
0041449473970
0041460398832
0041483017109
0041483017383
0041483024343
0041483035721
0041483036100
0041483038609
0041483041609
0041483041845
0041483044617
0041486000016
0041497083220
0041497092444
0041497277506
0041497538539
0041498122317
0041498129811
0041498146566
0041498150662
0041498184650
0041498191801
0041498202088
0041498205072
0041498207380
0041498220723
0041498232771
0041498290566
0041498334253
0041500001029
0041500013084
0041500220222
0041500799537
0041500894423
0041500899268
0041500959030
0041501110089
0041501110409
0041501520253
0041501537237
0041507065925
0041508510554
0041508800648
0041512087806
0041512088001
0041512152818
0041512157813
0041520154583
0041543100086
0041543150234
0041548000039
0041548024974
0041548074863
0041548550862
0041548605104
0041548648071
0041565140640
0041565141159
0041565285136
0041570051795
0041570051801
0041570055762
0041570068373
0041570109649
0041570110669
0041570147832
0041570149256
0041570149409
0041570152058
0041570157763
0041573092160
0041573581305
0041573581312
0041616202037
0041633012800
0041636000200
0041641101015
0041641301026
0041653012293
0041653457001
0041668071926
0041712442047
0041712543607
0041716232163
0041716232217
0041716601440
0041716820582
0041716820629
0041716878910
0041735057662
0041736080027
0041757023713
0041757026004
0041757028084
0041757680411
0041780000217
0041780002914
0041780003416
0041780013286
0041780190215
0041780271686
0041780351050
0041780351531
0041789001055
0041789001444
0041789002373
0041789003011
0041789003035
0041789006227
0041789007439
0041790602784
0041790603163
0041793127000
0041793913993
0041800200580
0041800203352
0041800218004
0041800317004
0041800323005
0041800377374
0041800394005
0041800501274
0041820823240
0041900072834
0041900074968
0041900091064
0042197002047
0042222013314
0042222013321
0042222130080
0042222130165
0042222130189
0042222130271
0042222134057
0042222302036
0042222313070
0042222319003
0042222812306
0042222812429
0042238372665
0042238377554
0042238725188
0042238725294
0042238725362
0042238726215
0042238781467
0042238840348
0042272000104
0042272002603
0042272005062
0042272005383
0042272007752
0042272008018
0042272009022
0042272011285
0042272012381
0042272014248
0042272903528
0042272903535
0042287006009
0042400001096
0042400022893
0042400108177
0042400109358
0042400138488
0042400148647
0042400151906
0042400184690
0042400188971
0042400189060
0042400209683
0042400218678
0042400240518
0042400271642
0042400286677
0042400293248
0042400318651
0042400389804
0042400389941
0042400416227
0042400910787
0042400913788
0042421059311
0042421140132
0042421161618
0042421161892
0042421163131
0042421225792
0042421500028
0042421500073
0042421500745
0042421500844
0042456005055
0042456051137
0042563007805
0042563007935
0042563008055
0042563008338
0042563009045
0042563016289
0042563017712
0042563600860
0042563601119
0042563601980
0042563602208
0042563602949
0042563605759
0042563606503
0042572050007
0042608432012
0042608470014
0042608900023
0042743123080
0042743126302
0042743170596
0042743179902
0042743190884
0042743230528
0042800003805
0042800003829
0042800005809
0042800005861
0042800005885
0042800103499
0042800107008
0042800108005
0042800109156
0042800109217
0042800109521
0042800112002
0042800113009
0042800115201
0042800116000
0042800125316
0042800435897
0042800448439
0042800494818
0042800721570
0043000022641
0043000028254
0043000042021
0043000042045
0043000042083
0043000042090
0043000042113
0043000043011
0043000045688
0043000045732
0043000046081
0043000046098
0043000046104
0043000050842
0043000050910
0043000058015
0043000090268
0043000094532
0043000200032
0043000200056
0043000200070
0043000200261
0043000201404
0043000201459
0043000204139
0043000204399
0043000204429
0043000204726
0043000205532
0043000205549
0043000206928
0043000208106
0043000208144
0043000950197
0043000950807
0043000955703
0043000957400
0043182005289
0043182008686
0043182008907
0043192101056
0043192102206
0043192105801
0043192109311
0043192200155
0043192210031
0043192220016
0043192223024
0043192405154
0043192610800
0043192620014
0043192810026
0043301305191
0043301305771
0043301611315
0043301611636
0043301612022
0043354007202
0043500110527
0043647823069
0043695000115
0043695071085
0043695166910
0043695630633
0043832123493
0043832125275
0043832265629
0043832265643
0043832445502
0044000002251
0044000003821
0044000006785
0044000006792
0044000012526
0044000013813
0044000020330
0044000024567
0044000025410
0044000028541
0044000030384
0044000030476
0044000030483
0044000031169
0044000032111
0044000032586
0044000033231
0044000034238
0044000034313
0044000035440
0044000036584
0044000037420
0044000039462
0044000042035
0044000042745
0044000044268
0044000044831
0044000045548
0044000046378
0044000050115
0044000050436
0044000051006
0044000051266
0044000052317
0044000053895
0044000055035
0044000055790
0044000058005
0044000058043
0044000058609
0044000058692
0044000063047
0044000068547
0044000068707
0044000069810
0044000073527
0044000075835
0044000077594
0044000077884
0044000078447
0044000079703
0044000080037
0044000081928
0044000082482
0044000082833
0044082031415
0044082032313
0044082033419
0044082034218
0044082045412
0044082530413
0044100101489
0044100102523
0044100103209
0044100106330
0044100109829
0044100110597
0044100114793
0044100162237
0044115337767
0044261490767
0044261730573
0044276055746
0044276055944
0044300054622
0044300059573
0044300107236
0044300120907
0044300125216
0044325120784
0044400105200
0044400138109
0044400164009
0044404661184
0044500000160
0044500000177
0044500002287
0044500002294
0044500051902
0044500052930
0044500062458
0044500064797
0044500073171
0044500201994
0044500312904
0044500331875
0044500341676
0044500341713
0044500966497
0044500966503
0044500966749
0044500976458
0044500977509
0044500977561
0044500984699
0044500984798
0044700007839
0044700009741
0044700009895
0044700010907
0044700011638
0044700019030
0044700019764
0044700022894
0044700023280
0044700024553
0044700029664
0044700030530
0044700032527
0044700034071
0044700058626
0044700068410
0044700074299
0044700075098
0044700079195
0044700087350
0044700091708
0044700094440
0044700094457
0044700095959
0044700097281
0044700100004
0044700360026
0044700360354
0044700361139
0044774101006
0044900300716
0044900305582
0044946081747
0044946084090
0045255118803
0045255137842
0045553005355
0045885251000
0046000116334
0046000123578
0046000287348
0046000287386
0046000287393
0046000288758
0046000288772
0046000400280
0046000431512
0046000453965
0046000466026
0046000474298
0046000495422
0046000821313
0046015167369
0046015167987
0046015174374
0046100001141
0046100001899
0046100002230
0046100002681
0046100007143
0046100007426
0046100007433
0046100009413
0046100009420
0046100009437
0046100009680
0046100019054
0046100341193
0046100353530
0046100354032
0046100354056
0046100356852
0046100400296
0046100400333
0046100400395
0046100400760
0046100800850
0046352001050
0046567012490
0046567029917
0046675000808
0046675013129
0046675013273
0046675013501
0046675031734
0046704068502
0046704068519
0046704098448
0046772777740
0047018972202
0047117082116
0047281201368
0047416029638
0047416029652
0047416040954
0047416230812
0047495112917
0047495116724
0047495210620
0047495800005
0047500003636
0047500004459
0047500006538
0047500019941
0047502910024
0047677000513
0047677254862
0047677301238
0047800330456
0047800341094
0047834060053
0047834060183
0047834063108
0047900501121
0047900507192
0048000000668
0048000000675
0048000000682
0048000000958
0048000011176
0048000011640
0048001013742
0048001014862
0048001016408
0048001016538
0048001213463
0048001213487
0048001219847
0048001354715
0048001356962
0048001412750
0048001701021
0048001703216
0048001705937
0048001709362
0048001711396
0048001711983
0048001716186
0048107225438
0048107225575
0048107226862
0048107251895
0048107252755
0048121181048
0048121184193
0048121249038
0048121256098
0048151623426
0048176402105
0048176612658
0048447375930
0048500000007
0048500005729
0048500007174
0048500008645
0048500009406
0048500017647
0048500017814
0048500018293
0048500020654
0048500201312
0048500201848
0048500204221
0048500206195
0048500207000
0048500307847
0048556054108
0048564002061
0048564067077
0048564220540
0048564220984
0048696382475
0048867222074
0049000009866
0049000027280
0049000028928
0049000030730
0049000031171
0049000042559
0049000045659
0049000047141
0049000050165
0049000050233
0049000050264
0049000053432
0049000055450
0049000062823
0049000075960
0049000079364
0049000079395
0049000544114
0049000545074
0049000554175
0049000555646
0049000555677
0049000558982
0049022703902
0049200051757
0049200051955
0049200057803
0049502250308
0049508001201
0049508001607
0049508004233
0049508007340
0049508100010
0049508250067
0049508250500
0049508250630
0049508251194
0049508251316
0049508251750
0049521110003
0049521162101
0049544010144
0049568010328
0049568160078
0049568210278
0049568390062
0049705117682
0049705657591
0049705662878
0049705682975
0049705688588
0049733090186
0049733090889
0049900100205
0049900302708
0050000025459
0050000032631
0050000109340
0050000235001
0050000246649
0050000328222
0050000368907
0050000397600
0050000406944
0050000407958
0050000554836
0050000642496
0050000696598
0050000738199
0050000783090
0050000856503
0050012104302
0050100405755
0050100408886
0050255011009
0050255021008
0050255025006
0050400739550
0050400740143
0050400740334
0050400740419
0050428083321
0050428083338
0050428139455
0050428341339
0050428355336
0050428447994
0050428570517
0050428591048
0050455122000
0050696007074
0050696007777
0050696091059
0050702520610
0051000005540
0051000011114
0051000024213
0051000025494
0051000025548
0051000038685
0051000049377
0051000075086
0051000076236
0051000076885
0051000115539
0051000127112
0051000127679
0051000138095
0051000138651
0051000150073
0051000150769
0051000153159
0051000155474
0051000159052
0051000166814
0051000175489
0051000197603
0051000203991
0051000212306
0051000213303
0051000215338
0051000233172
0051000234063
0051000246370
0051000248909
0051000272942
0051000274427
0051000274779
0051000277213
0051000280107
0051000281012
0051000288004
0051000288110
0051000288127
0051000288905
0051000292285
0051000292810
0051000292834
0051000294425
0051500000847
0051500000878
0051500001622
0051500006306
0051500006788
0051500006849
0051500006900
0051500029459
0051500038024
0051500038048
0051500040317
0051500049624
0051500057155
0051500102510
0051500133439
0051500141571
0051500210277
0051500241363
0051500243077
0051500243312
0051500245729
0051500246689
0051500253625
0051500480175
0051500555798
0051500710203
0051511030222
0051511030383
0051651092210
0051651093637
0051651198516
0051721007144
0051817516109
0051900016011
0051900016035
0051900016097
0051900150111
0051900801068
0051900801112
0051900807459
0051933286702
0051933658608
0051943103488
0051943287041
0052000010534
0052000039627
0052000047004
0052000047042
0052000051636
0052000052879
0052000053029
0052000054927
0052000054958
0052000055238
0052000065404
0052000102413
0052000102475
0052000104103
0052000134810
0052000135282
0052000208429
0052000312508
0052000324822
0052000328677
0052000338300
0052000338775
0052000339970
0052066000043
0052066004218
0052066004386
0052100007748
0052100013848
0052100014593
0052100034942
0052100037509
0052100040790
0052100057224
0052100070711
0052100084800
0052100096902
0052100155203
0052100325170
0052100371641
0052100574103
0052100760674
0052159000073
0052159000110
0052159000417
0052159000837
0052159013325
0052159531003
0052159701048
0052159701123
0052159701130
0052159701185
0052159701239
0052159701253
0052159702489
0052159702939
0052159704018
0052159704414
0052200011355
0052200041574
0052200171035
0052200172049
0052391851518
0052500056872
0052500067144
0052525404276
0052525404290
0052548511654
0052548522353
0052548558154
0052548594558
0052548610128
0052548634001
0052548706524
0052603054737
0052603061001
0052603065047
0052603065979
0052603066013
0052833111644
0052833120004
0052836140610
0052851050482
0053000006145
0053000006367
0053000009900
0053000084372
0053000221012
0053400354310
0053600000017
0053600000093
0053600000116
0053600000215
0053600000260
0053600000284
0053600000307
0053600000420
0053600000512
0053600000536
0053600000550
0053600000567
0053600000598
0053600000703
0053600000734
0053600000819
0053600000987
0053600101073
0053600101332
0053600102353
0053600729307
0053800026312
0053800950075
0053852003002
0053852004009
0053859070663
0054100000613
0054100001405
0054100001504
0054100003607
0054100005359
0054100005809
0054100011602
0054100015402
0054100016102
0054100117502
0054100172907
0054100460004
0054100937025
0054100938268
0054300091527
0054319000022
0054500101149
0054500191454
0054500193274
0054783081367
0054800010080
0054800020010
0054800030804
0054800085453
0054800339051
0054800344468
0054800423415
0054800423514
0054800423590
0054800423651
0054800424542
0054800424849
0054800425655
0055000611831
0055104001019
0055270832103
0055270839454
0055270839515
0055270839720
0055270844151
0055270844168
0055270844335
0055270854013
0055270955963
0055270956694
0055270958544
0055358314002
0055500012862
0055577109274
0055597977600
0055653000600
0055653218609
0055653618706
0055653630104
0055653669302
0055653670209
0055653671404
0055712267036
0055742335859
0055742345315
0055742538700
0055991040955
0055991040962
0055991071027
0056210372338
0056595060608
0056723362048
0056800843705
0056931106229
0057700015636
0057700215425
0057726001040
0057800847960
0057864000127
0058336022203
0058336176005
0058336439001
0058449000099
0058449154037
0058449154051
0058449162063
0058449167013
0058449184003
0058449184034
0058449192114
0058449203100
0058449221357
0058449241102
0058449251347
0058449410140
0058449450139
0058449590569
0058449590729
0058449772057
0058449779124
0058449860013
0058449860075
0058449870111
0058449870135
0058449890096
0058496829513
0058779140717
0058779142315
0058807388029
0058807388098
0059000015194
0059000016528
0059161302232
0059290208320
0059290311860
0059600070029
0059749991384
0059800510998
0059800750851
0059950300128
0060179131103
0060383003982
0060383032524
0060383052010
0060383056469
0060383056490
0060383064181
0060383123956
0060383151416
0060383181710
0060383222734
0060383820466
0060383987510
0060410072080
0060410075074
0060410075524
0060410075555
0060410075685
0060466971252
0060569001092
0060569005229
0060822000060
0060822003078
0061200033250
0061200225884
0061362401102
0061483007948
0061483009218
0061483009249
0061500017820
0061659002357
0062020000316
0062020100641
0062201185078
0062639184971
0062639203085
0062639357184
0062639362522
0063100005887
0063100252397
0063100275204
0063100554118
0063124145149
0063278041267
0063783577039
0063783577084
0063816390109
0064042553252
0064144009664
0064144021154
0064144033164
0064144043040
0064144043422
0064144080045
0064144150502
0064144322862
0064144877843
0064420422279
0064563223382
0064563228806
0064579007624
0065302600167
0065633277472
0065684497317
0066184001097
0066259044110
0066343152158
0066368015186
0066415029238
0066676283758
0066676390166
0066721005861
0066721029041
0066721029362
0066857103028
0066857106203
0066857106326
0066857108023
0067275005284
0067275007882
0067311193067
0067312002665
0067312002962
0067312004430
0067312005130
0067312051892
0067400021455
0068000611008
0068100904840
0068110760108
0068116103404
0068200325750
0068200325767
0068400003908
0068437911443
0068656001222
0068700100611
0068700103827
0068820135197
0068958355078
0068958355481
0069276102481
0070022003754
0070022004621
0070038311317
0070038311478
0070038584278
0070038643555
0070038643579
0070038661245
0070043015804
0070074539843
0070074559643
0070074565019
0070074578118
0070074580562
0070074649016
0070074668925
0070074681771
0070074692654
0070077004515
0070077811205
0070077811250
0070077830206
0070085000783
0070085046903
0070085060121
0070090674061
0070090674207
0070114011179
0070129290620
0070132002005
0070132006003
0070153195069
0070153290450
0070157882705
0070177231187
0070200010666
0070200011243
0070200230002
0070200513280
0070200539259
0070200581005
0070200581012
0070200581043
0070200788770
0070200790056
0070200847019
0070200856134
0070200856165
0070200864467
0070210007595
0070221003319
0070221003326
0070221003340
0070221003388
0070221005351
0070221033798
0070222074264
0070222074332
0070227500027
0070227600017
0070247123114
0070247127747
0070247174512
0070247179869
0070247818928
0070253268380
0070253282409
0070253282423
0070253640353
0070253752100
0070271003758
0070271150711
0070272001203
0070272090993
0070272232058
0070272481067
0070272491424
0070277299179
0070281001171
0070281001195
0070287001564
0070303022047
0070303022092
0070303022320
0070320394103
0070346000095
0070353301000
0070399613037
0070411013418
0070411613878
0070415101630
0070438481184
0070459005413
0070459009107
0070459009305
0070459851188
0070462004083
0070462007480
0070462008418
0070462008623
0070462008876
0070462009019
0070462009057
0070462013719
0070462098525
0070462098617
0070470001289
0070470003009
0070470003061
0070470003085
0070470003252
0070470003290
0070470006550
0070470006574
0070470006611
0070470006659
0070470103761
0070470114132
0070470137735
0070470137780
0070470141718
0070470147833
0070470167718
0070470181363
0070470185125
0070470187112
0070470187440
0070470217789
0070470218380
0070470219998
0070470223261
0070470223278
0070470223285
0070470290614
0070470343488
0070470403878
0070470403885
0070470407418
0070470409658
0070470419428
0070470433295
0070470433325
0070470441108
0070470441283
0070470445182
0070470461151
0070470461168
0070470476483
0070470496610
0070470496627
0070470515168
0070470996158
0070470996189
0070470996219
0070475000416
0070475000812
0070475657146
0070506000057
0070540000013
0070545400009
0070552006195
0070552006393
0070552006461
0070552202009
0070552303058
0070552400184
0070552401051
0070552401136
0070552401280
0070552580534
0070552602151
0070552602250
0070552602373
0070552607149
0070552703018
0070552703025
0070552801158
0070552801165
0070552801219
0070552801257
0070552901018
0070560863018
0070560901512
0070560901666
0070560901710
0070560970815
0070569219502
0070569350465
0070573555559
0070573666668
0070575040060
0070575040589
0070575040800
0070617000557
0070617000793
0070640010875
0070640012411
0070640017867
0070640023707
0070640024377
0070640025268
0070640301447
0070640400720
0070641064136
0070650800138
0070650800381
0070650800756
0070650800848
0070662087206
0070662095034
0070662095041
0070662130018
0070662402016
0070662402023
0070662402030
0070670000204
0070670001324
0070670005377
0070670009634
0070678002330
0070690236706
0070718002030
0070733100179
0070734053177
0070734544835
0070740616823
0070779220305
0070784060149
0070796300189
0070796400209
0070796600364
0070796903120
0070800041039
0070800041466
0070800216352
0070800223435
0070800227396
0070800233670
0070800746798
0070800746828
0070800822546
0070800950485
0070801648008
0070821000046
0070821000572
0070821308494
0070842000087
0070844001020
0070845002033
0070847016205
0070847020530
0070847021520
0070847022909
0070847031116
0070847037989
0070847819509
0070847891994
0070847896678
0070847898405
0070847899488
0070852000138
0070852991351
0070852993485
0070852994475
0070870000356
0070870000523
0070870000592
0070870000707
0070870001001
0070870004064
0070920474021
0070920476575
0070920479798
0070969004159
0070970000324
0070970005053
0070970471254
0070970471261
0070970472602
0070970472909
0070970474606
0070970475405
0070970475450
0070985201501
0071007001666
0071007063916
0071007145711
0071007145766
0071007149375
0071007668128
0071010102022
0071010114575
0071010114728
0071010120040
0071010120057
0071010121016
0071010121047
0071010126677
0071010126684
0071010126790
0071010139301
0071010139707
0071010200025
0071010310113
0071010385135
0071010414552
0071012051007
0071012060146
0071012075027
0071012075096
0071012075102
0071012075263
0071012303342
0071022267108
0071025023886
0071025615517
0071025615548
0071025617177
0071025617191
0071040021188
0071040021331
0071040065311
0071040750446
0071041001004
0071041203606
0071043004003
0071052000096
0071052000652
0071068160616
0071068210786
0071068410247
0071072001905
0071072003107
0071072004760
0071072008058
0071072011973
0071072012208
0071072012314
0071072013014
0071072013052
0071072013618
0071072013625
0071072030509
0071072030523
0071072030554
0071078700307
0071092000209
0071100004656
0071100210156
0071106182341
0071106720086
0071109901819
0071117023404
0071117025040
0071117027013
0071117027020
0071117190380
0071117190519
0071117193008
0071117614848
0071123000215
0071142000142
0071142000555
0071146004375
0071146006638
0071146007642
0071159000807
0071159000968
0071159076550
0071202003380
0071202007074
0071202163039
0071214161566
0071230320107
0071279103020
0071279151014
0071279211008
0071279231006
0071279241005
0071279261027
0071279275031
0071279301006
0071279301044
0071279302256
0071279302454
0071279306025
0071279306056
0071279309064
0071279309217
0071279309248
0071279310053
0071300000014
0071300000175
0071300000274
0071300000472
0071300001325
0071300001738
0071302047383
0071309045382
0071314000482
0071314001878
0071314002578
0071314002615
0071314003414
0071314003421
0071314003506
0071314003599
0071314005234
0071314007153
0071314007160
0071314007245
0071314008686
0071314018807
0071314043991
0071314045285
0071314045445
0071314047999
0071314049740
0071314069168
0071314069199
0071314069274
0071314103008
0071314103282
0071315001181
0071316001180
0071319000142
0071319000258
0071319000784
0071330601328
0071330601342
0071330601380
0071429011991
0071429012226
0071429026223
0071429089259
0071429089396
0071429098404
0071429099500
0071429665613
0071430000137
0071430000311
0071430000359
0071430000830
0071430000847
0071430008065
0071430010082
0071430010662
0071430010693
0071430011362
0071430017012
0071430017029
0071430841150
0071443004504
0071448127109
0071448214137
0071448505167
0071464016241
0071464017163
0071464022952
0071464023218
0071464023690
0071464300517
0071464301507
0071464302511
0071475010504
0071475010528
0071475010887
0071479000600
0071479000808
0071481000056
0071481025004
0071481025103
0071494000418
0071505011211
0071518008086
0071524018130
0071524018482
0071524020034
0071524100156
0071524100354
0071524104123
0071524160075
0071524169832
0071535072053
0071537001266
0071537011708
0071537020045
0071567984645
0071615901020
0071615901297
0071628126069
0071673003018
0071673010689
0071673011129
0071673020503
0071720531303
0071720539446
0071728048308
0071728049213
0071730007201
0071757055803
0071757719781
0071779001161
0071799000182
0071801953345
0071817000378
0071818020405
0071818754201
0071818770003
0071828002101
0071840043304
0071840046961
0071840090087
0071840090124
0071840092029
0071840092043
0071840105989
0071840202121
0071840300407
0071846784157
0071871544641
0071879500069
0071899624165
0071921007799
0071921008284
0071921016685
0071921232986
0071921291723
0071921310271
0071921474140
0071921477639
0071921743741
0071921825881
0071921925802
0071923722928
0071923761699
0071923771964
0071947147707
0071962315303
0071998003601
0071998003700
0072030000213
0072030001210
0072030013657
0072030017389
0072030018379
0072030021669
0072030025223
0072036000057
0072036240620
0072036411112
0072036419934
0072036630452
0072036707376
0072036709929
0072036731616
0072036734990
0072036735270
0072036737182
0072036737847
0072036957030
0072036980786
0072050110305
0072050112170
0072058608576
0072060002805
0072080274305
0072080274329
0072084002454
0072092024240
0072092124124
0072092324128
0072101011360
0072101015252
0072108640013
0072180501332
0072180566249
0072180566256
0072180566515
0072180630742
0072180632432
0072180632470
0072180633224
0072180637178
0072180638137
0072180639752
0072180733672
0072180749086
0072196001079
0072220000061
0072220000146
0072220000153
0072220000689
0072220001976
0072220001983
0072220002171
0072220002256
0072220002324
0072220002751
0072220004403
0072220004410
0072220004540
0072220004731
0072220005271
0072220008470
0072220008654
0072220008692
0072220008845
0072220009934
0072220010176
0072220020007
0072220020144
0072220020151
0072220099980
0072220099997
0072220100167
0072220100181
0072220100198
0072220100211
0072220100778
0072220101522
0072220101539
0072220101621
0072220102017
0072220102062
0072220110869
0072220110906
0072220111033
0072220220414
0072220701258
0072240133879
0072248250646
0072250004862
0072250005487
0072250006576
0072250006583
0072250007238
0072250008174
0072250011013
0072250011167
0072250011266
0072250011365
0072250011389
0072250011396
0072250011501
0072250011662
0072250011792
0072250013017
0072250013413
0072250013451
0072250013482
0072250013871
0072250014069
0072250020176
0072250020381
0072250020961
0072250025263
0072250072502
0072250074216
0072250084307
0072250092517
0072250092609
0072250092654
0072250093651
0072250903875
0072250907958
0072250915038
0072250916622
0072251007152
0072273136137
0072273387737
0072290000657
0072290001524
0072290002279
0072290004037
0072290122540
0072310000520
0072310020580
0072320110011
0072320110172
0072320112978
0072320300191
0072320700762
0072320700915
0072320700922
0072320701202
0072343000252
0072343000580
0072360002079
0072368136011
0072368201368
0072368424361
0072368426976
0072368508719
0072368510149
0072368510286
0072368510484
0072368510538
0072368510811
0072368510828
0072368569901
0072368903606
0072368909554
0072392005802
0072392010417
0072392017232
0072392322732
0072392325931
0072392327232
0072392333639
0072392334636
0072400006272
0072400006562
0072400007293
0072400011061
0072400060236
0072412000329
0072457110229
0072457110335
0072457331075
0072457331082
0072457331174
0072457880559
0072457880689
0072457880702
0072457990555
0072465111119
0072465908511
0072486002601
0072554110573
0072554110931
0072554200595
0072554218606
0072554335358
0072554609886
0072587003446
0072600031579
0072600057180
0072600062306
0072600069114
0072600075870
0072600081628
0072609047472
0072609741240
0072655001039
0072655001121
0072655001145
0072655001824
0072655002104
0072655002111
0072655040984
0072655220119
0072655405813
0072655900004
0072700000048
0072700000079
0072700000147
0072700000642
0072700000895
0072700000925
0072700007603
0072714002489
0072714005503
0072714937101
0072730232167
0072730252042
0072730266162
0072730274112
0072730344877
0072730344914
0072736015498
0072745042386
0072745042461
0072745063664
0072745102776
0072745102783
0072745801402
0072745804113
0072745804564
0072745804618
0072745815119
0072745815126
0072745844928
0072762012164
0072799035501
0072799037253
0072799056131
0072799057695
0072799831400
0072806056611
0072810293583
0072810293606
0072820170119
0072830000970
0072830001779
0072830002028
0072830006330
0072830007023
0072830008013
0072830030014
0072830030052
0072830030113
0072830030212
0072830030335
0072830081030
0072830081054
0072830081139
0072830081276
0072830081320
0072830081368
0072830081399
0072830400022
0072830400046
0072830400053
0072830403139
0072830404068
0072830440011
0072830440035
0072830440387
0072830441339
0072830441360
0072830444149
0072830444187
0072830702232
0072830702294
0072840017036
0072840018361
0072869241009
0072869413000
0072869600042
0072869723017
0072878071512
0072878071536
0072878176231
0072878184212
0072878275231
0072878279536
0072878495134
0072878505437
0072878810982
0072878856669
0072878870184
0072878871235
0072890006189
0072940112136
0072940116295
0072940754008
0072940755999
0072945350465
0072945350694
0072945350717
0072945601536
0072945601994
0072945610033
0072945612259
0072945612303
0072945612495
0072945612747
0072945766143
0072965103249
0072979000206
0072979004433
0072981001055
0072981001703
0072999176035
0072999258038
0072999493033
0073007101162
0073007106037
0073007108055
0073007851944
0073007864760
0073040002075
0073040154101
0073040730497
0073040730510
0073124003073
0073124003080
0073124005060
0073124007934
0073124008146
0073124013072
0073124014147
0073124018046
0073124018077
0073124018770
0073124018800
0073130000738
0073130001254
0073130002664
0073130003777
0073130005498
0073130006853
0073130011208
0073130012373
0073130012861
0073130030575
0073132031266
0073141110815
0073141152334
0073141152945
0073141153157
0073170127006
0073170132000
0073170208217
0073170320001
0073170320261
0073170470119
0073170600080
0073176280057
0073183010470
0073202892537
0073202894555
0073202894579
0073202894890
0073214001156
0073214001712
0073214003280
0073214006113
0073214006144
0073214008438
0073214008681
0073214009473
0073214009503
0073214009657
0073230001451
0073230008092
0073230008542
0073234020083
0073321000189
0073321000257
0073321075910
0073321484651
0073390002077
0073390002213
0073390008383
0073390009007
0073390009021
0073390009342
0073390014483
0073390015039
0073390020620
0073390026738
0073402114507
0073402115108
0073402115405
0073402115603
0073402220505
0073402221502
0073402236506
0073402471266
0073402778891
0073405101221
0073406627508
0073410012604
0073410017227
0073410025253
0073410025727
0073410025888
0073410026199
0073410042007
0073410083000
0073410134139
0073410135471
0073410135525
0073410135549
0073410162989
0073410163023
0073410955642
0073410955772
0073410955789
0073410955796
0073410956182
0073410956236
0073410956410
0073410956656
0073410956663
0073410956687
0073410956700
0073410957677
0073410957783
0073410957899
0073410958063
0073416040038
0073416040229
0073416305144
0073416530904
0073416533103
0073416534803
0073416555709
0073416558403
0073416587809
0073416870024
0073435000013
0073435000051
0073435000129
0073435000365
0073435000426
0073435002338
0073435060505
0073461000315
0073461285026
0073472001158
0073472001189
0073472001653
0073472001660
0073472001677
0073472001691
0073472001851
0073472001905
0073472002018
0073472002131
0073472002155
0073490180033
0073491024015
0073491511003
0073497601524
0073497601708
0073541104803
0073562000207
0073562001006
0073570159089
0073570565750
0073630014242
0073661200324
0073664012429
0073711122019
0073711250101
0073711250156
0073711310300
0073711355998
0073711386060
0073711386084
0073711425547
0073711806537
0073723000206
0073731002742
0073731002858
0073731071656
0073731071717
0073731071977
0073731073001
0073731082027
0073731170007
0073731200087
0073731990155
0073731990506
0073872746031
0073872746130
0073899014823
0074027031712
0074027077079
0074027167664
0074030002655
0074030066107
0074030102157
0074030203007
0074030303004
0074030661364
0074034519975
0074117000666
0074117000963
0074117001731
0074117882026
0074117882033
0074117949941
0074150372133
0074175000554
0074175000714
0074175001407
0074175002046
0074175002947
0074175015176
0074175440176
0074234925125
0074234951131
0074234951148
0074265002383
0074265004332
0074265005995
0074265020370
0074310100408
0074312012808
0074312145964
0074312536403
0074323002201
0074323002218
0074323002294
0074323002300
0074323010619
0074323010855
0074323022742
0074323029611
0074323046199
0074323048667
0074323051568
0074323081411
0074323086560
0074323090949
0074323091021
0074323091052
0074323091151
0074323091397
0074323091823
0074323091830
0074323094596
0074323095012
0074323095234
0074323095777
0074323095852
0074323511024
0074326000136
0074329123337
0074329123368
0074329123399
0074333374305
0074333374701
0074333375531
0074333474289
0074333474296
0074333474302
0074333474319
0074333476245
0074333683339
0074333684244
0074333684299
0074350000027
0074390001909
0074401310419
0074401702412
0074401704416
0074410020378
0074410059552
0074410380045
0074410580353
0074410654849
0074410680510
0074471000555
0074471112524
0074483317108
0074534842108
0074562001102
0074562005094
0074562221128
0074570044009
0074570082018
0074570305445
0074570597987
0074570651498
0074570910106
0074570952397
0074584050645
0074601176303
0074609093213
0074641029683
0074653393932
0074653547946
0074680001121
0074680001138
0074680008519
0074682103014
0074682103236
0074682107128
0074683005591
0074683302478
0074683302508
0074683620732
0074683678313
0074690038292
0074690072074
0074699010251
0074706000015
0074706000435
0074714084076
0074714085530
0074714085547
0074714085646
0074714085653
0074714086827
0074714088333
0074766000116
0074780004022
0074780333528
0074780377416
0074780377508
0074780446464
0074780447089
0074780447133
0074780777339
0074780811163
0074873163216
0074873163537
0074873239300
0074880020021
0074880040012
0074880040623
0074880057393
0074880061703
0074880187250
0074908360481
0074908360542
0074923405013
0074923405198
0074956000001
0074956184404
0074960528294
0075002515241
0075002700029
0075002700906
0075069002005
0075070350560
0075070350577
0075119040155
0075119145706
0075119145713
0075128000126
0075144002128
0075144002227
0075172076597
0075185000060
0075185000138
0075185004013
0075185005010
0075185006024
0075185200019
0075185207001
0075186157978
0075192001210
0075192001838
0075199000339
0075199010352
0075199010505
0075199012424
0075202202200
0075209827284
0075243208896
0075270001910
0075278006078
0075278014059
0075278155301
0075278905401
0075278909744
0075278909799
0075278950050
0075278951453
0075278995204
0075278995471
0075278996706
0075278996751
0075355112715
0075355112999
0075370001223
0075370005092
0075370005719
0075370007058
0075370150082
0075450010343
0075450015461
0075450021288
0075450034806
0075450036954
0075450041699
0075450062519
0075450084375
0075450085150
0075450085860
0075450086096
0075450089769
0075450093834
0075450097115
0075450097320
0075450098280
0075450098679
0075450122923
0075450126051
0075450126099
0075450131864
0075450132854
0075450146967
0075450172980
0075450233797
0075450237504
0075450301991
0075501960375
0075620556695
0075669101801
0075669101900
0075669102105
0075669102617
0075669102808
0075669106950
0075669109913
0075669110834
0075669115136
0075669115525
0075669115532
0075669115556
0075669115655
0075669121113
0075669121625
0075669126293
0075669176038
0075669199006
0075671092241
0075706151080
0075706165018
0075706191017
0075706303182
0075717953772
0075810023358
0075856001075
0075856055399
0075856061055
0075880512073
0075900000887
0075900002201
0075900003260
0075900005240
0075900005257
0075900006179
0075900015546
0075925300191
0075925300917
0075925301204
0075925302294
0075925306230
0075925306339
0075925307510
0075925307879
0075925307893
0075925401256
0075968105043
0076014101026
0076020005707
0076020008715
0076033101953
0076033101960
0076057001451
0076057001789
0076057002359
0076057002465
0076057002496
0076057003516
0076057003943
0076057004131
0076057004148
0076057004155
0076057004209
0076057004414
0076057005978
0076057016349
0076057031397
0076132010057
0076150200249
0076150232202
0076150232523
0076183003138
0076183163566
0076183163740
0076183163788
0076183168509
0076183643563
0076186000035
0076186000080
0076186000110
0076186000189
0076261099404
0076286444449
0076301845046
0076306180777
0076338811045
0076371011075
0076371011112
0076371012119
0076371012423
0076371041133
0076371511001
0076397001456
0076397001463
0076397002071
0076397002286
0076397003122
0076397004082
0076397005119
0076397009070
0076397010281
0076397020082
0076397030012
0076397030227
0076397032009
0076397032504
0076397032771
0076397035604
0076397801025
0076400002708
0076406021505
0076406021802
0076406061600
0076406668205
0076410901879
0076410903835
0076410903873
0076410905563
0076410906119
0076410906188
0076410906294
0076580106029
0076580141549
0076580154792
0076762240138
0076793300177
0076793401027
0076800006931
0076800006962
0076808002157
0076808002386
0076808002447
0076808007350
0076808007367
0076808007930
0076808011784
0076808012569
0076808012675
0076808012699
0076808517088
0076808520071
0076808535594
0076808535600
0076811140501
0076811800276
0076840002283
0076840003037
0076840003549
0076840036745
0076840100149
0076840100354
0076840100552
0076840101184
0076840161027
0076840485116
0076840551941
0076840657940
0076850099013
0077013010654
0077013615637
0077013615750
0077013616115
0077034009804
0077034009941
0077034011098
0077034011784
0077034011821
0077034018370
0077034018455
0077034089998
0077079004055
0077079004710
0077083407187
0077186330054
0077260069924
0077260090430
0077260095541
0077260095558
0077260095565
0077260096227
0077260096258
0077260096326
0077260114464
0077330348218
0077330570060
0077377002166
0077377113022
0077377113152
0077400108377
0077400124537
0077400127231
0077400127439
0077400127538
0077400226330
0077400386836
0077449506035
0077502146154
0077507005050
0077507005081
0077507101011
0077521321013
0077544000506
0077544002463
0077544002470
0077544002838
0077544195028
0077544505100
0077544527409
0077544806207
0077567001795
0077567003195
0077567003393
0077567003522
0077567008220
0077567028747
0077567193421
0077567227003
0077567254276
0077567254405
0077567254443
0077567265302
0077567283207
0077589401085
0077633045050
0077633047375
0077633750190
0077633750312
0077633750497
0077633750732
0077633750749
0077633751357
0077644826228
0077644900478
0077661022122
0077661119099
0077718730284
0077718920562
0077745274799
0077745276670
0077745294131
0077745297446
0077782000115
0077782003932
0077782008395
0077782008708
0077782013573
0077782023923
0077782023930
0077782023954
0077782026979
0077782029840
0077782029871
0077782030181
0077832007705
0077865001015
0077865001077
0077886300364
0077890103289
0077890164600
0077890201527
0077890203910
0077890205518
0077890218815
0077890246849
0077890255902
0077890259665
0077890297698
0077890298800
0077890303795
0077890305553
0077890312766
0077890320907
0077890332733
0077890334508
0077890337080
0077890341261
0077890349595
0077890350928
0077890352267
0077890354711
0077890358986
0077890363096
0077890369012
0077890370841
0077890373170
0077890377024
0077890379066
0077890390122
0077890396346
0077890403648
0077890405192
0077890405215
0077890413203
0077890428504
0077890434482
0077890435458
0077890437056
0077890437827
0077890440919
0077890445600
0077890448441
0077890448717
0077890451649
0077890455647
0077890456125
0077890463659
0077890467909
0077890468661
0077890468906
0077890487204
0077890488799
0077890491607
0077890500613
0077890506356
0077890513934
0077890514221
0077890514276
0077890515570
0077890520932
0077890527962
0077890528679
0077890528747
0077890531228
0077890542088
0077890543436
0077890549513
0077890552254
0077890559055
0077890560587
0077890562123
0077890564851
0077890565162
0077890572498
0077890581445
0077890588703
0077890589755
0077890593431
0077890595619
0077890610251
0077890616093
0077890670668
0077890867914
0077890909140
0077890943021
0077900002106
0077900002700
0077900003240
0077900111013
0077900116339
0077900192609
0077900301001
0077900334948
0077900335259
0077900365171
0077900365188
0077900365195
0077900365201
0077900447587
0077900471698
0077900471728
0077900490002
0077900501777
0077900502101
0077900502132
0077900502248
0077900502392
0077900502576
0077900503085
0077900536069
0077901003508
0077901004024
0077901063755
0077948007040
0077958529044
0077958588126
0077958690201
0077958690539
0077958690577
0077958690805
0077958693417
0077958693530
0077958694148
0077958694490
0077958694919
0077958790499
0077958794497
0077975020869
0077975022184
0077975028049
0077975029688
0077975034101
0077975081112
0077975082355
0077975091524
0077975093085
0077975093122
0077975094495
0077975099926
0078000000757
0078000005868
0078000013870
0078000016161
0078000016468
0078000035322
0078000038811
0078000038828
0078000052169
0078000053401
0078000082166
0078000083163
0078000083316
0078000098402
0078000122404
0078000152166
0078000200270
0078000206166
0078139710688
0078141105205
0078141105397
0078255001103
0078296012069
0078296117337
0078314002201
0078314100464
0078314111002
0078354313763
0078354700914
0078354702185
0078354707708
0078354708200
0078354709825
0078354710968
0078354716489
0078354716496
0078354716526
0078354828458
0078355471226
0078355570066
0078355570134
0078355570264
0078414500157
0078700004932
0078700015587
0078700016225
0078700800596
0078700801524
0078700801593
0078700801623
0078700801746
0078700802378
0078700802811
0078722048143
0078732001602
0078742000183
0078742000206
0078742000947
0078742002170
0078742002248
0078742002255
0078742002293
0078742002682
0078742002835
0078742003979
0078742004709
0078742006819
0078742009285
0078742009452
0078742009520
0078742010717
0078742011028
0078742012384
0078742012896
0078742013626
0078742014692
0078742015668
0078742015811
0078742016030
0078742016559
0078742016573
0078742020631
0078742020808
0078742020938
0078742020969
0078742021317
0078742021911
0078742021997
0078742022505
0078742024615
0078742026190
0078742026787
0078742030623
0078742030890
0078742032320
0078742034287
0078742034294
0078742036601
0078742036632
0078742036786
0078742037882
0078742038865
0078742039701
0078742039718
0078742039787
0078742042190
0078742044842
0078742046105
0078742046143
0078742048369
0078742051635
0078742053042
0078742054254
0078742054544
0078742054551
0078742054568
0078742054780
0078742056852
0078742059419
0078742059426
0078742062167
0078742062181
0078742065359
0078742066752
0078742067117
0078742067940
0078742069838
0078742071725
0078742072838
0078742072845
0078742072913
0078742073668
0078742073781
0078742073804
0078742073811
0078742073910
0078742074924
0078742074955
0078742074993
0078742075068
0078742075235
0078742075945
0078742076461
0078742077017
0078742078120
0078742079479
0078742081717
0078742083520
0078742083827
0078742084633
0078742084954
0078742085296
0078742086163
0078742086408
0078742086736
0078742086774
0078742087023
0078742087801
0078742088198
0078742089645
0078742089652
0078742089737
0078742090139
0078742090511
0078742092522
0078742094212
0078742099095
0078742099620
0078742100159
0078742100173
0078742100623
0078742101002
0078742101194
0078742102047
0078742105802
0078742106274
0078742107950
0078742108544
0078742109664
0078742110295
0078742112091
0078742112138
0078742112213
0078742113029
0078742113166
0078742114569
0078742114743
0078742116730
0078742117751
0078742118956
0078742119090
0078742119151
0078742120621
0078742120638
0078742121291
0078742121338
0078742122410
0078742122656
0078742122953
0078742124230
0078742124247
0078742124520
0078742126005
0078742126616
0078742127019
0078742127033
0078742127330
0078742127460
0078742127538
0078742127644
0078742127668
0078742128283
0078742128344
0078742131542
0078742131566
0078742131863
0078742132143
0078742132273
0078742132358
0078742133713
0078742133744
0078742133768
0078742133867
0078742134314
0078742134970
0078742136417
0078742140728
0078742141602
0078742142234
0078742142364
0078742143309
0078742143330
0078742143347
0078742143378
0078742143385
0078742143828
0078742144184
0078742144191
0078742144948
0078742144955
0078742144962
0078742145006
0078742145013
0078742147406
0078742147420
0078742147871
0078742148694
0078742148854
0078742149073
0078742152158
0078742152783
0078742154640
0078742158044
0078742158457
0078742158464
0078742158495
0078742158501
0078742158570
0078742158792
0078742158808
0078742159133
0078742159959
0078742160290
0078742162041
0078742162058
0078742162904
0078742169002
0078742169033
0078742169569
0078742181400
0078742181455
0078742181486
0078742193885
0078742194028
0078742194240
0078742194257
0078742194622
0078742194851
0078742194868
0078742194875
0078742194882
0078742194912
0078742194974
0078742194981
0078742200750
0078742200996
0078742201023
0078742201054
0078742201221
0078742206257
0078742207933
0078742213217
0078742218823
0078742218885
0078742218892
0078742218960
0078742219479
0078742220833
0078742221564
0078742223179
0078742223490
0078742223506
0078742223629
0078742225739
0078742226897
0078742228143
0078742228358
0078742228990
0078742229171
0078742229355
0078742229362
0078742230306
0078742230450
0078742231396
0078742231549
0078742232218
0078742232553
0078742232928
0078742232997
0078742233048
0078742235431
0078742235820
0078742235875
0078742236100
0078742236162
0078742236179
0078742236513
0078742236544
0078742236773
0078742236964
0078742236988
0078742237091
0078742237398
0078742237466
0078742237503
0078742239927
0078742240602
0078742244563
0078742248189
0078742248233
0078742248288
0078742248394
0078742248721
0078742248752
0078742249230
0078742252384
0078742253879
0078742253893
0078742254463
0078742254593
0078742256191
0078742257013
0078742260044
0078742262901
0078742267043
0078742267456
0078742267487
0078742267609
0078742267661
0078742267678
0078742267753
0078742267814
0078742267876
0078742269337
0078742269573
0078742269634
0078742276205
0078742280547
0078742283159
0078742283326
0078742283791
0078742285252
0078742285504
0078742294759
0078742295107
0078742295633
0078742295794
0078742297071
0078742297231
0078742298610
0078742299020
0078742300658
0078742300696
0078742307534
0078742307565
0078742307572
0078742308982
0078742309439
0078742309811
0078742309828
0078742314617
0078742315805
0078742316185
0078742330075
0078742330266
0078742333748
0078742333762
0078742346151
0078742346366
0078742347066
0078742347097
0078742347110
0078742349817
0078742350998
0078742352022
0078742352053
0078742352060
0078742352541
0078742353173
0078742353180
0078742353241
0078742353272
0078742354712
0078742361840
0078742364841
0078742366692
0078742367101
0078742367163
0078742367392
0078742369259
0078742369402
0078742369594
0078742369792
0078742369822
0078742370460
0078742370606
0078742370811
0078742371108
0078742371696
0078742371719
0078742372020
0078742372303
0078742372310
0078742372365
0078742372570
0078742373355
0078742373409
0078742374086
0078742374178
0078742374581
0078742374604
0078742375861
0078742429724
0078742430218
0078742430539
0078742431031
0078742431048
0078742432397
0078742432410
0078742432908
0078742433103
0078742433394
0078742433516
0078742433844
0078742433905
0078742434018
0078742442662
0078742587097
0078783907267
0078821100087
0078821100223
0078821100285
0078821202088
0078821202439
0078858520308
0078858520322
0078858520506
0078858520513
0078858522029
0078858525051
0078883760304
0078895100846
0078895100853
0078895120318
0078895120332
0078895120356
0078895121148
0078895121933
0078895136715
0078895154825
0078895405552
0078895730074
0078895761566
0078895941593
0078907200670
0078907450396
0078913280024
0078935714378
0078976143106
0078976321382
0078976321399
0079019020774
0079200003364
0079200081256
0079200085391
0079200143367
0079200230401
0079200292676
0079200472146
0079200504588
0079200599362
0079200619091
0079200620172
0079200763411
0079200912338
0079200928773
0079200983710
0079200998899
0079296905115
0079296905139
0079341011051
0079341020824
0079373000139
0079426212076
0079606010256
0079606010355
0079606010454
0079621461064
0079685543249
0079694221053
0079694222050
0079694222098
0079694223095
0079694225129
0079694285208
0079706021060
0079783101228
0079800010113
0079813085580
0079879400693
0079893106298
0079893110028
0079893111155
0079893111506
0079893111544
0079893112909
0079893112978
0079893114125
0079893114132
0079893117027
0079893120386
0079893121253
0079893121512
0079893122007
0079893122120
0079893122229
0079893124582
0079893124599
0079893150192
0079893152462
0079893161792
0079893161822
0079893163635
0079893164953
0079893183787
0079893254807
0079893294575
0079893298092
0079893402543
0079893402642
0079893402659
0079893405957
0079893406237
0079893406268
0079893406275
0079893406282
0079893406381
0079893406558
0079893408521
0079893411675
0079893411699
0079893440743
0079893513133
0079893981574
0079900001219
0079900001615
0079900001998
0079900005514
0079900005750
0079911023163
0079927110123
0080000495433
0080000495648
0080000514844
0080000514868
0080000515582
0080000516046
0080000516121
0080000517449
0080000517661
0080000517708
0080000519702
0080000520227
0080000522764
0080364255032
0080444513069
0080475001320
0080475004031
0080621005189
0080793793709
0080868000350
0080868002453
0080868002484
0080868002675
0081014000019
0081014000026
0081014000040
0081014003065
0081014090829
0081312101784
0081312200616
0081312300309
0081312400016
0081475405569
0081537200002
0081537200422
0081537300016
0081553021803
0081652086987
0081652106159
0081652299035
0082592010728
0082592012081
0082666000075
0082666500506
0083132063112
0083322063724
0083322092212
0083322093356
0083703705762
0083747020616
0083791010052
0084114009982
0084114030702
0084114107077
0084114112347
0084114112743
0084114112750
0084114113917
0084114119032
0084114119056
0084114902085
0084114902610
0084213000736
0084213001528
0084213011374
0084253240451
0084253240482
0084253268325
0084501814311
0084587009618
0084587058500
0084685381746
0085239013687
0085239015957
0085239016732
0085239017180
0085239019733
0085239020227
0085239021873
0085239029848
0085239031650
0085239032138
0085239037874
0085239038567
0085239038581
0085239038598
0085239038604
0085239038611
0085239038680
0085239038697
0085239038734
0085239038819
0085239038857
0085239038888
0085239038895
0085239038901
0085239038949
0085239039007
0085239039014
0085239039076
0085239039106
0085239041673
0085239041680
0085239041703
0085239041734
0085239042526
0085239042960
0085239045091
0085239046173
0085239046579
0085239046586
0085239046715
0085239046722
0085239047743
0085239047811
0085239048061
0085239048085
0085239048986
0085239049037
0085239049280
0085239049310
0085239051672
0085239051856
0085239052808
0085239052914
0085239053140
0085239053379
0085239054024
0085239057322
0085239057346
0085239058114
0085239058145
0085239065099
0085239065181
0085239065228
0085239070642
0085239077405
0085239078020
0085239078143
0085239078914
0085239080061
0085239085479
0085239085684
0085239085882
0085239086063
0085239087916
0085239099780
0085239102497
0085239110492
0085239111086
0085239111314
0085239111390
0085239111840
0085239113301
0085239113714
0085239115312
0085239117071
0085239120545
0085239121481
0085239131732
0085239131763
0085239132326
0085239142479
0085239146699
0085239155646
0085239156759
0085239156865
0085239156933
0085239157022
0085239160985
0085239162897
0085239162903
0085239164471
0085239166352
0085239170151
0085239170175
0085239173879
0085239174791
0085239174814
0085239182437
0085239189351
0085239189375
0085239189382
0085239189528
0085239201268
0085239224908
0085239251133
0085239270455
0085239275580
0085239276679
0085239280737
0085239280775
0085239284049
0085239284070
0085239284087
0085239287675
0085239291344
0085239293522
0085239294130
0085239308332
0085239334942
0085239370773
0085239401200
0085239433560
0085239665169
0085239711965
0085239817681
0085239875766
0085239901151
0085239918326
0085239934098
0085239941980
0085239976296
0085239980699
0085239983782
0085239986738
0085239995440
0085239998212
0085264790263
0085315610182
0085567000397
0085693404021
0085968701008
0085968800008
0085968801203
0086106013106
0086341170503
0086341170558
0086467007622
0086479100236
0086479200219
0086479200325
0086581019402
0086600007106
0086600008127
0086600240015
0086600240626
0086600240633
0086600241036
0086600241043
0086600403212
0086600703527
0086600704005
0086600704029
0086600707402
0086600707716
0086600750941
0086600750958
0086631005850
0086631313290
0086631783314
0086700675175
0086854033630
0087076212384
0087076219161
0087076647391
0087076806477
0087076817015
0087216010023
0087427442736
0087684004166
0087692006770
0087692012238
0087692012245
0087692020240
0087703007543
0087703023185
0087703023482
0087703082717
0087703143227
0087703163225
0087872630931
0088194330608
0088194340003
0088194340034
0088194340058
0088194340072
0088194340089
0088194340096
0088194703143
0088194703174
0088231412045
0088313001174
0088313001365
0088313590746
0088365000194
0088365010438
0088702015744
0088702108347
0088702518696
0088702845679
0088857019932
0089036241496
0089036242912
0089036321495
0089036421430
0089036601276
0089094021153
0089094021191
0089094021979
0089094022471
0089094022938
0089094025113
0089094025649
0089094026097
0089094026264
0089094026837
0089125180231
0089125210006
0089674000875
0089674020217
0089782030191
0089812063984
0089836185129
0089836185174
0089836186089
0089836190796
0089991602400
0089991626567
0090341121212
0090478410029
0090478410050
0090478410081
0090478410104
0090478410159
0090939120450
0091037367808
0091037472922
0091464604705
0091475930985
0091752001056
0091945770189
0092163086410
0092227510462
0092227555401
0092227565127
0092227727129
0092227741323
0092227823104
0092227851084
0092227868105
0092227954099
0092325333147
0092444032631
0092825108184
0093709300106
0093856991127
0093856992735
0093856993190
0093856993404
0093966000689
0093966000894
0093966002126
0093966004403
0093966005042
0093966005585
0093966007435
0093966010008
0093966010411
0093966811117
0094321880564
0094331145004
0094331410560
0094776124381
0094922356796
0094922356802
0094922581587
0094922639325
0095225600067
0095829600159
0096619057788
0096619090907
0096619105342
0096619106233
0096619111121
0096619165124
0096619174010
0096619174027
0096619181674
0096619189199
0096619192328
0096619222483
0096619222582
0096619329939
0096619363780
0096619364756
0096619367542
0096619452811
0096619506897
0096619626410
0096619784776
0096619881574
0096619911936
0096619928118
0096619928545
0096619987351
0096619994700
0097339000016
0097342000041
0097914090050
0098100100447
0098163001101
0098308227724
0098437891445
0098794000504
0099336005803
0099482137137
0099482161514
0099482400712
0099482402587
0099482404970
0099482405458
0099482406059
0099482406486
0099482409661
0099482412326
0099482412333
0099482413491
0099482413538
0099482414429
0099482414443
0099482418854
0099482420765
0099482421915
0099482422363
0099482424510
0099482426637
0099482427313
0099482427320
0099482429911
0099482429928
0099482431150
0099482431167
0099482431198
0099482431747
0099482434267
0099482435684
0099482436247
0099482436278
0099482436513
0099482438463
0099482438494
0099482439002
0099482439132
0099482439484
0099482439798
0099482441630
0099482441647
0099482441999
0099482442958
0099482443047
0099482443078
0099482443221
0099482446222
0099482446710
0099482446796
0099482446802
0099482447076
0099482448738
0099482449575
0099482449582
0099482449667
0099482449674
0099482450373
0099482450915
0099482451202
0099482452230
0099482452261
0099482452759
0099482455125
0099482455132
0099482455743
0099482455859
0099482455873
0099482455903
0099482455972
0099482457129
0099482458324
0099482461133
0099482461874
0099482462130
0099482463250
0099482465032
0099482465049
0099482466398
0099482466596
0099482466732
0099482467692
0099482468828
0099482470685
0099482470708
0099482470739
0099482471927
0099482472085
0099482472092
0099482472122
0099482473600
0099482473730
0099482473808
0099482473945
0099482473952
0099482473990
0099482474003
0099482474058
0099482474065
0099482474072
0099482474355
0099482474423
0099482474867
0099482476076
0099482476731
0099482476748
0099482476755
0099482477370
0099482477806
0099482477950
0099482478124
0099482479671
0099482479770
0099482479817
0099482481315
0099482481575
0099482481643
0099482481827
0099482482053
0099482482114
0099482482893
0099482486181
0099482488659
0099482488888
0099482489861
0099482490140
0099482491130
0099482491505
0099482491550
0099482491581
0099482493295
0099482493417
0099482493875
0099482493882
0099482494049
0099482494391
0099482494834
0099482498009
0099482500153
0099482500177
0099482500184
0099482501006
0099482501884
0099482502065
0099482502164
0099482503062
0099482504748
0099482504847
0099482506001
0099482506124
0099482515713
0099482516628
0099482517496
0099482519087
0099482519230
0099482520380
0099482522261
0099482523367
0099482523404
0099482523664
0099482525354
0099482525408
0099482526320
0099482526641
0099482526863
0099482526870
0099482527440
0099482527907
0099482527921
0099482529598
0099482529826
0099482531713
0099482531973
0099482534301
0099482535131
0099482536985
0099482537067
0099482538255
0099482538279
0099482538286
0099482538569
0099482539283
0099482539771
0099900001477
0112112832957
0131535596376
0146652944986
0180530000890
0181143000796
0185255000521
0185689000272
0185689000425
0185814000023
0185814001327
0185889000126
0185889000652
0185889000706
0186272102557
0186852000600
0186852000860
0186852001621
0186852001690
0187248000266
0190298000438
0190569123279
0190569123606
0190569124238
0190569124726
0190569124733
0190569124764
0190569509394
0190569522188
0190569522195
0190569522270
0190569522294
0190569653721
0190569679790
0190646630164
0190646630188
0190912100742
0190912100872
0190912101350
0191011001404
0191011001862
0191414012007
0191907982213
0191907992595
0191907999488
0192699000093
0192699000857
0193476001272
0193476001982
0193476003702
0193908008572
0193908008619
0193937001513
0193968006938
0193968009649
0193968023140
0193968023218
0193968029975
0193968031213
0193968049799
0193968051358
0193968053628
0193968073916
0193968100759
0193968119959
0193968149932
0193968284657
0193968301170
0193968319687
0193968320218
0193968320379
0193968353223
0193968356279
0193968357849
0193968418694
0193968449018
0193968454012
0193968456313
0193968457013
0193968479503
0193968502409
0193968509880
0193968517557
0193968520731
0194261000289
0194261010042
0194309300029
0194346001293
0194346001637
0194346002153
0194346003013
0194346003051
0194346009527
0194346020348
0194346050888
0194346050895
0194346052905
0194346053902
0194346055203
0194346056293
0194346065035
0194346067084
0194346080281
0194346080298
0194346080458
0194346080502
0194346080540
0194346097692
0194346118892
0194346134762
0194346135295
0194346135325
0194346135370
0194346135523
0194346135578
0194346136063
0194346154166
0194346158072
0194346169474
0194346174744
0194346174775
0194346174881
0194346188635
0194346188963
0194346188970
0194346192700
0194346192717
0194346192724
0194346194094
0194346197637
0194346207787
0194346207824
0194346207978
0194346208173
0194346210435
0194346210923
0194346210978
0194346252138
0194346252275
0194346252688
0194346253166
0194346253173
0194346253258
0194346254941
0194346256259
0194346263523
0194346264087
0194346266173
0194346266524
0194346266999
0194346271016
0194346278879
0194346279296
0194346283484
0194346371846
0194346375899
0194346375905
0194346388127
0194346388592
0194346388622
0194346390458
0194346391363
0194346392360
0194346393626
0194346404902
0194346407606
0194346415878
0194346416240
0194346416738
0194346442812
0194346447213
0194346469833
0194346480128
0195372531556
0195515023795
0195515031394
0195515033435
0195515040594
0195515040716
0195602026159
0195602030637
0195602038916
0195602104628
0195602147571
0195893141234
0195893704422
0196370000518
0196411000019
0196633807342
0196633829788
0196633836731
0196633869142
0196633881236
0196633906687
0196633951793
0196633952233
0196671004017
0196761392123
0196761508838
0196852017645
0196852402212
0197644792948
0197644879946
0197857000021
0197870009476
0197870048703
0197870073743
0197870098562
0197870102405
0197870159829
0197870160108
0198168337424
0198168488171
0198168804582
0198168907092
0198306025497
0198420650087
0198715314922
0198715813371
0199284329317
0199284438415
0212588302296
0218639000005
0223248003972
0228660605988
0240506715040
0247492013129
0254959206987
0281180000000
0284353007996
0300878349608
0300878450496
0305731286731
0322654002361
0400000006017
0402068510000
0422014817571
0602652170591
0602652171116
0602652171604
0602652171680
0602652176616
0602652201011
0602652206009
0602652249655
0602652266232
0602652288555
0602652429620
0602652431197
0602652433344
0602652433368
0602652434761
0602652670305
0602652671364
0602813360069
0602813370143
0602813370174
0602813370181
0602813370204
0602813373045
0602813410030
0602938513609
0602938513623
0602938513630
0602938513746
0603812022033
0604183110404
0604183201003
0604215889414
0604262011387
0604913000135
0604913000197
0604913000203
0604913000920
0604913100309
0604947194923
0605388186591
0605388186713
0605388186836
0605388186850
0605388186874
0605388186942
0605388187642
0605388187666
0605388187789
0605388187901
0605388756138
0605388876256
0605663735391
0605806000065
0606274327319
0606541601098
0606541920526
0606541934110
0606991010457
0607880201123
0608819794938
0609132002427
0610764863775
0611247404737
0611269003024
0611269133448
0611269212457
0611269331240
0611443340112
0611625101708
0612227840088
0612322000745
0612322029999
0612669320124
0612669513908
0612781101045
0612781101199
0612781101243
0612900233343
0612900339458
0613002715720
0613008718763
0613008719296
0613008722869
0613008723422
0613008725716
0613008725754
0613008725792
0613008734008
0613008735159
0613008735302
0613008735784
0613008751210
0613008758868
0613008759629
0613008759711
0613008759773
0613008766474
0613440000013
0613522021011
0613522021028
0614583624418
0615033008703
0615433330121
0616112031988
0616112866719
0616594506059
0616676092210
0618437704202
0618645230029
0619286609007
0619286609045
0619360090851
0620133002247
0620133004340
0620133600153
0620221200111
0620514005935
0620545687506
0621683920555
0625691650008
0626608000268
0626608000961
0627552101070
0627733007108
0627735021775
0627843000082
0627843577904
0627933025360
0628055058052
0628110422026
0628110422538
0628110422552
0628110422576
0628176040103
0628242841009
0628242841153
0628250179491
0628308290055
0628451166474
0628451529170
0628451868057
0628451868064
0628553013263
0628553031588
0628678704015
0628693634069
0628915002492
0628915641813
0628942158971
0629307015045
0629307015342
0631656716719
0631656717358
0631723202916
0631723203890
0631782004339
0631803000074
0632365122181
0632432333304
0633090371301
0633148599305
0633456113224
0633600502348
0634418523914
0634418524515
0634418524829
0634418525734
0634418525932
0635381036050
0635381036067
0635617001012
0635985800088
0636817902659
0636841073028
0637480000710
0637480000727
0637480001021
0637480002905
0637480003667
0637480021012
0637480061032
0637480075060
0637480075206
0637480090322
0637480590341
0637793001015
0637793001060
0637793010895
0637796401164
0638031601042
0638031605019
0638031612383
0638031613236
0638031685103
0638102203090
0638267947105
0638882000506
0638882210806
0639123888969
0639277723994
0639511523458
0639713991970
0640410513273
0640410513327
0640410513334
0640410800649
0640445002254
0641002011184
0641444282432
0641509128224
0641548121682
0641871998043
0643342215291
0643843714200
0643843714804
0643843716518
0643843718390
0643843800699
0643843800736
0643843801429
0643843801535
0643843801931
0643843803027
0643843803065
0643843803126
0644209122349
0644209307593
0644209404896
0644209411351
0644209412259
0644209413003
0644209413300
0644225727108
0644225727221
0644225727702
0644225727788
0644225767395
0645230011336
0645230011404
0645230011534
0645230011831
0645230011848
0645230059116
0645230512246
0646670310041
0646670310164
0646670310195
0646670310676
0646670310690
0646670310959
0646670312540
0646670313240
0646670315039
0646670315060
0646670316050
0646670316609
0646670316661
0646670317804
0646670318269
0646670462597
0646670512223
0646670512285
0646670512445
0646670512520
0646670512544
0646670512742
0646670513534
0646670513565
0646670515606
0646670515651
0646670517600
0646670517808
0646670517907
0646670518096
0646670518201
0646670518218
0646670518225
0646670518713
0646670519765
0646670520808
0646670521836
0646670521850
0646670522833
0646670523175
0646670523502
0646670523939
0646670524516
0646670529603
0646670529672
0646670529917
0646670535345
0646670535383
0646670535666
0646670539398
0646670539619
0646670681479
0646670681523
0646670681554
0646670681929
0647086124000
0647086124055
0647086124109
0647613000395
0647613011407
0647671000306
0647671500134
0648436100279
0648436100699
0648649080443
0648960000908
0648960013014
0648960033777
0648960035153
0648960035726
0649241893981
0649241929147
0649632000806
0649908266110
0650830440035
0650912101809
0650912101823
0651433261706
0651741504618
0652010110004
0652729710014
0652729710328
0652729710663
0652729710670
0652729710687
0652729710854
0652729711301
0652878031244
0652995344524
0653246100098
0653341671714
0654844813281
0654858703882
0654871180042
0655122201578
0655273005148
0655778358237
0655852001240
0655852005231
0655956020017
0655956055514
0656846560965
0657082001816
0657082027014
0657082027021
0657082027045
0657082027120
0657082027137
0657082027250
0657082029056
0657082029063
0657082065405
0657622611123
0658010116022
0658010116954
0658010118026
0658010120630
0658010132862
0658276201340
0658325076042
0658564613985
0658564723981
0658564983378
0659000406024
0659000741064
0659204596255
0659253120159
0660646000293
0660726268469
0662425035823
0662425035922
0663603140612
0663936775765
0664164100510
0664164101531
0664164101739
0664164101937
0664164101968
0664164104105
0664164104112
0664317000124
0664648221663
0664857128654
0665291006539
0665291007802
0665591000190
0665591893037
0665596010026
0665596013010
0665596013027
0665596475092
0665649620707
0669556030307
0669809200402
0669809201447
0669896013992
0670433094107
0671521400107
0671521410403
0671521410502
0671521470513
0671635701503
0671635701961
0671635706478
0671635706607
0671635706805
0671635708694
0671635708724
0671635708854
0673316036539
0673316094973
0673316096021
0673367010434
0673367160085
0673388196117
0675122000032
0675625305016
0675625389276
0675625654299
0675625659300
0677294993006
0678044001088
0678108144119
0678108144461
0678523010426
0678963100275
0679339000403
0679757128888
0679844104429
0679844104559
0679844104573
0679844104634
0679844109578
0679948100457
0680474253876
0681131027830
0681131027861
0681131027908
0681131053990
0681131062695
0681131075503
0681131076050
0681131076081
0681131090872
0681131090889
0681131091145
0681131091206
0681131091220
0681131091244
0681131091282
0681131102346
0681131108355
0681131122344
0681131123594
0681131148207
0681131148368
0681131160599
0681131160704
0681131160711
0681131160766
0681131160834
0681131161879
0681131161909
0681131169370
0681131221320
0681131221412
0681131221665
0681131221733
0681131239424
0681131249447
0681131276344
0681131277914
0681131278065
0681131282512
0681131285025
0681131296380
0681131305136
0681131305143
0681131305150
0681131305167
0681131328869
0681131328944
0681131328951
0681131328968
0681131354790
0681131354806
0681131355001
0681131355018
0681131355063
0681131355087
0681131387491
0681131387538
0681131388078
0681131433716
0681131457385
0681131457804
0681131532082
0681131699914
0681131700030
0682082241344
0682430179305
0682830402003
0686207005040
0686443312001
0686700000085
0686700032673
0686700056952
0686700101119
0686700101416
0686700670066
0687437953675
0687456281155
0687456283395
0687456914121
0687456914176
0687456924441
0687652600637
0687785001400
0688054002203
0688264970378
0688264996958
0688267006623
0688267009280
0688267011504
0688267013584
0688267017377
0688267020537
0688267023217
0688267026706
0688267027925
0688267031892
0688267033452
0688267034558
0688267036132
0688267036156
0688267036934
0688267036941
0688267037047
0688267037108
0688267043802
0688267049064
0688267049361
0688267049378
0688267052286
0688267062667
0688267064517
0688267064524
0688267070068
0688267070471
0688267072055
0688267074196
0688267078675
0688267088094
0688267089886
0688267094378
0688267096891
0688267099557
0688267130540
0688267134029
0688267136665
0688267138331
0688267143823
0688267146046
0688267146091
0688267147029
0688267147661
0688267151866
0688267152382
0688267152610
0688267164309
0688267165160
0688267166884
0688267169762
0688267169878
0688267169953
0688267172922
0688267174353
0688267176234
0688267181900
0688267182518
0688267186974
0688267187018
0688267187162
0688267188893
0688267200007
0688267204418
0688267526916
0688267528255
0688267531569
0688267533372
0688267536137
0688267538346
0688267539398
0688267545498
0688267548871
0688267549878
0688267555862
0688267569746
0688267576850
0688267579431
0688267579448
0688267580543
0688267584183
0688267590047
0688267592997
0688267597633
0688339922950
0688339923193
0688339923940
0688339924343
0688962002012
0689076099431
0689544070016
0689544080138
0689544080145
0689544080237
0689544081203
0689544081371
0689544081401
0689544081469
0689544081470
0689544081531
0689544081562
0689544081678
0689544081708
0689544081968
0689544082354
0691535205017
0691535206014
0691535209015
0691535523012
0692565024067
0692623009135
0692623018182
0692752103421
0692752103728
0692752200021
0693749006909
0694022594403
0694162243698
0694990008506
0695058131174
0695119120000
0695119120109
0695119120130
0695119133109
0696685200028
0696685200035
0696685200110
0696859027390
0696859110023
0697068520474
0697658101076
0697658690044
0697658692222
0697658693090
0697812012668
0697941761284
0697941840255
0698433001222
0698639080052
0698639080083
0698997806981
0698997807445
0698997809135
0698997809173
0698997809258
0698997809579
0698997809968
0698997810247
0699058010828
0699058100154
0699221621172
0699235000000
0700465936813
0701648010115
0702564701309
0702840694677
0704639660023
0704639980022
0704863028194
0704863337302
0705016226160
0705016353231
0705016356201
0705016600373
0705016600540
0705016600786
0705016601028
0705105357713
0705105425450
0705105706870
0705105861074
0705118300010
0705118500106
0705118500403
0705118500502
0705118500908
0705194124098
0705599011931
0705599012198
0705599012334
0705599013133
0705599013287
0705599013416
0705599014550
0705599014963
0705599015335
0705599015366
0705599015397
0705599019203
0705599019296
0705599020285
0705599020339
0705814727135
0705814727210
0706129010011
0707330353430
0707330707332
0707415014027
0707415025016
0708163118401
0708163123085
0708163260896
0708163260957
0708163261213
0708271510173
0708531294454
0708756090909
0708820026018
0708820044890
0708820066328
0708820126572
0708820306974
0708820342910
0708820342934
0708820379428
0708820393073
0708820400832
0708820489424
0708820499072
0708820510982
0708820688735
0708820729711
0708820729773
0708820734074
0708820734098
0708820734104
0708820734128
0708820779693
0708820797123
0708820919648
0708820969940
0708875005075
0708875205413
0708923007884
0708953509020
0708953602028
0708953641072
0709275480530
0709434061822
0709481000010
0710069004511
0710069061323
0710069104495
0710069302914
0710069404557
0710069404632
0710069601000
0710228338860
0710282329163
0710456030666
0710779770089
0710779770096
0710779770102
0710779770492
0710779770553
0711381020883
0711381020920
0711381021989
0711381023105
0711381023402
0711381314043
0711381317990
0711381320914
0711381320938
0711381332313
0711464506594
0711464506877
0711535510208
0711535514749
0711565112304
0711575005160
0711575005900
0711575007867
0711575007911
0711575057626
0711575813789
0711747012255
0711747012866
0712462012025
0713210010317
0713210010324
0713278001012
0713278001029
0713278001081
0713733073646
0713733130950
0713733141529
0713733170208
0713733240642
0713733302036
0713733305457
0713733479172
0713733603393
0713733801263
0713733814942
0713733948968
0713733950824
0713733955362
0714373000047
0714373000061
0714373000078
0714750000745
0715001002976
0715141501216
0715141514957
0715166052014
0715166138022
0715166138046
0715166162027
0715235567418
0715364100067
0715364400358
0715923280001
0716123128483
0716221050013
0716270001523
0716270040027
0716519041013
0716519090028
0716519090080
0717544210955
0717544210962
0717854105156
0717854105552
0717854105576
0717854105743
0717854151146
0717854155021
0717887290003
0717887650968
0717887652344
0718103443418
0718240003988
0718262820006
0718604972332
0718738010160
0719166300441
0719212799229
0719212799236
0719283113771
0719283145598
0719283507297
0719410785000
0720495902152
0720495902350
0720692924094
0721134700801
0721557420751
0721874010116
0721874012189
0721931000166
0722001041737
0722252068514
0722252069504
0722252069528
0722252069573
0722252069658
0722252100702
0722252101303
0722252102409
0722252103109
0722252104106
0722252128140
0722252180629
0722252438218
0722252587138
0722252628466
0722252671110
0722252922052
0722430130163
0722430191164
0722430670164
0722430750484
0722430790169
0722596000133
0722596000928
0722776002490
0722776003558
0722776230329
0723055067674
0723246221861
0724003263001
0724836004031
0724869002097
0724869002295
0725226006116
0725299030346
0725341181149
0725341431121
0725341446125
0725341888567
0725342128242
0725342132249
0725342290437
0725342488001
0725439116107
0725439804028
0725439806862
0725439810258
0725439810265
0725439955874
0725439977920
0725439998277
0725439998727
0726191150637
0726191176149
0726486000081
0726635121285
0727452002702
0727452104048
0727888403739
0727915173314
0728028045895
0728119098441
0728119098632
0728119515016
0728120571162
0728120571278
0728229013150
0728360583857
0729539112908
0729906119448
0729955571334
0730555001251
0731050000688
0731126101165
0731126104166
0731216629081
0731909181346
0732153028609
0732153029224
0732153119239
0732153124684
0732153125377
0732153248687
0732494000500
0732869911554
0732869930548
0733163001002
0733163001606
0733163001736
0733163001750
0733163001767
0733636330028
0733636440017
0733739023728
0733739026903
0733739069597
0734027901605
0734359500361
0734492870055
0734730564821
0734756000013
0734756000129
0734756002086
0734756010456
0735022002007
0735022003004
0735022006005
0735143004119
0735375603258
0735375604255
0735995092012
0736211575319
0736211605382
0736393104437
0736393105007
0736393106325
0736393107124
0736393502141
0736393508006
0736393701001
0736393702008
0736436520545
0736547566746
0736613480075
0736798901846
0736798902096
0736798903116
0736798903765
0736798904526
0736921000392
0736924090178
0736924182811
0736924635393
0737312008300
0737349002302
0737483987107
0737552870453
0737628025602
0737628046508
0737628082506
0737666004256
0737880041563
0737964000257
0737964000370
0738055516411
0738337006814
0738337883781
0738529026521
0738824813307
0738912022390
0738912022413
0738912025292
0738985222352
0738985223014
0738985271763
0738985271794
0738985271800
0739063040509
0739063040615
0739446401019
0739455111343
0739455111350
0740075001044
0740699001710
0740699001734
0740699001741
0741391082113
0741391979048
0741728454965
0742158788637
0742365002700
0742365006791
0742365007088
0742365264757
0742365264979
0742365265020
0742392000557
0742392757147
0742392757161
0742392930403
0742392931097
0742488239144
0742557713650
0742753347307
0742753347413
0742753347710
0742753348304
0743490008124
0743490008179
0743639000224
0743639010018
0743709000253
0743709000819
0743958001810
0744473000104
0744473000142
0744473000326
0744473001019
0744473001026
0744473470464
0744473476176
0744473476237
0744473477715
0744473492138
0744473909100
0745042100560
0745110442080
0745781611433
0745998901013
0746104130068
0746104140142
0746132001545
0746143002074
0747018718472
0747479001083
0747479001564
0747479100014
0747479101714
0747479101844
0747479101929
0747479300018
0747479300063
0747479300094
0747479300155
0747599302350
0747599411007
0747599414589
0747599429514
0747599610653
0747599616839
0747599618291
0747804471413
0747804471451
0748252034618
0748252203939
0748404422157
0748485200071
0748485780146
0748528767608
0748729225037
0748757007919
0748927022322
0748927022346
0748927024111
0748927029192
0748927051261
0748927052671
0748927060133
0748927060928
0748927062045
0748927066593
0748927068238
0748927068962
0749017231518
0749017406213
0749512775500
0749601012011
0749601012028
0749601012042
0749826000008
0749826000466
0749826000497
0749826000558
0749826002187
0749826138879
0749826140292
0749826539102
0749826656908
0749826763309
0749826793641
0750088701053
0750088701107
0750515017450
0750894610259
0752612100202
0752830383692
0753469000882
0753469010065
0753469010140
0753656713021
0753656718460
0753656719405
0753656719702
0753656721101
0754102000733
0754177502538
0754177830518
0754177830549
0754643005020
0754842100083
0755355003014
0755355005261
0755795655071
0755795700016
0755795700627
0755795700634
0755795702034
0755795855952
0756702133606
0756702133682
0756963160021
0756963180074
0757107011124
0757528019259
0757528027964
0757528045739
0757528047023
0757528048082
0757645030106
0758104004485
0758108564909
0758843916209
0759008192667
0759035000799
0759313041049
0759686001183
0760236083221
0760236116035
0760236150718
0760236483540
0760236666387
0760295003994
0760295004199
0760672113247
0761657904119
0761657904126
0761720987520
0762111126719
0762111126849
0762111349453
0762111410696
0762111429230
0762111435095
0762111441522
0762357000507
0762357016058
0762357122483
0762357546258
0762357578815
0762357911674
0763027870673
0763236240533
0763336102496
0763775100510
0763946224014
0763946225387
0764014000462
0764014323523
0764014336530
0764014343521
0764014613525
0764521030105
0764717836108
0764717837402
0765171850150
0765171855544
0765667725986
0766694301204
0767119311693
0767119510683
0767119511697
0767226003498
0767226025056
0767226332154
0767226333182
0767226441368
0767301140940
0767301142104
0767335011025
0767335011131
0767367008970
0767707013831
0767707014371
0769197108011
0769470003804
0769493100016
0769493100184
0769493101648
0769493501585
0769828942151
0769933004140
0770118300087
0770333560129
0770981063454
0770981093284
0770981095875
0770981301990
0772945910750
0773200707443
0773200713529
0773200718043
0773200718425
0773200718999
0775075000032
0775075110304
0776703296902
0777762001100
0777762001209
0777762001285
0777762004088
0780993206688
0780993322203
0780993524539
0780993613080
0780993787798
0780999000945
0781138709019
0781138715096
0781138801157
0781138802154
0781138811156
0781347710899
0781421001844
0781421004340
0781421170113
0781421170656
0781624008053
0781624008442
0782045112008
0782733000037
0782733000044
0782733000051
0782733000259
0782733000372
0782733012146
0782733050018
0784830000118
0784830000163
0784830000415
0784830000705
0784830002013
0784830004055
0784830100108
0784830100900
0785331056420
0785331779633
0785391703166
0785397008463
0785654161108
0786119000130
0786162411907
0786560000499
0786560000642
0786560000833
0786560050012
0786560557016
0786832820442
0786969010334
0786969030042
0787325102731
0787325200734
0787325200932
0787325400486
0787359100079
0787359100093
0787359100161
0787359100215
0787359100239
0787359175046
0787359177002
0787359177095
0787545004587
0787545004617
0787692344314
0787692360024
0787692832255
0787692835324
0787692835362
0787692835386
0787692835546
0787692835607
0788236305006
0788434102681
0788434102698
0788434102742
0788434102797
0788434107501
0788434107952
0788434108546
0788434200738
0788821003140
0788821030016
0788821033147
0788821041142
0788930204155
0789280169040
0789707720021
0789707720038
0789707720052
0789707720250
0789785000053
0790223674385
0790429236615
0790429274129
0791241300485
0791241508140
0791545261437
0791669368678
0791669375072
0791669408244
0793227959878
0793573214539
0793617000203
0793617004003
0794171151530
0794376100036
0794504463606
0794522002214
0794522002696
0794522003501
0794711003701
0795130002382
0795130024124
0795130027637
0795130046355
0795130046461
0795709040029
0795709065602
0795709070026
0795709075120
0795709085112
0796167507932
0796252110320
0796252300264
0796252803017
0796631161363
0796853100010
0796853100058
0797528011075
0797734168020
0798304147087
0799210434018
0799210434032
0799210434049
0799210620022
0800093502982
0800338000099
0800338101017
0801541517251
0802630258253
0802763030832
0802763071248
0802763071668
0802763073204
0803813101168
0804467094639
0804531110258
0804531110302
0805509002964
0805509003008
0805509080658
0805993000415
0807176151112
0807176171073
0807176173114
0807176540084
0807176540343
0807176711712
0807176711811
0807176713228
0809939235886
0810001101749
0810001560980
0810001561246
0810003423320
0810003460363
0810003461100
0810003515520
0810003780645
0810003781826
0810003781925
0810005131636
0810005133548
0810010710062
0810012620840
0810014671369
0810014675039
0810014675398
0810014675503
0810014675596
0810014675732
0810019268229
0810023540090
0810024400010
0810024401963
0810025670979
0810025671136
0810025671839
0810025671853
0810028297043
0810028297746
0810028540613
0810028540620
0810030510079
0810030510154
0810030511014
0810030514077
0810030517276
0810030517382
0810030518983
0810031480265
0810031590018
0810032300302
0810032300845
0810032703349
0810035970809
0810035970861
0810035971356
0810035971660
0810035972490
0810035972650
0810036561990
0810036562676
0810039120637
0810039910030
0810039910078
0810039910368
0810039910375
0810039910795
0810044570908
0810044574845
0810047630555
0810047632726
0810048013531
0810051010503
0810051010510
0810051807530
0810055540174
0810057290763
0810059560000
0810059560017
0810059620445
0810062520190
0810062520268
0810063343231
0810063711498
0810063711528
0810065687982
0810068900767
0810068900811
0810069511023
0810076290560
0810076290959
0810076291468
0810076770383
0810084230008
0810085815549
0810085815556
0810085816898
0810088860478
0810088860713
0810090750057
0810090750194
0810090750224
0810090750347
0810090750446
0810090750569
0810090751160
0810090751269
0810090751276
0810090751535
0810090751702
0810090752365
0810090991535
0810090991566
0810090991764
0810091780299
0810091780411
0810091780442
0810091780725
0810091781388
0810091781418
0810091781449
0810091781890
0810092630296
0810092630555
0810092920496
0810093780181
0810093781089
0810093782307
0810093782970
0810098570558
0810098572347
0810104460255
0810104460958
0810104461795
0810104462006
0810104622363
0810104622455
0810104623018
0810111890311
0810111890366
0810113830216
0810113830773
0810113831367
0810113832678
0810115240006
0810116125869
0810119680280
0810122080084
0810122080107
0810125970764
0810125971822
0810125973093
0810128370226
0810128526357
0810130080076
0810131350260
0810131955540
0810131955557
0810131955571
0810132860041
0810133449627
0810137320724
0810137321011
0810137460970
0810137461359
0810137461502
0810137461908
0810139571599
0810139572794
0810143102345
0810143511529
0810151510378
0810153930129
0810158940130
0810159830997
0810164580184
0810165014619
0810165018327
0810165019003
0810165019683
0810166387897
0810167393026
0810169600023
0810175040547
0810179082772
0810179082970
0810183490204
0810192260034
0810210030045
0810210030274
0810219030817
0810264024229
0810264025738
0810264026292
0810264026612
0810264028326
0810264028463
0810264028524
0810291003679
0810291007950
0810571031316
0810571031323
0810589031063
0810589031339
0810589031629
0810589031674
0810589032411
0810589032435
0810607021144
0810607023346
0810607023568
0810607024459
0810607024725
0810607025968
0810609021081
0810757006916
0810757010173
0810757010302
0810757010319
0810757010388
0810757010494
0810757010890
0810757011514
0810757012467
0810815020151
0810815020434
0810815020854
0810815020946
0810815020977
0810815021097
0810815023107
0810815025323
0810934031427
0810979007951
0810979009603
0810981022119
0810981022294
0810990001112
0811184030901
0811184031540
0811184032134
0811201021004
0811374035631
0811374037369
0811452030039
0811452030527
0811620021418
0811620402033
0811657030384
0811663028221
0811669020304
0811669021622
0811737003543
0811737098792
0811892028580
0812049007304
0812049007403
0812049009100
0812161010749
0812190020719
0812240004782
0812410000606
0812446030127
0812446030134
0812469020006
0812475012286
0812475012316
0812541030374
0812541030718
0812603020206
0812603020428
0812668020210
0812679020773
0812689022057
0812820020027
0812827003870
0812891020421
0813002020545
0813039020433
0813085100011
0813104021679
0813104022539
0813121020198
0813305010007
0813305011059
0813305011578
0813305012650
0813305012667
0813305012865
0813305012896
0813305015484
0813305016894
0813305017174
0813305017297
0813305017532
0813313012406
0813636021000
0813636021185
0813636024124
0813636024186
0813700020038
0813905002976
0813926005420
0813926006922
0813940020058
0813958010348
0813973020070
0814109021350
0814422023949
0814558020386
0814558020560
0814558020577
0814558020607
0814558020638
0814558020652
0814558022922
0814784025896
0814856010768
0815044020347
0815055010023
0815063021189
0815074020737
0815074023820
0815074024056
0815099021634
0815154025485
0815154025973
0815216011913
0815216017144
0815216018202
0815369010122
0815369010177
0815369012058
0815369012416
0815421011005
0815421011319
0815421011340
0815421011357
0815421012507
0815421013030
0815421014204
0815473011831
0815473011855
0815473011879
0815473011886
0815473011893
0815473014559
0815473014719
0815473014856
0815473015457
0815506010121
0815652000014
0815652004142
0815667020410
0815677022084
0815709021481
0815800020024
0815863021310
0815909020086
0815909020444
0815909020628
0815909020857
0815909020925
0816149010929
0816247011446
0816247011453
0816247011972
0816284020173
0816374020281
0816401020017
0816401020024
0816401020253
0816401026859
0816401027450
0816401027528
0816493010026
0816546010331
0816554020094
0816697020197
0816697020258
0816697020470
0816697020647
0816697021095
0816697023006
0816743006755
0816751021238
0816833001509
0816897022274
0816897022298
0816925022528
0817142020007
0817217020352
0817350010005
0817350010029
0817585010177
0817670011683
0817670012338
0817719021000
0817719022953
0817885000106
0818094000017
0818094005753
0818094005890
0818158012277
0818290010094
0818290010100
0818290010773
0818290011398
0818290011565
0818290011817
0818290011961
0818290012852
0818290013088
0818290013149
0818290013194
0818290013330
0818290013965
0818290014153
0818290014672
0818290014689
0818290014702
0818290014733
0818290014757
0818290015044
0818290015204
0818290015372
0818290015617
0818290015655
0818290016577
0818290017406
0818290017697
0818290017901
0818290018540
0818290018724
0818290018977
0818290019349
0818290019387
0818290019561
0818290019646
0818290019677
0818290019684
0818290019721
0818562021933
0818562022497
0818562022534
0818611010017
0818617022601
0818617022670
0818617023592
0818700011017
0818780010078
0818780011013
0818780011495
0818780013123
0818780016476
0818900011800
0819019021155
0819021010185
0819021011540
0819046000437
0819153010169
0819153010183
0819185020143
0819215020501
0819215023618
0819393020478
0819442010139
0819442010146
0819442010276
0819442010283
0819442010337
0819496022140
0819496023161
0819496024588
0819496025639
0819496026315
0819496028012
0819525010735
0819529006147
0819538000075
0819597010886
0819753019609
0819898010127
0819898010226
0819898010738
0819898012008
0819898012039
0819898015269
0820581473556
0824295134628
0824295137483
0824710333155
0824862006303
0824862006310
0824862008147
0824862008185
0824862701123
0825120004017
0825120004031
0825325001347
0825325560028
0825625701206
0825625703507
0826088971021
0827048022203
0829262000074
0829262000098
0829262000661
0829262000678
0829354100682
0829354102020
0829462502064
0829515321123
0829515323882
0829696000817
0829696000831
0829696001708
0829696002200
0829696002217
0829739500137
0829793001724
0829793010030
0829793024532
0829793041218
0829793060912
0829835933006
0829859092857
0829944001641
0830028000849
0830415009998
0830757000233
0831011000075
0832460000883
0832924005201
0833735000140
0833911002678
0833966004917
0833966004924
0833966005532
0834183001116
0834183004582
0834183007057
0834183007231
0834183100246
0834183100253
0834266006205
0834266006939
0835143001832
0835143013576
0835175000094
0835228000187
0835228007568
0835841006764
0835841006900
0835841006917
0835841006931
0835841007228
0837991411405
0837998009803
0838455000197
0838455000210
0838766001500
0838766006406
0838766006512
0838766008295
0838766008554
0838766111124
0838913001896
0838927500491
0838927501573
0838927503577
0838948000031
0838948000154
0838948001670
0838948007153
0838948007412
0838948007726
0839066001566
0839138002545
0839563000130
0839563000147
0839563000154
0840055101020
0840134301211
0840160203749
0840189400501
0840189400570
0840202220512
0840202270210
0840224600118
0840224600385
0840224600392
0840224600750
0840224600934
0840229300501
0840229301300
0840229304325
0840229305735
0840229305773
0840229305810
0840229306152
0840229306442
0840266300274
0840344600272
0840370900018
0840370900568
0840370901060
0840370901107
0840370901312
0840379102284
0840379102512
0840426100218
0840442200947
0840515100020
0840515100396
0840965002493
0841330105924
0842096100208
0842096100635
0842096100642
0842096100703
0842096100888
0842096100901
0842096110016
0842096111037
0842096112355
0842234000513
0842234001671
0842379122712
0842379161957
0842379163371
0842379163388
0842379165757
0842379188794
0842379190537
0842379194771
0842379194788
0842515008511
0842515008702
0842515012143
0842595111071
0842595134971
0842595135886
0842595135909
0842595138443
0842605111404
0842605111411
0842605112746
0842605119837
0842638000133
0842798101305
0843076000037
0843076000235
0843076000440
0843076000600
0843076001508
0843076001591
0843364195018
0843562128849
0843562130347
0843571004783
0844334000066
0844334001339
0844334012410
0845163008391
0845163008407
0845172000195
0845901000076
0846226007825
0846462141833
0846548029666
0846548082838
0846548082982
0846548085266
0846548086546
0846675005342
0846836011687
0847280094530
0847280095339
0847644008999
0847644009859
0847833344860
0848206064439
0848206064453
0848860001399
0848860041227
0848860041265
0848860044488
0848860050168
0849327000825
0849327000832
0849327000863
0849327001297
0849429001461
0849429002420
0849455000179
0850000223080
0850000223165
0850000223172
0850000223370
0850000223752
0850000223769
0850000223912
0850000398634
0850000486188
0850000547162
0850000628007
0850000637009
0850001124027
0850001779012
0850001934008
0850001974080
0850001974578
0850001974691
0850001974790
0850002418101
0850002887389
0850002887457
0850002887891
0850002949445
0850003023144
0850003023182
0850003023229
0850003023465
0850003113340
0850003113920
0850003324371
0850003766126
0850003766652
0850003875606
0850003875675
0850003994031
0850003994734
0850003994796
0850003994895
0850004462515
0850004554418
0850004639061
0850004639221
0850004694183
0850004695005
0850004884553
0850005324102
0850005389057
0850006249084
0850006883011
0850006883318
0850006883714
0850006943050
0850007391911
0850007631017
0850007631154
0850008237867
0850008751028
0850009273437
0850009273444
0850009682000
0850009682086
0850009682321
0850009682345
0850009682666
0850009864147
0850009885678
0850009942036
0850010149738
0850010222929
0850010950358
0850011381168
0850011381175
0850011443637
0850011910023
0850011911204
0850011911358
0850011911396
0850011911648
0850011911822
0850012117193
0850012117650
0850012399001
0850012399018
0850012399278
0850012465287
0850013385263
0850013494965
0850013716371
0850014333454
0850014369187
0850014658328
0850015093036
0850015537158
0850015537523
0850015537547
0850015717109
0850015943577
0850015996023
0850016249104
0850016318046
0850016318053
0850016568236
0850016813695
0850016944023
0850017142633
0850017315600
0850017346130
0850017468818
0850017604223
0850017819313
0850017973329
0850018088091
0850018711418
0850018711708
0850018829106
0850019095005
0850019179743
0850019305050
0850019469684
0850019568769
0850019606157
0850019606164
0850019606171
0850019791235
0850019919134
0850020041053
0850020078707
0850020087044
0850020260010
0850020260775
0850020260812
0850020260874
0850020705177
0850020705184
0850021015435
0850021015442
0850021228217
0850021228804
0850021228927
0850021474812
0850021474942
0850021905897
0850022121029
0850022121036
0850022624018
0850022624841
0850023066183
0850023381323
0850023446503
0850023861603
0850023946294
0850024069039
0850024069060
0850024069077
0850024267749
0850024735620
0850024782570
0850024974005
0850025365253
0850025501569
0850025540711
0850025705196
0850025807289
0850025850131
0850025895095
0850026196368
0850026196665
0850026212204
0850026494228
0850026648010
0850026937145
0850027345857
0850027792132
0850027959344
0850028051252
0850028051269
0850028051337
0850028051740
0850028051818
0850028051849
0850028051870
0850028270431
0850028332504
0850028447284
0850028447321
0850028447345
0850028524046
0850029324805
0850029632023
0850029632061
0850029742623
0850029742708
0850029742807
0850030552266
0850030796226
0850030937001
0850031261211
0850031261228
0850031445000
0850031700888
0850031719507
0850031975354
0850031990166
0850031990180
0850032677202
0850032677219
0850032716246
0850032716253
0850032823180
0850032945233
0850033278774
0850033318258
0850033785623
0850034219639
0850034219653
0850034592367
0850034678023
0850035467114
0850035593042
0850035980309
0850035980316
0850036042099
0850036168850
0850036318088
0850036606017
0850036606079
0850036606130
0850036648932
0850036699446
0850037992515
0850038462123
0850039239915
0850039286414
0850039445675
0850039524066
0850039524073
0850039524080
0850040103014
0850040427189
0850040427233
0850040727074
0850041276045
0850041276137
0850041276236
0850041276243
0850041914718
0850042128084
0850042128220
0850042128954
0850042519233
0850042519240
0850042519271
0850042519844
0850043369004
0850043611752
0850043711032
0850043711551
0850044112913
0850044456161
0850044599493
0850044667024
0850044957002
0850045887063
0850045887100
0850045887124
0850046148071
0850046148095
0850046148132
0850046148149
0850046260025
0850046260131
0850046273025
0850046273469
0850046582011
0850046663093
0850047220714
0850047220837
0850047220851
0850047451170
0850047451316
0850047451354
0850047451477
0850047620965
0850047659606
0850048165144
0850048358126
0850048358263
0850048358331
0850048585386
0850048739017
0850049100243
0850049384841
0850049837828
0850049837835
0850052193393
0850052561208
0850052699413
0850052964733
0850052997403
0850053624209
0850053624292
0850053830082
0850053830303
0850053830341
0850053892325
0850054108791
0850054108944
0850055159150
0850055159914
0850055483033
0850055550285
0850055550292
0850055550605
0850056784009
0850057175295
0850057373110
0850057975178
0850059419236
0850059419526
0850059792018
0850059792056
0850059792100
0850060665387
0850061600349
0850061874061
0850061874450
0850061874627
0850061960542
0850062168077
0850062393103
0850062639119
0850062639133
0850062928374
0850062928510
0850064220025
0850064303049
0850064476156
0850064636086
0850064638134
0850064638592
0850064638790
0850064638806
0850064638820
0850064638844
0850064930009
0850064950007
0850064950045
0850064950373
0850064950472
0850064959109
0850065604268
0850065948065
0850065948300
0850065948317
0850066113622
0850067366003
0850067374244
0850067374459
0850067374466
0850067605041
0850067605058
0850069201197
0850069201234
0850070722001
0850074005155
0850086000285
0850140007274
0850171005201
0850232005034
0850241008835
0850243008949
0850251004452
0850306006271
0850348003313
0850379003740
0850388002925
0850388872771
0850406004016
0850416002248
0850416002477
0850416002620
0850416002880
0850446008463
0850473002328
0850475006058
0850475006881
0850589004025
0850628002944
0850628002975
0850668000412
0850668000450
0850687300036
0850711006316
0850711006347
0850732006449
0850791002376
0850791002611
0850791002703
0850791002758
0850804008982
0850808005024
0850822006144
0850885008765
0850888005365
0850941006360
0850941006599
0850941006605
0850941006636
0850996004281
0851015004268
0851035003227
0851035003623
0851093004006
0851093004075
0851093004259
0851093004488
0851099004338
0851100003381
0851100003480
0851110003142
0851139005349
0851139005523
0851231000112
0851316006541
0851362002153
0851387007102
0851387007348
0851387007560
0851387007645
0851424008468
0851481006377
0851492002016
0851508002306
0851508002344
0851538006640
0851554006020
0851554006105
0851554006464
0851562007576
0851562008351
0851562008603
0851568007976
0851587003911
0851681008645
0851702007046
0851702007114
0851702007121
0851724008496
0851741008141
0851741008332
0851741008769
0851741008936
0851755004047
0851770006828
0851770006866
0851770006965
0851770007450
0851770007603
0851770007795
0851770007962
0851770008228
0851784007392
0851823006461
0851856008067
0851856008692
0851861006072
0851861006713
0851949004525
0851953005013
0851953005198
0852081001298
0852089007001
0852089007483
0852089007490
0852089007605
0852095004872
0852109004010
0852134008199
0852160006039
0852160006312
0852160006480
0852160006749
0852230003524
0852244003039
0852261007270
0852288006188
0852320000013
0852346005030
0852346005498
0852346005504
0852346005955
0852366006000
0852369005000
0852403000039
0852455005013
0852455005532
0852487008006
0852500004008
0852537005634
0852537005870
0852605008581
0852614006806
0852614006943
0852636000905
0852675006043
0852675006487
0852684003064
0852697008032
0852761007992
0852795005063
0852795005162
0852795005179
0852823006109
0852823006451
0852823006529
0852834002138
0852852001502
0852909003299
0852945006032
0852945006094
0852949001217
0852953001357
0852953001555
0853004004389
0853016002649
0853026005753
0853034007916
0853056004030
0853056004085
0853099004042
0853149008105
0853152006167
0853152100018
0853152100322
0853152100346
0853152100377
0853152100483
0853169002671
0853204007593
0853218000900
0853231007177
0853237003777
0853237003845
0853240003511
0853240003542
0853254003910
0853305003241
0853371006436
0853378008297
0853471004028
0853471004127
0853471004394
0853471004745
0853479006024
0853479006901
0853479006918
0853513008007
0853522000702
0853522000719
0853555006696
0853584002218
0853584002379
0853610003738
0853624007869
0853687004652
0853687004683
0853687004690
0853754003342
0853762002900
0853787005917
0853807005828
0853883006580
0853894007002
0853894007392
0853894007712
0853919008021
0853923002077
0853923002084
0853923002138
0853923002572
0853923002596
0853923002602
0853927003346
0854014002518
0854021008428
0854021008435
0854030005067
0854030005074
0854030005098
0854030005340
0854030005463
0854030005883
0854050008048
0854050008420
0854050008826
0854074006006
0854074006150
0854092006194
0854092006781
0854097008438
0854126008156
0854126008163
0854134004003
0854135008079
0854147008067
0854147008661
0854183006270
0854198004193
0854198004810
0854198004865
0854208005011
0854208005240
0854259005251
0854262003602
0854349008001
0854430002376
0854442007109
0854442007130
0854505005035
0854571007070
0854615002023
0854693000973
0854724007087
0854791004019
0854835004074
0854835004487
0854918002119
0854918002140
0854934004234
0854934007495
0854946007155
0854960007506
0855019000035
0855019000332
0855019004019
0855019004033
0855019004064
0855019004163
0855036005129
0855036005396
0855088005061
0855088005078
0855088005344
0855088005351
0855095003388
0855097002082
0855097002440
0855097002549
0855117004232
0855140002304
0855186006205
0855188003011
0855188003042
0855206005324
0855232007118
0855232007972
0855235002035
0855235002042
0855258006584
0855381002880
0855482006091
0855546008566
0855564003017
0855564003024
0855569110376
0855569110888
0855569110918
0855571005271
0855611008422
0855615002068
0855615002334
0855616007024
0855616007062
0855630008342
0855694006018
0855694006391
0855712008123
0855712008208
0855823007176
0855823007213
0855894008973
0855894008997
0856017003448
0856017003585
0856069005001
0856069005049
0856069005094
0856072004541
0856088003576
0856088003668
0856088003774
0856088003880
0856128004785
0856182004080
0856260004353
0856260006579
0856261006615
0856261006769
0856282003099
0856336001583
0856336001729
0856336001873
0856341005668
0856366002727
0856369004483
0856369004834
0856475007545
0856481003036
0856481003050
0856481003883
0856516002119
0856516002126
0856516002287
0856516005806
0856536006852
0856564006121
0856584004596
0856584004879
0856624004111
0856624004883
0856648000311
0856648000342
0856648000359
0856651002470
0856651002753
0856711007247
0856711007957
0856716008218
0856750002005
0856762007364
0856762007463
0856769006162
0856769006544
0856770002009
0856802008542
0856802008566
0856802008832
0856818008895
0856820160024
0856839005002
0856852007731
0856905003109
0856905003314
0856911007207
0856911007221
0856920005324
0856920005850
0856962007126
0857053004352
0857053004581
0857062004152
0857063002386
0857063002898
0857064007045
0857064007120
0857127004127
0857128001651
0857183005038
0857183005267
0857183005502
0857183005694
0857183005878
0857190000477
0857197008025
0857197008087
0857245002418
0857245002913
0857245002920
0857245002937
0857290005600
0857290005761
0857290006034
0857290006072
0857290006201
0857290006638
0857335004681
0857360004403
0857394006268
0857468003148
0857468006569
0857484006512
0857484006529
0857495007003
0857578008002
0857598100885
0857668007489
0857682003054
0857683008133
0857690008065
0857690008089
0857756004468
0857777004287
0857777004416
0857777004744
0857822007744
0857851005919
0857882008583
0857900005198
0857900005846
0857944006014
0857965007014
0858016005225
0858036002051
0858043003195
0858072201289
0858089003104
0858089003111
0858089003128
0858089003210
0858102004804
0858135003744
0858135003911
0858142007339
0858158015663
0858159002143
0858159002488
0858175003681
0858175003919
0858176002812
0858176002997
0858183005011
0858241006851
0858241006868
0858241006882
0858357007001
0858369006207
0858436005836
0858588006835
0858641003016
0858641003825
0858641003924
0858690007003
0858764000282
0858847000147
0858847000208
0858847000284
0858847000291
0858847000321
0858847000505
0858959005368
0858982001832
0858988005018
0858996005055
0859071006059
0859146006663
0859154005016
0859162007286
0859165002158
0859165002431
0859165002486
0859213005650
0859336007135
0859392005342
0859480006084
0859480006244
0859480006565
0859480006763
0859484007070
0859484007124
0859515005006
0859594006369
0859665002085
0859665002665
0859686004495
0859686004594
0859750003287
0859764006120
0859774007322
0859774007421
0859774007728
0859774007841
0859908003503
0859917004614
0859918004378
0859922007549
0859964007002
0859977005002
0859977005088
0859982007053
0859982007084
0859982007305
0859994006686
0859994006792
0860000106252
0860000163026
0860000268738
0860000322959
0860000468534
0860000556606
0860000623308
0860000803373
0860001517552
0860001627213
0860002004815
0860002036908
0860002498355
0860003055069
0860003055083
0860003223321
0860003389515
0860003466414
0860003714546
0860003883907
0860003966983
0860004012207
0860004324560
0860004331537
0860004331544
0860004864882
0860005281916
0860005332243
0860005665280
0860006200428
0860006229603
0860006506841
0860006953300
0860007286902
0860007286919
0860008065537
0860008097682
0860008200235
0860008923806
0860008923813
0860009133471
0860009354906
0860009707702
0860010171134
0860010368855
0860010557259
0860010591222
0860010908105
0860011175063
0860011175070
0860011417613
0860011417620
0860011417644
0860011443001
0860011969853
0860012031603
0860012278206
0860012278213
0860012282517
0860012658800
0860012732227
0860013982607
0860114002464
0860149001715
0860149001791
0860157002414
0860199002298
0860270001363
0860284001519
0860414000122
0860477001234
0861342000109
0861342000116
0861440000308
0861545002658
0861592000027
0861703000106
0861705000333
0861945000216
0862618000069
0862871000332
0863316000320
0863441000066
0863737000169
0864013000255
0864075000118
0864820000110
0865336000038
0865648000207
0865891000146
0866206000202
0866206000233
0866292000407
0866418000366
0866464000136
0867139000215
0867684000418
0867741000276
0867842000236
0867905000005
0868235000444
0868391000395
0868728000302
0868972000202
0869184000219
0869707000214
0869710000225
0870001000565
0870001002569
0870375005036
0870625008008
0871153000045
0871459001340
0871459001999
0871459003023
0871459009025
0871661002982
0872181000649
0872227000121
0872227000343
0872410003243
0872410303152
0873668004495
0873668004709
0873934002118
0874492004200
0874492006686
0874659000045
0874659000236
0874659001332
0874875007293
0874896000372
0874896000464
0874896000723
0874896007081
0874896008224
0875045182369
0875208000653
0875208001551
0875252000173
0875754000640
0876045006402
0876045006600
0876274004262
0876681000222
0876681003520
0876681006965
0876681007528
0876941006308
0876941007046
0876941009897
0877448000288
0877448003548
0877448003579
0877448004750
0877448004798
0877448006945
0877448008680
0877977000155
0878941007873
0881334003000
0883298614346
0883315090269
0883315090276
0883921170294
0883978145979
0883978322417
0883990661846
0884394000293
0884394000552
0884394007773
0884395207806
0884395494855
0884623103313
0884623105928
0884623469662
0884912006813
0884912014245
0884912103703
0884912105318
0884912112217
0884912117625
0884912281081
0884912298010
0884912299314
0884912307675
0884912315373
0884912359414
0884912365736
0884912374813
0884912394064
0884912418319
0884912418326
0884912434296
0884912434944
0884912462916
0884983000574
0885616006567
0885898330244
0886263000045
0886518000349
0886926124293
0886926377668
0886926377682
0886926497762
0886926497779
0887725000009
0887725000061
0887725000436
0887725000658
0887725000979
0887725001303
0887725001365
0888048000035
0888109010027
0888109010041
0888109010058
0888109010072
0888109010089
0888109010683
0888109012168
0888109050023
0888109050030
0888109050047
0888109050061
0888109050115
0888109060015
0888109060022
0888109110017
0888109110161
0888109110598
0888109110789
0888109110963
0888109114022
0888109115791
0888109253646
0888109257255
0888109300081
0888313000111
0888313000319
0888670007235
0888670013038
0888670020845
0888670026236
0888670026427
0888670032220
0888670048085
0888670060025
0888670067116
0888670067161
0888670072097
0888670079492
0888670083086
0888670098813
0888670119150
0888670123492
0888670131022
0888670173695
0888670173879
0888670185063
0888670185087
0888670187562
0888670191293
0888670198032
0888849000029
0888849000296
0888849000463
0888849000647
0888849000739
0888849001378
0888849003877
0888849003884
0888849003914
0888849003945
0888849004638
0888849005222
0888849005963
0888849006014
0888849006069
0888849006106
0888849006151
0888849006373
0888849008100
0888849008582
0888849008605
0888849008612
0888849010103
0888849011278
0888849011384
0888849011605
0888849012176
0888849012220
0888849014484
0888849015191
0888849015771
0888849015801
0888849015832
0888849017089
0889392000306
0889392002423
0889392080612
0889417000021
0889497008238
0889497118883
0889497275258
0889568000246
0890000001011
0890000001417
0890006002135
0890023001265
0890053001013
0890146001470
0890360000440
0890497000443
0890497000740
0890911000967
0891048001797
0891071001306
0891071001498
0891373000021
0891613000385
0891627002542
0891627002962
0891627009022
0891627009121
0891686000006
0891756000457
0891756000600
0891756000778
0891760002966
0891770002055
0891886000426
0891886000976
0892044002153
0892245002105
0892397050016
0892453001013
0892453001402
0892565002779
0893190002837
0893222000879
0893425002038
0893536002439
0893811000075
0893869000195
0893869000331
0894263002020
0894455000391
0894455000520
0894537000011
0894697002788
0894700010113
0894700010151
0894700010458
0894771000426
0895203001097
0895203001158
0895203001295
0895203001318
0895334001089
0895521000390
0895580021275
0896247001302
0896315001296
0896887002233
0896899000074
0897119001000
0897119001017
0897119001024
0897922002362
0898024002007
0898024002038
0898195001649
0898248001022
0898248001046
0898248001176
0898248001312
0898248001404
0898248001480
0898248001589
0898248001732
0898248001756
0898248001800
0898248001992
0898271000313
0898328002000
0898328002574
0898392004641
0898575001337
0898575001368
0898785001332
0898886113163
0898916002573
0898999000206
0898999000718
0898999007366
0898999777771
0899039002006
0899039002013
0899039002037
0899039002587
0899039002631
0899039002860
0899055000642
0899207002043
0899221001268
0899587003029
0990312013112
1000000000022
1000000000127
1000000000152
1210002001519
0000236555909
0000236598784
0000764716698
0000790310075
0000790870517
0000946003127
0000946906206
0001115056311
0002000007201
0002114001955
0002114016110
0002114016111
0002412600918
0002412601716
0003003400002
0003003400004
0003003400005
0003003400510
0003003400511
0003003400513
0003003400514
0003003403036
0003003404119
0003003404121
0003003404149
0003003405885
0003003408154
0003003408173
0003003408885
0003003408886
0003003408887
0003003408977
0003003409268
0003003409373
0003003409552
0003003410351
0003003410352
0003003410353
0003003410573
0003003410574
0003003410575
0003003410577
0003003410578
0003003410591
0003003440010
0003003440035
0003003440045
0003003440065
0003003440075
0003003440104
0003663013156
0003663237367
0003800001921
0004126819610
0004141527091
0004149700093
0004656700685
0004656702501
0004656702502
0004656760126
0005177000829
0005932170538
0007025375209
0007078402300
0007078402302
0007078402304
0007078402306
0007078402308
0007078402310
0007078402312
0007078402314
0007078405686
0007078425854
0007087004262
0007098081212
0007131404272
0007131404276
0007131404385
0007131405881
0007131410200
0007131500885
0007131504879
0007203671297
0007203671298
0007203671299
0007203671683
0007203695450
0007203695754
0007222008654
0007222009980
0007545025526
0007555142572
0007680000117
0008005958012
0008107259949
0008107359946
0008107829944
0008125959500
0008229106084
0008229106091
0008229106107
0008229107005
0008274000078
0008346500123
0008346800025
0008346957569
0008346957606
0008400048028
0008577002786
0008577004544
0008982000513
0009223400123
0009300000567
0009300004404
0009300006552
0009300128896
0009427000174
0009542016166
0009542030407
0009542436025
0009542447656
0009542449780
0009542450199
0009542452797
0009542455002
0009542466022
0009542466343
0009800010264
0009800120949
0009800300327
0009800514038
0009800552177
0009800552276
0009800570034
0009800860036
0010276006064
0010300894384
0010374226111
0010374420618
0010497009936
0010532733437
0010700022851
0010700066114
0010700518408
0010700519207
0010700530202
0010700703811
0010700804228
0010970201550
0010978280663
0011110000149
0011110000309
0011110000361
0011110000453
0011110000460
0011110000934
0011110001184
0011110002532
0011110002716
0011110004635
0011110004659
0011110004895
0011110005298
0011110005601
0011110006776
0011110008411
0011110008459
0011110008572
0011110008732
0011110009265
0011110009357
0011110009630
0011110010131
0011110011589
0011110011770
0011110013545
0011110014207
0011110016652
0011110017543
0011110020109
0011110022691
0011110022783
0011110022813
0011110023926
0011110024749
0011110025203
0011110027917
0011110028969
0011110029034
0011110029065
0011110030184
0011110031105
0011110033215
0011110035547
0011110037961
0011110038180
0011110038968
0011110039279
0011110040176
0011110045102
0011110045225
0011110045454
0011110046000
0011110046017
0011110048912
0011110048929
0011110051721
0011110051837
0011110051851
0011110052650
0011110052742
0011110063939
0011110069061
0011110072917
0011110076915
0011110081421
0011110082305
0011110082541
0011110083258
0011110084187
0011110084361
0011110084460
0011110084484
0011110085122
0011110085504
0011110087027
0011110088741
0011110089922
0011110093318
0011110093745
0011110094476
0011110094674
0011110094728
0011110096579
0011110096838
0011110100306
0011110101501
0011110102690
0011110103086
0011110103543
0011110105882
0011110107169
0011110108623
0011110109347
0011110109941
0011110110169
0011110110978
0011110110992
0011110113450
0011110114945
0011110115164
0011110116369
0011110116901
0011110117366
0011110118271
0011110119667
0011110119742
0011110120632
0011110123435
0011110124982
0011110125200
0011110126719
0011110127334
0011110128706
0011110129925
0011110130846
0011110131768
0011110132246
0011110133403
0011110135643
0011110136183
0011110136602
0011110136626
0011110136886
0011110137333
0011110138279
0011110138347
0011110138712
0011110138842
0011110140616
0011110141620
0011110141644
0011110141675
0011110141897
0011110142085
0011110142115
0011110142177
0011110142542
0011110142726
0011110142849
0011110143853
0011110144027
0011110144096
0011110144195
0011110144287
0011110144294
0011110145499
0011110146007
0011110146489
0011110147592
0011110148001
0011110148179
0011110148261
0011110148292
0011110148407
0011110148742
0011110148797
0011110148926
0011110149145
0011110149480
0011110150226
0011110150400
0011110150417
0011110150431
0011110150448
0011110150493
0011110150622
0011110151087
0011110151100
0011110151131
0011110151186
0011110151209
0011110151254
0011110151292
0011110151339
0011110151438
0011110151698
0011110151704
0011110151902
0011110151919
0011110152893
0011110152978
0011110153166
0011110153289
0011110153500
0011110153524
0011110153920
0011110153944
0011110155276
0011110155825
0011110156563
0011110156570
0011110156921
0011110156938
0011110156969
0011110157126
0011110157485
0011110157829
0011110157836
0011110157898
0011110157904
0011110158260
0011110158369
0011110158512
0011110158529
0011110158987
0011110158994
0011110159335
0011110159649
0011110159946
0011110160461
0011110160782
0011110161185
0011110161222
0011110161253
0011110180278
0011110181619
0011110190291
0011110210913
0011110244000
0011110264336
0011110365965
0011110367426
0011110417633
0011110450838
0011110451385
0011110451408
0011110451781
0011110452320
0011110452344
0011110452979
0011110452986
0011110453082
0011110453099
0011110453136
0011110453181
0011110453228
0011110453235
0011110453273
0011110453280
0011110453334
0011110453365
0011110454966
0011110455635
0011110455901
0011110456014
0011110480514
0011110480521
0011110488374
0011110494627
0011110501844
0011110502575
0011110502681
0011110502957
0011110503640
0011110503770
0011110504951
0011110505071
0011110505705
0011110505835
0011110507297
0011110507464
0011110507761
0011110526069
0011110529091
0011110560537
0011110581518
0011110581525
0011110587206
0011110599636
0011110603197
0011110604118
0011110604309
0011110605566
0011110606112
0011110612366
0011110612441
0011110613189
0011110618351
0011110622389
0011110625762
0011110626448
0011110626684
0011110627032
0011110627827
0011110628268
0011110628763
0011110630346
0011110630599
0011110630650
0011110632616
0011110632623
0011110635730
0011110635990
0011110636737
0011110636751
0011110639875
0011110641366
0011110644121
0011110644787
0011110647580
0011110649621
0011110649829
0011110651402
0011110651419
0011110651426
0011110654243
0011110656704
0011110656896
0011110658012
0011110660039
0011110661098
0011110664686
0011110665003
0011110665027
0011110665058
0011110665089
0011110665119
0011110670717
0011110675576
0011110675835
0011110685711
0011110685759
0011110700094
0011110715074
0011110719850
0011110730244
0011110735140
0011110744531
0011110788979
0011110790491
0011110791474
0011110795502
0011110807533
0011110808837
0011110808912
0011110809193
0011110812353
0011110813527
0011110816443
0011110816474
0011110816986
0011110818782
0011110823496
0011110823779
0011110826497
0011110832986
0011110835161
0011110835369
0011110836700
0011110846778
0011110847065
0011110851277
0011110852714
0011110853318
0011110853615
0011110858160
0011110860033
0011110862549
0011110863324
0011110863560
0011110863652
0011110863669
0011110865854
0011110866667
0011110868206
0011110869296
0011110869326
0011110869746
0011110870155
0011110870179
0011110872142
0011110873804
0011110874382
0011110874795
0011110875099
0011110875778
0011110876454
0011110876744
0011110877369
0011110877734
0011110877741
0011110878304
0011110879363
0011110879622
0011110879714
0011110879721
0011110879950
0011110880079
0011110880550
0011110881335
0011110881595
0011110885708
0011110886415
0011110890115
0011110891471
0011110892911
0011110894120
0011110897329
0011110897817
0011110897831
0011110898234
0011110898951
0011110905673
0011110906618
0011110906632
0011110909237
0011110909374
0011110910387
0011110910455
0011110914729
0011110914842
0011110963161
0011110963710
0011110963871
0011110966919
0011110969200
0011110969224
0011110969682
0011110971296
0011110971920
0011110972217
0011110972651
0011110972934
0011110974204
0011110975287
0011110976499
0011110977250
0011110978608
0011115002032
0011140764684
0011150001229
0011150001236
0011150301343
0011150502740
0011150505710
0011150505727
0011150505734
0011150505871
0011150505895
0011150505901
0011150506014
0011150506021
0011150506038
0011150506045
0011150506083
0011150506090
0011150506137
0011150506564
0011150527231
0011150527323
0011150527330
0011150602808
0011150602846
0011150981415
0011150981545
0011150981552
0011152028347
0011152032603
0011152052182
0011152068589
0011152107431
0011152107905
0011152149615
0011152214542
0011152225968
0011152230047
0011152241173
0011152257679
0011152263779
0011152286686
0011152295060
0011152436890
0011152453828
0011152835020
0011152843308
0011152867755
0011153074008
0011153074220
0011153810378
0011162102303
0011162142781
0011193131020
0011209002207
0011210008199
0011213025032
0011213088716
0011213191003
0011213390857
0011213515007
0011213515021
0011213515038
0011213515083
0011213515151
0011213961644
0011225004759
0011225033674
0011225108587
0011225122255
0011225122286
0011225122323
0011225192722
0011259801133
0011259906340
0011261238071
0011261241026
0011261250028
0011274000238
0011274000245
0011284003021
0011300071447
0011384016334
0011384016341
0011384016358
0011384141241
0011384160044
0011384206445
0011384206490
0011384206506
0011384206513
0011384206520
0011384232055
0011433113793
0011433113830
0011433113892
0011433117999
0011433119740
0011433119795
0011433150064
0011433150484
0011433155748
0011433161282
0011594022026
0011594100571
0011600000109
0011826100201
0011863126004
0012000002335
0012000028472
0012000044946
0012000112270
0012000140709
0012000151668
0012000170157
0012000171888
0012000172601
0012000181764
0012000182686
0012000240751
0012000240805
0012000241499
0012000250552
0012000250637
0012000250859
0012000250910
0012142014920
0012142309828
0012144800422
0012176100156
0012413170010
0012413330001
0012511946609
0012546011648
0012546011662
0012546011686
0012546014090
0012778339800
0012900001063
0012993441210
0013000005203
0013000005791
0013000014656
0013000015813
0013000016063
0013001804201
0013087101478
0013087185584
0013087194173
0013087209426
0013087209440
0013087247015
0013087399004
0013120000409
0013120000768
0013120000867
0013120004834
0013300001097
0013300111451
0013300606056
0013300607091
0013300608746
0013300608838
0013300608845
0013300609118
0013300730508
0013409516645
0013409518397
0013412011168
0013412035614
0013421000948
0013499900379
0013499900829
0013562001613
0013562001651
0013562001712
0013562002320
0013562110438
0013562111787
0013562127078
0013562136896
0013562140299
0013562140497
0013562141067
0013562142361
0013562143689
0013562143856
0013562364770
0013562467266
0013562610105
0013764001671
0013764001701
0013764001756
0013764001978
0013764002036
0013764002302
0013764002319
0013764027275
0013764027312
0013764027602
0013764027787
0013800120090
0013800182654
0013800214508
0013800261038
0013800318404
0013800447845
0013800502230
0013800554789
0013800556691
0013800594341
0013800625328
0013800816993
0013800845801
0013800869807
0013800916068
0013800978172
0013800987983
0013941035468
0014100045496
0014100047346
0014100047827
0014100047889
0014100048435
0014100049319
0014100049715
0014100052005
0014100054030
0014100054863
0014100056102
0014100057475
0014100070245
0014100071013
0014100071044
0014100071150
0014100077077
0014100081272
0014100084938
0014100088844
0014100089087
0014100091400
0014100096054
0014100099680
0014113702317
0014113702508
0014113910590
0014272138026
0014353013721
0014500001023
0014500006660
0014500011190
0014500011336
0014500011725
0014500011824
0014500011909
0014500012784
0014500012845
0014500012982
0014500013866
0014500014191
0014500014658
0014500015952
0014500017444
0014500017802
0014500017963
0014500017994
0014500019912
0014500023452
0014500023469
0014500023476
0014500023742
0014500026903
0014500026934
0014500507037
0014800000290
0014800002102
0014800004724
0014800008135
0014800008692
0014800008777
0014821201256
0014900012209
0014900022208
0014900432991
0015000007850
0015000012526
0015000045357
0015000076009
0015000076092
0015000076108
0015000076832
0015000706319
0015000706357
0015000745196
0015100000324
0015100000331
0015100000492
0015205500408
0015229411605
0015229411896
0015292204616
0015300430600
0015400003971
0015400112635
0015400173063
0015400213103
0015400871792
0015414000034
0015418005998
0015665000326
0015665000845
0015665000890
0015665001460
0015665624072
0015700000502
0015700161555
0015700177013
0015794020769
0015839007410
0015900000111
0015900000975
0015900063192
0015900068579
0015900070619
0015900140596
0015900190744
0015984510421
0015984510438
0016000107472
0016000116597
0016000118157
0016000125605
0016000126824
0016000126848
0016000127319
0016000127364
0016000135611
0016000136090
0016000137639
0016000139565
0016000139626
0016000141766
0016000147720
0016000149830
0016000151024
0016000151062
0016000151420
0016000151529
0016000151536
0016000151642
0016000151918
0016000151963
0016000152281
0016000155350
0016000156746
0016000157019
0016000158092
0016000159105
0016000159471
0016000160811
0016000161610
0016000162556
0016000163942
0016000168916
0016000171756
0016000174825
0016000178182
0016000178236
0016000179349
0016000179479
0016000179486
0016000180154
0016000182851
0016000183728
0016000184046
0016000193031
0016000193048
0016000195196
0016000197091
0016000201767
0016000202214
0016000216594
0016000219687
0016000222861
0016000224438
0016000228320
0016000228443
0016000228566
0016000228597
0016000228719
0016000228764
0016000229846
0016000230736
0016000231177
0016000233782
0016000233911
0016000233935
0016000234222
0016000234383
0016000234413
0016000234888
0016000234895
0016000234994
0016000235991
0016000236011
0016000237353
0016000275188
0016000275362
0016000285736
0016000298286
0016000339903
0016000340046
0016000343863
0016000346154
0016000351721
0016000351769
0016000351776
0016000352018
0016000353312
0016000354265
0016000405974
0016000409873
0016000444980
0016000457041
0016000457225
0016000459328
0016000462946
0016000475953
0016000478855
0016000483415
0016000486249
0016000487970
0016000493926
0016000503632
0016000503649
0016000503656
0016000503670
0016000506428
0016000511118
0016073619339
0016229004491
0016229916435
0016229919238
0016264006009
0016264011058
0016291442559
0016291443716
0016300165219
0016300165684
0016300168456
0016300210094
0016300330013
0016571959999
0016571960148
0016571960421
0016571960698
0016571962388
0016741000445
0016767563245
0017000003894
0017000015187
0017077002356
0017077007320
0017077009324
0017077023252
0017077031059
0017077032353
0017077033053
0017077072083
0017077105323
0017077107167
0017077109161
0017077111089
0017077113328
0017077121163
0017077123327
0017077139328
0017077141321
0017077142328
0017077154321
0017077161169
0017077226235
0017077503327
0017077661324
0017077665322
0017077666329
0017077667326
0017082008626
0017082008800
0017082009777
0017082013866
0017082014092
0017082014955
0017082015020
0017082015105
0017082015150
0017082015204
0017082017420
0017082877178
0017082877376
0017082882530
0017082883889
0017082883902
0017082885166
0017082886835
0017082888068
0017082888112
0017082889782
0017144025097
0017202005290
0017202008741
0017400224677
0017400224790
0017600023353
0017600087126
0017642498621
0017642778051
0017642778150
0017642780061
0017642780269
0017642781457
0017642781556
0017642781754
0017642781952
0017696000702
0017869804632
0017869807145
0017873017301
0018000119325
0018000140343
0018000144044
0018000322657
0018000362936
0018000447626
0018000477425
0018000486618
0018000493012
0018000723157
0018055278053
0018176783207
0018200264320
0018200264832
0018200264993
0018537241490
0018537400163
0018582620103
0018582620202
0018627101307
0018627102342
0018627111542
0018627116295
0018627116806
0018627116820
0018627116882
0018627428961
0018627446385
0018627446439
0018627510000
0018627703105
0018627703440
0018627711995
0018788103134
0018788106265
0018788108795
0018788121329
0018804059315
0018894303268
0018894304388
0018894318026
0018894461036
0018894461050
0018894461135
0018894461661
0018894463009
0018894463580
0018894903949
0018944001472
0018959755575
0019000025005
0019000082244
0019061490330
0019061491733
0019229103003
0019301001401
0019320000737
0019320029622
0019320068348
0019473006099
0019473030018
0019722167229
0019962285738
0019962321511
0019962468216
0019962468315
0019969009153
0020000001906
0020000447117
0020000459837
0020038521568
0020100400111
0020113001565
0020138330244
0020146108613
0020146920307
0020146920314
0020188050109
0020200005995
0020200029854
0020200070337
0020323003625
0020439032083
0020439037606
0020439037705
0020501110060
0020501796103
0020593000218
0020593000232
0020593000287
0020601407725
0020601410145
0020601410718
0020601412668
0020601413382
0020601413399
0020601413481
0020662000286
0020662002051
0020662003942
0020662004673
0020662005434
0020662005601
0020662005618
0020662005625
0020662005632
0020662006233
0020685001727
0020685002342
0020685002717
0020685085819
0020709012081
0020735092897
0020735161258
0020735161395
0020735161517
0020735161715
0020735426630
0020765012018
0020784230592
0021000008612
0021000011513
0021000024841
0021000046942
0021000047086
0021000049080
0021000055920
0021000072798
0021000081516
0021000083510
0021000083664
0021000083985
0021000086214
0021000086856
0021000087433
0021000300884
0021000611201
0021000620241
0021000646197
0021000671205
0021000671441
0021078022770
0021108101208
0021108202462
0021130008087
0021130008544
0021130008988
0021130042678
0021130043415
0021130043552
0021130044047
0021130046881
0021130047413
0021130047529
0021130047789
0021130048335
0021130048366
0021130048779
0021130048892
0021130049509
0021130063826
0021130065257
0021130066902
0021130068074
0021130069736
0021130070299
0021130075188
0021130076079
0021130076642
0021130078615
0021130079278
0021130079681
0021130081004
0021130082797
0021130087259
0021130090112
0021130090358
0021130091461
0021130091850
0021130092000
0021130092024
0021130092093
0021130092109
0021130093137
0021130093410
0021130094073
0021130094585
0021130095322
0021130095353
0021130095360
0021130095766
0021130095889
0021130095940
0021130096756
0021130098514
0021130099498
0021130100774
0021130100866
0021130107230
0021130110025
0021130110360
0021130110544
0021130110711
0021130112180
0021130113095
0021130113415
0021130113651
0021130113675
0021130115822
0021130115853
0021130116324
0021130116744
0021130118878
0021130119011
0021130119035
0021130119356
0021130119370
0021130119677
0021130119721
0021130119769
0021130119806
0021130119875
0021130120055
0021130120093
0021130120536
0021130120840
0021130120925
0021130121441
0021130122806
0021130123254
0021130123261
0021130123278
0021130123605
0021130123933
0021130125296
0021130125371
0021130125470
0021130125494
0021130125500
0021130126415
0021130126439
0021130126903
0021130127023
0021130127542
0021130128723
0021130136933
0021130137312
0021130140930
0021130148233
0021130152070
0021130152926
0021130153121
0021130153930
0021130154944
0021130154968
0021130156450
0021130156757
0021130157167
0021130158331
0021130158423
0021130159314
0021130159352
0021130168385
0021130181544
0021130182060
0021130182336
0021130182343
0021130182510
0021130182527
0021130182534
0021130183425
0021130183487
0021130183494
0021130183609
0021130183722
0021130184323
0021130184606
0021130184859
0021130184927
0021130184972
0021130185085
0021130185276
0021130185283
0021130185306
0021130194148
0021130197217
0021130198030
0021130198887
0021130207855
0021130242573
0021130250868
0021130251001
0021130270835
0021130270989
0021130271047
0021130282517
0021130283859
0021130285846
0021130293025
0021130294770
0021130295951
0021130320578
0021130326167
0021130327386
0021130332021
0021130333288
0021130335176
0021130335206
0021130335237
0021130335480
0021130335497
0021130336708
0021130336715
0021130338146
0021130338214
0021130341153
0021130341535
0021130346127
0021130347810
0021130356126
0021130362318
0021130369843
0021130371600
0021130372034
0021130376858
0021130377084
0021130381494
0021130388141
0021130461417
0021130473045
0021130473342
0021130473601
0021130477326
0021130478989
0021130480586
0021130480807
0021130494231
0021130494590
0021130495634
0021130496198
0021130501151
0021130501243
0021130501540
0021130502097
0021130522019
0021130550142
0021130627790
0021130983384
0021131000172
0021131000400
0021131000677
0021131000899
0021131002732
0021131034344
0021131506636
0021131506957
0021131506971
0021131506995
0021131905538
0021131905552
0021136181609
0021136181760
0021140033208
0021248100598
0021333030052
0021333050012
0021333401043
0021333410113
0021333811026
0021333830133
0021333830836
0021500012881
0021500221009
0021724213354
0021788346135
0021788526353
0021788537007
0021788586043
0021821142342
0021834591809
0021834599164
0021908115627
0021908119977
0021908142876
0021908143514
0021908250069
0021908466125
0021908473024
0021908493343
0021908504193
0021908514864
0021908632087
0021908812472
0022000016508
0022000017352
0022000019196
0022000020567
0022000020611
0022000109989
0022000122285
0022000124005
0022000285263
0022000298539
0022000302175
0022000302489
0022000302878
0022000330499
0022198008866
0022224006200
0022224506526
0022635150226
0022652161038
0022652191561
0022655715566
0022655715818
0022655715900
0022655716105
0022655722502
0022655722519
0022655722717
0022655722748
0022825201080
0022852665800
0022929429892
0023012208684
0023012901301
0023012901325
0023012932480
0023012943622
0023012950019
0023012952723
0023100180762
0023249093367
0023249093527
0023278000022
0023384002088
0023384101101
0023402087257
0023402187353
0023545202869
0023698100159
0023698107028
0023698203010
0023698300108
0023698501031
0023698503011
0023700015235
0023700026866
0023700030061
0023700033840
0023700040077
0023700042590
0023700043801
0023700046871
0023700047601
0023700058294
0023700059208
0023700060280
0023700060433
0023700060457
0023700060648
0023700060792
0023700061027
0023700061058
0023700061263
0023700061584
0023700061614
0023700061638
0023700061720
0023700061898
0023700685087
0023923204652
0023923206472
0023923708938
0023923900103
0023933102153
0023933651200
0023933651620
0023933652030
0023933653372
0023933653679
0023968383107
0023968402570
0024000008538
0024000008545
0024000014881
0024000015987
0024000019121
0024000021414
0024000021421
0024000021445
0024000167020
0024000190394
0024000250715
0024000258889
0024000258933
0024000507772
0024000523642
0024011602855
0024094002283
0024094002467
0024094002580
0024100110605
0024100111640
0024100124978
0024100125166
0024100125425
0024100126583
0024100127023
0024100128938
0024100459889
0024100939985
0024105592055
0024126008672
0024126008955
0024126009167
0024126009372
0024126010491
0024126010576
0024126011344
0024126011696
0024126011726
0024126011740
0024126012778
0024126012846
0024126012860
0024126013904
0024126014475
0024126014505
0024126014628
0024126015168
0024126015205
0024126015250
0024126015588
0024126015595
0024126015601
0024126016073
0024126016080
0024126016370
0024126016394
0024126016400
0024126016684
0024126016691
0024126016714
0024126016899
0024126016905
0024126016912
0024126016936
0024126016943
0024126017131
0024126017148
0024126017230
0024126017438
0024126017612
0024126017629
0024126017643
0024126018121
0024126018367
0024126018718
0024126018749
0024126018763
0024126018831
0024126018848
0024126018862
0024235024815
0024284549543
0024284931102
0024300016028
0024300017056
0024300041129
0024300041570
0024300043093
0024300043352
0024300045318
0024300045578
0024300761195
0024300781162
0024300835261
0024354306403
0024426018111
0024456003040
0024474002636
0024474002759
0024600010993
0024627000403
0024682005931
0024682318024
0024739160200
0024842011321
0024842177119
0024842184117
0025000026225
0025000034824
0025000040788
0025000055430
0025046020621
0025046020652
0025155000354
0025155000361
0025155000385
0025155000460
0025155000828
0025155000842
0025293001916
0025293003958
0025293005228
0025293005556
0025317176545
0025317236676
0025317314114
0025317374286
0025317374309
0025317381482
0025317615006
0025317881005
0025407803603
0025500304113
0025555300474
0025555300573
0025555994666
0025555997544
0025555999210
0025600000137
0025600000816
0025600003121
0025600007037
0025611620768
0025675015319
0025675016002
0025675051201
0025675121089
0025726311223
0025737004428
0025737006804
0025753028217
0025800000258
0025800030101
0025911000055
0025911000130
0025911000338
0025911000505
0025911300056
0026200000992
0026200001296
0026200001784
0026200003696
0026200014746
0026200114200
0026200115900
0026200117676
0026200140391
0026200140506
0026200471723
0026396502027
0026396908843
0026400170808
0026400223009
0026400275305
0026400289616
0026400298908
0026400298960
0026400312604
0026400405214
0026400405320
0026400405665
0026400700623
0026400700722
0026400805359
0026400895121
0026400895220
0026400895329
0026542011755
0026542090309
0026542120211
0026542120686
0026700681653
0026700683558
0026825009509
0026825090996
0026825091504
0026825092006
0026875102953
0026875130116
0026875137023
0026875142249
0026903111230
0027000009550
0027000073292
0027000087343
0027000382462
0027000419168
0027000419281
0027000419816
0027000523087
0027086184325
0027086376546
0027199002646
0027241436801
0027241605238
0027246122303
0027271121418
0027331000363
0027331006105
0027331033149
0027331101145
0027331101176
0027331101473
0027331101671
0027331101909
0027331121419
0027331320546
0027331320577
0027331331122
0027400800689
0027400800764
0027541346015
0027541346053
0027568021322
0027568025740
0027568032144
0027568033011
0027568033035
0027568033059
0027568033387
0027800063615
0027800063738
0027800064698
0027800067828
0027800069709
0027815001176
0027815001183
0027815002333
0027815003217
0027815003279
0027815291997
0027815300439
0027815411036
0027815660045
0027917002712
0027958144006
0027958144013
0027958221035
0028000016579
0028000031428
0028000081409
0028000089009
0028000109059
0028000231828
0028000268442
0028000310998
0028000332846
0028000461997
0028000469689
0028000518110
0028000537319
0028000560683
0028000659615
0028000688776
0028000778965
0028000822057
0028000867379
0028000881054
0028000891695
0028000922269
0028000966201
0028029443509
0028029443882
0028042001090
0028042001922
0028165000840
0028190006374
0028190007647
0028293000811
0028300000339
0028300000537
0028300000551
0028300000773
0028300001305
0028300002852
0028300017184
0028300020306
0028300244252
0028364123609
0028364213416
0028364320022
0028400005296
0028400019705
0028400020855
0028400025140
0028400092241
0028400097604
0028400228336
0028400252034
0028400260923
0028400261548
0028400261555
0028400321907
0028400376877
0028400377027
0028400434157
0028400525091
0028400685757
0028400689823
0028400704045
0028400726467
0028400746182
0028400747721
0028400758345
0028400759038
0028400761895
0028400763684
0028400767217
0028400767354
0028400768214
0028400768986
0028400769105
0028400769242
0028400769310
0028400769709
0028400770583
0028400775359
0028400784085
0028400786317
0028400789622
0028400789639
0028400789998
0028400790635
0028400790758
0028400790819
0028400791809
0028400792721
0028400793889
0028400794305
0028400794329
0028400794343
0028400794367
0028400794701
0028400795364
0028400796644
0028400796828
0028400797832
0028400798051
0028400798099
0028400798112
0028400798211
0028400798372
0028400798396
0028400798709
0028400799089
0028400800143
0028400800211
0028400800358
0028400800419
0028400800617
0028400800822
0028400800860
0028400800921
0028400801850
0028404418382
0028435600572
0028571000502
0028571011850
0028700111291
0028700161678
0028743015709
0028749003762
0028800130611
0028800131403
0028800290513
0028800293033
0028800294108
0028800294412
0028800301608
0028833011123
0028833032500
0028833032555
0028833041205
0028833060107
0028833150006
0028833170103
0028833170202
0028833170301
0028833170400
0028833191207
0028989106216
0028989106254
0029000010253
0029000026018
0029000077041
0029000350915
0029000357945
0029145800115
0029145800122
0029200001136
0029200007039
0029200009033
0029205017118
0029243000233
0029243000240
0029243005009
0029243005016
0029599009911
0029606180039
0029700018085
0029700021504
0029700061418
0029700061470
0029714171905
0029714890837
0029839000135
0029839005307
0029839006809
0029839403486
0029839700332
0029988243186
0030000001165
0030000001653
0030000036907
0030000038802
0030000040508
0030000051504
0030000055502
0030000063019
0030000310694
0030000311479
0030000311769
0030000314210
0030000315507
0030000317532
0030000317686
0030000318966
0030000319949
0030000321607
0030000321898
0030000433003
0030000563465
0030000565988
0030000567425
0030000567654
0030000568866
0030000570821
0030000571835
0030000574522
0030000575123
0030000577912
0030000578056
0030000578605
0030000578995
0030000579718
0030000579763
0030000579954
0030000579961
0030000580257
0030000580394
0030000580509
0030000580622
0030000580639
0030000580684
0030000580813
0030000580820
0030034000219
0030034007522
0030034017347
0030034027087
0030034027094
0030034027162
0030034038274
0030034058975
0030034076382
0030034083373
0030034086862
0030034086886
0030034093105
0030034106102
0030034106126
0030034914233
0030034923150
0030034929992
0030034930011
0030034932725
0030034934323
0030034934361
0030034936266
0030034948757
0030034948795
0030034950057
0030034951054
0030034951108
0030034951450
0030034960308
0030034961183
0030034964290
0030034964306
0030047140711
0030084222111
0030084222449
0030084222623
0030084222647
0030084222906
0030084222920
0030100120056
0030100122777
0030100130192
0030100130659
0030100201502
0030100211488
0030100487180
0030100558569
0030100757375
0030223021186
0030223035947
0030223041894
0030223050025
0030223061045
0030223061953
0030223062004
0030223062509
0030223062943
0030223063148
0030223063223
0030223063339
0030223063889
0030223064145
0030223071259
0030223071273
0030223074656
0030223075202
0030223077015
0030223081197
0030223081890
0030223081906
0030223081937
0030223081944
0030223081968
0030223081975
0030223081982
0030223082002
0030223082019
0030223082859
0030223090373
0030243696043
0030243696135
0030243860598
0030243877329
0030771027715
0030771096766
0030771097138
0030772047552
0030772144589
0030772162972
0030800103000
0030800818000
0030871600085
0030955476582
0031000006518
0031000007096
0031000009892
0031000101008
0031000101312
0031000111120
0031000126117
0031000313135
0031000441098
0031000449957
0031000620301
0031000670290
0031000671709
0031000788896
0031142004960
0031142005479
0031142006681
0031142010060
0031142524079
0031146006786
0031146014255
0031146050130
0031146216208
0031200000576
0031200006813
0031200013576
0031200020659
0031200033567
0031200037183
0031200201676
0031200330147
0031205052006
0031205070000
0031205320020
0031205360002
0031285101045
0031290161768
0031290162918
0031293060853
0031400066112
0031493000031
0031493000208
0031493000239
0031493000369
0031493041300
0031493060578
0031493082044
0031493082129
0031493082143
0031493811347
0031493921831
0031506181085
0031506301094
0031506330094
0031506509049
0031506641138
0031506703164
0031506796111
0031602000136
0031604004729
0031604042141
0031604043148
0031604043452
0031677199735
0031677199742
0031677199766
0031711000225
0031711000508
0031903033642
0031903066732
0032100092746
0032100092975
0032134210314
0032134210338
0032134215715
0032134215722
0032251009235
0032251022012
0032251034459
0032251107818
0032251167454
0032251405839
0032251881794
0032368024275
0032394002179
0032458970192
0032500102045
0032503011115
0032601025045
0032601025502
0032601026080
0032601026097
0032601050207
0032601707255
0032601951979
0032601952723
0032601954871
0032812070117
0032894011213
0032913002031
0032971301886
0033079140951
0033117341155
0033144002012
0033157480050
0033273213143
0033357042003
0033357051029
0033383510507
0033400180188
0033400601744
0033474000306
0033474080032
0033558000017
0033617000866
0033629126011
0033674131084
0033828211020
0033844001506
0033844005979
0033900100808
0033954210973
0033974905002
0034000021956
0034000056545
0034000061525
0034000072521
0034000078554
0034000093519
0034000114207
0034000140350
0034000146222
0034000196463
0034000228850
0034000292738
0034000318131
0034000402212
0034000402656
0034000430093
0034000432103
0034000443710
0034000445714
0034000446445
0034000447367
0034000448715
0034000449002
0034000450398
0034000455027
0034000455225
0034000455614
0034000456741
0034000459094
0034000465118
0034000470341
0034000470365
0034000473557
0034000473748
0034000478088
0034000666164
0034000666348
0034000666492
0034000666607
0034000801459
0034000873890
0034000938223
0034000944538
0034000952113
0034300000354
0034325047204
0034325054011
0034325057821
0034325060968
0034500151184
0034500194099
0034500446716
0034500448277
0034500448376
0034695122631
0034695124604
0034695903278
0034708037013
0034856005216
0034856037521
0034856040835
0034856050964
0034856510222
0034856788829
0034856806295
0034856842446
0034856862048
0034952371697
0035032593084
0035032778030
0035046007256
0035243557301
0035272418017
0035305000363
0035305101022
0035342840007
0035342893423
0035406030757
0035457770244
0035457772699
0035457776086
0035457776185
0035457776406
0035493003672
0035493003825
0035493014616
0035549943532
0035700386529
0035733000195
0035751114256
0035751117202
0035761100003
0035826020628
0035826020635
0035826022493
0035826024848
0035826027054
0035826033314
0035826034724
0035826035776
0035826038470
0035826040299
0035826040930
0035826042194
0035826049230
0035826052681
0035826061485
0035826061515
0035826065506
0035826070005
0035826076342
0035826076625
0035826080820
0035826082886
0035826083494
0035826085368
0035826085719
0035826088192
0035826088253
0035826088611
0035826088833
0035826088987
0035826089137
0035826089380
0035826089427
0035826089960
0035826090010
0035826090027
0035826090089
0035826090102
0035826090218
0035826090492
0035826091185
0035826092717
0035826092755
0035826092830
0035826092861
0035826092908
0035826093998
0035826094230
0035826094292
0035826094346
0035826094414
0035826094797
0035826095565
0035826095589
0035826095831
0035826095879
0035826096456
0035826096579
0035826096609
0035826097484
0035826098511
0035826098863
0035826099143
0035826099815
0035826102881
0035826105547
0035826106308
0035826106582
0035826108319
0035826109866
0035826111364
0035826111470
0035826111838
0035826112767
0035826114112
0035826114631
0035826115089
0035826200648
0035826202192
0035826204493
0035826204837
0035826205179
0035826205346
0035826206947
0035826206961
0035826207081
0035826207470
0035826541437
0035900307812
0035971404397
0036035110148
0036035600045
0036035600052
0036035700028
0036035700103
0036035710119
0036073100781
0036078450218
0036192105100
0036192105179
0036212081377
0036232077077
0036514199541
0036514199558
0036514237694
0036514252581
0036593120016
0036632001023
0036632001047
0036632001160
0036632001184
0036632006202
0036632006219
0036632006226
0036632006257
0036632006271
0036632006608
0036632007841
0036632008282
0036632008404
0036632008411
0036632008428
0036632008510
0036632008527
0036632008558
0036632008572
0036632008664
0036632008695
0036632008701
0036632008831
0036632009746
0036632009784
0036632009920
0036632009975
0036632010087
0036632010094
0036632010117
0036632010148
0036632010179
0036632010261
0036632010292
0036632010711
0036632010742
0036632011008
0036632011015
0036632011022
0036632011039
0036632011077
0036632011084
0036632011091
0036632011107
0036632011114
0036632011206
0036632011213
0036632011237
0036632011244
0036632011282
0036632011299
0036632011305
0036632011312
0036632011329
0036632013071
0036632013101
0036632013118
0036632013125
0036632013132
0036632013149
0036632013217
0036632013224
0036632013323
0036632013507
0036632013514
0036632013521
0036632013538
0036632013545
0036632013552
0036632013569
0036632013576
0036632013774
0036632013798
0036632014108
0036632014122
0036632014139
0036632014146
0036632014207
0036632018250
0036632018274
0036632018304
0036632018328
0036632018335
0036632018342
0036632018359
0036632018366
0036632018373
0036632018403
0036632018465
0036632018489
0036632018564
0036632018601
0036632018656
0036632018663
0036632018724
0036632018731
0036632018762
0036632019158
0036632019226
0036632019363
0036632019387
0036632019394
0036632019455
0036632019608
0036632019738
0036632019752
0036632019776
0036632019783
0036632019790
0036632019806
0036632019813
0036632019837
0036632019844
0036632019882
0036632019905
0036632019929
0036632019936
0036632019943
0036632021809
0036632021816
0036632024145
0036632024282
0036632026033
0036632026309
0036632026323
0036632026392
0036632027153
0036632027177
0036632027207
0036632027214
0036632027221
0036632027238
0036632027306
0036632027801
0036632027818
0036632027825
0036632028051
0036632028068
0036632028159
0036632028389
0036632028600
0036632028853
0036632029003
0036632029027
0036632029195
0036632029232
0036632029300
0036632029355
0036632029362
0036632029393
0036632029409
0036632032218
0036632032904
0036632034878
0036632035615
0036632035981
0036632036391
0036632036421
0036632036964
0036632037152
0036632037176
0036632037305
0036632037343
0036632037404
0036632037503
0036632037510
0036632037541
0036632037602
0036632037688
0036632037718
0036632037725
0036632037732
0036632037992
0036632038029
0036632038135
0036632038142
0036632038159
0036632038166
0036632038203
0036632038296
0036632038302
0036632038326
0036632038333
0036632038357
0036632038364
0036632038395
0036632038401
0036632038418
0036632038432
0036632038449
0036632039323
0036632040701
0036632040763
0036632040787
0036632040916
0036632040992
0036632041005
0036632041043
0036632041050
0036632055903
0036632055927
0036632074720
0036632079992
0036632080868
0036632080882
0036632081001
0036632081292
0036632081360
0036632081377
0036632081520
0036632081636
0036669061786
0036669062066
0036746040376
0036800004931
0036800005952
0036800006737
0036800007024
0036800009790
0036800011618
0036800011816
0036800014800
0036800018266
0036800018341
0036800021556
0036800040106
0036800049666
0036800051553
0036800051560
0036800056091
0036800064553
0036800072435
0036800072503
0036800074651
0036800086371
0036800097728
0036800101319
0036800107502
0036800110113
0036800111141
0036800119734
0036800121171
0036800132665
0036800135161
0036800135345
0036800139473
0036800144149
0036800144217
0036800144248
0036800144347
0036800145061
0036800163140
0036800166585
0036800168763
0036800171244
0036800180284
0036800180673
0036800189881
0036800200159
0036800201361
0036800201477
0036800211827
0036800220782
0036800224957
0036800224988
0036800232846
0036800232938
0036800243439
0036800246546
0036800248953
0036800264939
0036800282537
0036800282551
0036800290501
0036800299337
0036800313903
0036800313958
0036800313965
0036800318502
0036800341760
0036800350786
0036800357471
0036800360327
0036800362475
0036800366916
0036800366930
0036800369054
0036800369078
0036800372351
0036800377257
0036800378476
0036800389670
0036800396272
0036800397392
0036800406490
0036800407848
0036800407855
0036800410015
0036800412316
0036800414594
0036800417298
0036800421745
0036800422391
0036800422841
0036800441095
0036800441187
0036800441200
0036800441712
0036800443884
0036800444867
0036800445024
0036800445048
0036800446113
0036800448025
0036800448315
0036800448384
0036800449817
0036800450196
0036800450219
0036800454903
0036800454910
0036800455023
0036800455733
0036800458543
0036800459434
0036800459458
0036800459465
0036800459472
0036800459496
0036800463721
0036800466821
0036800467026
0036800481862
0036800487017
0036800496149
0036800496521
0036800528055
0036800588417
0036800604100
0036800620445
0036800622128
0036800648319
0036800681156
0036800800557
0036800808195
0036800808348
0036800821101
0036800914650
0036929338948
0037000451129
0037071109011
0037071109059
0037102281402
0037102281471
0037102289101
0037212000368
0037296013254
0037297964012
0037323125271
0037363982339
0037407017164
0037578620439
0037600049535
0037600140829
0037600153164
0037600168526
0037600177900
0037600181129
0037600181136
0037600181143
0037600183598
0037600189095
0037600198493
0037600225144
0037600257565
0037600263696
0037600273299
0037600330671
0037600334648
0037600365598
0037600394000
0037600428668
0037600469784
0037600527293
0037600668811
0037600810784
0037600881876
0037695188126
0037695601359
0037842076504
0038000007200
0038000011610
0038000014673
0038000014680
0038000049613
0038000114687
0038000124211
0038000129667
0038000136016
0038000138546
0038000138768
0038000139048
0038000139086
0038000144219
0038000148101
0038000148156
0038000151125
0038000155246
0038000160417
0038000160905
0038000163470
0038000163494
0038000163517
0038000169113
0038000176159
0038000181047
0038000182587
0038000183393
0038000183706
0038000188626
0038000188657
0038000188725
0038000189210
0038000192203
0038000192241
0038000199011
0038000200076
0038000200137
0038000201707
0038000201790
0038000204098
0038000206191
0038000206290
0038000207716
0038000208553
0038000209048
0038000217685
0038000224690
0038000225833
0038000225956
0038000232671
0038000242991
0038000245305
0038000245589
0038000248504
0038000255441
0038000258749
0038000263446
0038000267604
0038000267666
0038000291562
0038000291883
0038000292941
0038000293849
0038000295393
0038000295522
0038000301100
0038000302695
0038000303050
0038000303166
0038000304507
0038000304989
0038000305924
0038000306792
0038000306808
0038000307430
0038000311673
0038000311680
0038000313271
0038000318207
0038000318467
0038000321108
0038000321207
0038000328855
0038000330551
0038000330575
0038000331466
0038000331800
0038000433818
0038000435188
0038000504716
0038000516993
0038000550034
0038000551369
0038000570742
0038000581700
0038000596551
0038000596636
0038000599217
0038000599231
0038000708992
0038000748202
0038000766114
0038000786693
0038000787119
0038000792601
0038000844997
0038000845031
0038000845222
0038000845239
0038000926686
0038000937675
0038000937729
0038021001348
0038112001769
0038252910518
0038259104385
0038259111291
0038259113592
0038259119921
0038259148723
0038274324034
0038274415053
0038361403062
0038622326109
0038629000248
0038629002938
0038708952512
0038749700158
0038900000400
0038900006020
0038900006099
0038900035495
0039000086653
0039045392894
0039045428630
0039045504013
0039047015647
0039073075042
0039131168501
0039153212701
0039153431638
0039156000541
0039186553109
0039217031262
0039217035017
0039217044224
0039217051642
0039217051666
0039217053202
0039217053226
0039217065120
0039217065700
0039217118161
0039272027675
0039278040579
0039400018162
0039442000750
0039528024632
0039545007991
0039545097169
0039545099224
0039639007159
0039677070610
0039677072188
0039677613176
0039677853053
0039677853152
0039677873952
0039771140882
0039779001550
0039779008214
0039779010828
0039779039959
0039779039980
0039779040429
0039779040443
0039779044823
0039779045318
0039779045370
0039779046032
0039779109973
0039779112768
0039779181887
0039796002202
0039796002219
0039978003775
0039978004307
0039978004550
0039978004819
0039978005045
0039978005908
0039978009173
0039978019547
0039978101549
0039978111524
0039978119735
0039978219022
0039987003285
0040000004455
0040000012320
0040000248729
0040000249054
0040000265795
0040000315308
0040000413318
0040000421221
0040000483588
0040000483632
0040000483649
0040000489382
0040000494805
0040000494836
0040000495178
0040000495963
0040000502906
0040000503170
0040000509301
0040000511748
0040000512844
0040000518204
0040000520931
0040000525301
0040000525325
0040000525875
0040000527534
0040000528180
0040000528548
0040000529460
0040000532491
0040000534631
0040000535515
0040000537137
0040000540922
0040000540984
0040000541349
0040000541394
0040000541424
0040000542636
0040000565093
0040000580294
0040000604723
0040000610755
0040000640929
0040000641230
0040141154880
0040232121401
0040232143823
0040232185328
0040232199134
0040232199943
0040232217074
0040232220166
0040232235702
0040232235719
0040232236181
0040232286834
0040232501531
0040232543098
0040232555183
0040232618062
0040232661266
0040232798610
0040345000013
0040345000099
0040563010801
0040697026198
0040697712053
0040697740506
0040822344487
0040822346108
0040822346146
0040822346153
0040822346344
0040902338900
0041000002366
0041000004261
0041000008726
0041116305955
0041118009851
0041129000588
0041129020364
0041129020678
0041129022696
0041129077115
0041130023606
0041130483219
0041130612831
0041133551069
0041133551670
0041143090862
0041144298946
0041144299240
0041144798187
0041144798903
0041144814955
0041144814993
0041144821212
0041144825203
0041144825623
0041144825654
0041144996897
0041144996910
0041148473721
0041148473769
0041148483980
0041148813558
0041148813657
0041152103485
0041152103515
0041152425402
0041163459588
0041163483323
0041163494879
0041163970137
0041163970342
0041163975804
0041163986756
0041163986763
0041164000260
0041164000413
0041164002219
0041168075158
0041168124726
0041172810073
0041172810097
0041172811124
0041186153494
0041188040631
0041188040709
0041190015429
0041190016143
0041190021796
0041190022663
0041190043354
0041190043361
0041190045570
0041190045648
0041190046775
0041190048656
0041190049677
0041190055265
0041190055296
0041190055302
0041190057320
0041190061136
0041190061198
0041190067541
0041190067770
0041190070565
0041190073450
0041190075980
0041190076017
0041190076482
0041190080038
0041190081172
0041190083220
0041190083466
0041190083619
0041190084203
0041190089383
0041190089697
0041190091508
0041190410750
0041190456482
0041190457694
0041190460120
0041190461875
0041190461882
0041190461950
0041190461967
0041190461981
0041190462001
0041190462032
0041190462049
0041190462339
0041190462346
0041190462353
0041190462377
0041190462391
0041190462407
0041190462735
0041190462742
0041190463237
0041190463435
0041190463770
0041190464388
0041190464395
0041190464456
0041190464470
0041190464517
0041190465798
0041190466634
0041190468621
0041190468706
0041190469062
0041190469550
0041190470785
0041190470808
0041190471256
0041190471768
0041190472178
0041190474172
0041190570096
0041190570379
0041190575596
0041190576159
0041190576647
0041190576654
0041190576739
0041190576784
0041190576821
0041190576876
0041190577293
0041192103230
0041192104688
0041192105272
0041192107412
0041192108228
0041192108815
0041192108891
0041192110412
0041192111440
0041192111921
0041192112478
0041192115356
0041196139754
0041196139969
0041196140651
0041196404739
0041196456592
0041196914061
0041220008247
0041220013913
0041220031122
0041220040605
0041220047765
0041220053667
0041220088546
0041220089734
0041220105557
0041220105823
0041220108510
0041220113392
0041220117673
0041220126019
0041220129256
0041220132300
0041220133222
0041220144518
0041220156726
0041220166954
0041220175581
0041220178117
0041220180493
0041220189465
0041220189731
0041220192441
0041220196845
0041220197682
0041220197705
0041220198948
0041220206780
0041220211258
0041220224951
0041220231928
0041220239955
0041220241934
0041220247820
0041220248087
0041220248216
0041220248971
0041220283088
0041220286201
0041220294091
0041220303274
0041220306558
0041220311712
0041220317684
0041220319619
0041220320585
0041220330560
0041220331017
0041220333035
0041220334254
0041220334384
0041220343706
0041220350636
0041220356362
0041220410095
0041220423347
0041220438495
0041220438525
0041220438556
0041220438860
0041220442591
0041220486526
0041220502134
0041220530472
0041220537679
0041220558148
0041220562572
0041220565627
0041220572649
0041220574995
0041220582945
0041220585250
0041220592036
0041220600786
0041220607167
0041220608522
0041220610020
0041220612956
0041220615964
0041220632893
0041220633913
0041220653348
0041220654512
0041220656134
0041220671632
0041220673728
0041220673742
0041220674718
0041220674794
0041220690756
0041220708109
0041220719747
0041220726226
0041220727339
0041220730421
0041220735365
0041220738847
0041220748914
0041220750450
0041220756568
0041220758951
0041220765324
0041220771776
0041220779093
0041220781003
0041220782420
0041220790470
0041220791910
0041220792177
0041220796137
0041220796533
0041220804214
0041220807451
0041220824151
0041220827121
0041220845118
0041220847518
0041220849611
0041220852857
0041220853120
0041220859313
0041220862696
0041220867011
0041220868568
0041220872442
0041220883547
0041220892259
0041220899265
0041220899425
0041220900213
0041220901760
0041220905232
0041220905591
0041220914807
0041220925094
0041220933358
0041220938070
0041220942053
0041220942602
0041220944354
0041220944361
0041220946112
0041220946600
0041220949984
0041220950362
0041220952878
0041220956500
0041220964444
0041220965854
0041220966172
0041220966912
0041220966936
0041220967193
0041220967674
0041220968824
0041220972296
0041220974290
0041220974313
0041220977802
0041220981045
0041220985777
0041220992577
0041220996759
0041220996902
0041220997060
0041224212503
0041224465183
0041224465428
0041224701663
0041224724808
0041224900103
0041235000670
0041235000755
0041244641024
0041250002512
0041250004318
0041250009993
0041250020301
0041250025955
0041250028703
0041250066859
0041250102328
0041250164968
0041250189114
0041250194071
0041250209799
0041250501466
0041250506850
0041250510413
0041250567295
0041250641582
0041250670056
0041250678380
0041250678434
0041250689393
0041250689805
0041250691495
0041250841708
0041250856665
0041250858119
0041250858799
0041250941521
0041250941590
0041250941613
0041250941767
0041250946885
0041250950592
0041250950677
0041250950820
0041250950882
0041250953012
0041250955016
0041250957652
0041250963936
0041253002007
0041253009709
0041260023361
0041260101151
0041260333309
0041262287792
0041268107032
0041268108336
0041268108435
0041268109647
0041268109661
0041268111398
0041268111404
0041268112128
0041268113859
0041268114481
0041268115266
0041268115402
0041268117529
0041268119851
0041268121786
0041268124534
0041268126118
0041268127801
0041268129690
0041268131471
0041268145225
0041268146079
0041268151004
0041268155255
0041268156955
0041268157921
0041268158386
0041268158409
0041268163960
0041268166190
0041268167913
0041268167968
0041268169450
0041268171415
0041268171446
0041268172085
0041268172092
0041268172573
0041268180509
0041268180516
0041268187201
0041268188697
0041268192007
0041268192250
0041268192489
0041268192724
0041268193400
0041268193479
0041268193943
0041268194810
0041268194926
0041268194964
0041268194988
0041268194995
0041268195039
0041268195138
0041268195329
0041268195435
0041268195817
0041268195824
0041268196111
0041268197163
0041268197187
0041268197453
0041268197767
0041268197880
0041268198269
0041268198467
0041268199594
0041268200467
0041268200733
0041268202041
0041268202485
0041268202539
0041268202546
0041268202553
0041268202577
0041268203734
0041268204779
0041268207794
0041268208432
0041268208678
0041268208937
0041268212019
0041268212743
0041268213467
0041268214044
0041268214709
0041268217854
0041268220021
0041268221226
0041268252220
0041268725410
0041268764167
0041268776795
0041269410131
0041269410315
0041278000057
0041282356027
0041290776053
0041303002049
0041303002186
0041303003091
0041303003442
0041303003565
0041303003602
0041303003640
0041303004166
0041303004401
0041303005088
0041303006276
0041303006450
0041303007204
0041303007242
0041303007983
0041303007990
0041303008027
0041303008041
0041303008072
0041303008324
0041303010037
0041303010723
0041303010839
0041303011386
0041303011676
0041303011737
0041303011881
0041303014509
0041303014516
0041303014820
0041303015360
0041303016794
0041303017326
0041303017623
0041303018491
0041303018842
0041303019269
0041303019313
0041303020272
0041303020302
0041303024973
0041303025031
0041303026335
0041303026342
0041303026380
0041303027660
0041303036884
0041303037669
0041303042311
0041303042502
0041303046432
0041303052945
0041303052976
0041303053041
0041303053058
0041303054116
0041303055168
0041303058480
0041303069127
0041303086322
0041303087459
0041303093238
0041303780831
0041308000279
0041318010459
0041318021127
0041318030945
0041318130447
0041318171471
0041318190229
0041318191196
0041318223101
0041318240245
0041318251753
0041318252040
0041318290035
0041318290110
0041318290523
0041318290592
0041318292572
0041318292589
0041318292596
0041318292671
0041318320831
0041318451412
0041318480689
0041318480726
0041318530070
0041318530087
0041318530094
0041318530117
0041318530179
0041318530346
0041318530360
0041318530384
0041318530407
0041318530421
0041318530605
0041318540086
0041318550016
0041318570663
0041318580051
0041318580471
0041318580556
0041318580853
0041318581010
0041318581096
0041318581126
0041318581133
0041318581386
0041318581638
0041318581706
0041318582000
0041318590463
0041318590975
0041321241499
0041322224781
0041322225009
0041322229274
0041322245892
0041322247032
0041322249487
0041322249913
0041322250476
0041322557537
0041322557551
0041322558022
0041330011052
0041330350021
0041331011334
0041331012553
0041331014854
0041331014915
0041331014953
0041331015011
0041331020039
0041331020220
0041331020527
0041331020718
0041331020763
0041331020794
0041331020817
0041331020909
0041331023092
0041331023184
0041331023245
0041331023368
0041331023474
0041331023504
0041331023511
0041331023528
0041331024037
0041331024075
0041331024112
0041331024297
0041331024396
0041331024549
0041331024570
0041331024594
0041331024679
0041331024693
0041331024976
0041331025171
0041331025188
0041331025218
0041331025263
0041331025379
0041331025461
0041331025676
0041331026321
0041331026383
0041331027816
0041331028400
0041331028455
0041331028929
0041331029155
0041331029766
0041331030588
0041331030595
0041331030601
0041331031837
0041331032414
0041331033138
0041331033145
0041331033220
0041331036108
0041331036801
0041331037747
0041331037785
0041331037825
0041331038371
0041331038676
0041331038768
0041331039369
0041331039383
0041331039635
0041331039703
0041331039727
0041331039741
0041331039772
0041331039826
0041331049320
0041331049627
0041331050876
0041331050890
0041331050937
0041331051026
0041331051040
0041331059268
0041331074766
0041331091626
0041331092586
0041331124164
0041331124188
0041331124324
0041331124515
0041331124614
0041331125536
0041331125697
0041331125703
0041331125963
0041331126571
0041335000136
0041335001461
0041335001720
0041335341369
0041351617646
0041351805258
0041364080154
0041364545332
0041376115615
0041376413322
0041376700170
0041376710285
0041380196327
0041380199090
0041380199526
0041380199571
0041380750260
0041380750284
0041380750291
0041380750307
0041380750338
0041380750345
0041387412109
0041387530148
0041387531206
0041387606461
0041390008115
0041390010262
0041390020247
0041390020858
0041390022029
0041390022098
0041390030840
0041390050220
0041396095195
0041409013826
0041409110020
0041415008632
0041415019867
0041415021808
0041415036253
0041415045415
0041415046658
0041415054363
0041415062306
0041415063532
0041415065307
0041415069305
0041415069862
0041415070530
0041415072855
0041415073302
0041415081536
0041415086531
0041415097537
0041415114531
0041415128088
0041415128095
0041415143807
0041415144804
0041415144866
0041415147805
0041415147911
0041415153806
0041415155640
0041415193338
0041415206632
0041415211056
0041415236653
0041415252431
0041415261914
0041415272651
0041415344907
0041415384910
0041415394803
0041415443457
0041415471801
0041415472808
0041415475915
0041415482623
0041415484634
0041415540644
0041415546639
0041415548633
0041415582644
0041415599864
0041415648616
0041415659612
0041415668614
0041415680869
0041415828612
0041415839618
0041415854611
0041415890619
0041420016714
0041420028762
0041420052156
0041420053467
0041420069482
0041420079849
0041420087592
0041420090769
0041433009550
0041433009567
0041433026946
0041433030950
0041443110734
0041443202958
0041443903749
0041446733411
0041449000954
0041449301709
0041458103004
0041458117131
0041458550822
0041460201002
0041460301559
0041460399938
0041483029188
0041483038180
0041483039590
0041483040039
0041483040305
0041483041593
0041483044938
0041483045867
0041497000227
0041497000692
0041497000708
0041497001293
0041497001606
0041497003020
0041497003419
0041497005079
0041497010547
0041497011940
0041497012473
0041497013340
0041497028474
0041497038220
0041497046911
0041497081233
0041497082995
0041497083060
0041497083411
0041497083664
0041497083671
0041497084586
0041497086214
0041497086221
0041497091690
0041497092048
0041497092451
0041497093021
0041497093038
0041497093052
0041497093076
0041497093106
0041497093113
0041497093281
0041497093304
0041497094011
0041497094240
0041497094318
0041497094585
0041497094660
0041497094691
0041497094813
0041497094837
0041497094912
0041497095049
0041497095162
0041497095476
0041497095520
0041497095544
0041497095612
0041497095735
0041497097357
0041497099672
0041497101160
0041497109456
0041497111787
0041497111824
0041497121854
0041497133406
0041497139927
0041497153633
0041497153800
0041497183302
0041497184484
0041497277520
0041497280063
0041497322220
0041497331291
0041497331321
0041497333677
0041497340699
0041497341559
0041497387083
0041497397129
0041497434688
0041497524204
0041497524266
0041497530571
0041497537310
0041497537969
0041497538485
0041497543595
0041497560691
0041497566402
0041497568086
0041497580514
0041498113438
0041498118716
0041498130190
0041498130480
0041498136376
0041498139995
0041498148249
0041498149208
0041498149611
0041498149628
0041498151553
0041498155667
0041498156343
0041498157661
0041498161125
0041498166038
0041498173142
0041498173739
0041498186517
0041498189471
0041498192761
0041498193126
0041498198985
0041498202637
0041498204549
0041498210939
0041498212599
0041498214715
0041498214722
0041498215910
0041498216412
0041498219505
0041498257637
0041498288112
0041498298708
0041498302627
0041498310424
0041498334260
0041500013213
0041500013367
0041500770734
0041500842639
0041501008621
0041501017005
0041501083017
0041501621233
0041501807378
0041508301152
0041508955614
0041511320010
0041511352011
0041512079986
0041512083136
0041512083778
0041512083945
0041512088162
0041512093456
0041512107160
0041512115417
0041512129056
0041512129070
0041512130373
0041512137808
0041512140563
0041512154119
0041512157790
0041548000077
0041548000114
0041548000169
0041548001753
0041548039855
0041548126777
0041548332260
0041548396361
0041570054680
0041570055779
0041570109380
0041570131039
0041570144343
0041570146132
0041570152027
0041570152034
0041570165324
0041573001001
0041573078041
0041573225100
0041580750008
0041600636503
0041606000094
0041633063642
0041641101039
0041642001048
0041646124040
0041646124156
0041660001846
0041668007192
0041668078994
0041668079557
0041679759592
0041679825358
0041695130702
0041716130131
0041716130155
0041716200018
0041729143999
0041735009623
0041735020581
0041735057174
0041735060211
0041735060235
0041735065728
0041735081674
0041735083227
0041735162298
0041735227386
0041736000391
0041740001353
0041743581166
0041755002697
0041757001094
0041757023645
0041757025151
0041757026905
0041757027179
0041757027957
0041757028152
0041757030377
0041760097060
0041761102367
0041770532803
0041780000316
0041780002426
0041780002792
0041780004932
0041780190031
0041780352187
0041789002632
0041789003028
0041789003530
0041789006241
0041795000035
0041795000776
0041795000806
0041800202362
0041800214501
0041800352166
0041800377367
0041800377411
0041800432004
0041820010800
0041820105117
0041820812022
0041820821925
0041900076634
0041900079918
0041900080136
0041900091040
0041900091330
0041900091347
0042000153010
0042187100203
0042187411637
0042197003501
0042197008032
0042222130134
0042222832489
0042238307612
0042238725317
0042272009787
0042272013289
0042287800478
0042400007159
0042400010159
0042400016175
0042400024170
0042400029892
0042400036173
0042400039150
0042400039303
0042400044000
0042400046516
0042400047483
0042400061021
0042400069409
0042400069447
0042400075080
0042400108030
0042400108108
0042400120179
0042400124962
0042400137559
0042400151890
0042400189008
0042400189046
0042400204756
0042400215868
0042400216544
0042400218746
0042400244981
0042400265214
0042400293965
0042400389811
0042400389910
0042400407652
0042400416203
0042400416456
0042400416517
0042400440352
0042400912781
0042421150223
0042421150704
0042421152098
0042421161670
0042421162240
0042456000340
0042563001322
0042563009663
0042563012427
0042563015046
0042563016005
0042563017736
0042563019303
0042563601973
0042563602604
0042563603380
0042563603588
0042563603830
0042608456483
0042608459972
0042743123752
0042743124728
0042743124735
0042743125527
0042743126678
0042743141077
0042743141084
0042743180038
0042743230214
0042743300818
0042774708003
0042774708010
0042800003867
0042800005977
0042800008800
0042800008817
0042800008831
0042800008862
0042800008886
0042800008978
0042800026927
0042800026934
0042800102492
0042800103017
0042800103345
0042800104939
0042800107664
0042800107688
0042800108968
0042800109040
0042800109248
0042800109392
0042800109491
0042800109545
0042800109569
0042800109576
0042800110886
0042800111005
0042800115003
0042800118387
0042800289773
0042800289827
0042800289834
0042800289841
0042800289858
0042800357977
0042800359810
0042800359827
0042800359834
0042800359841
0042800359858
0042800359865
0042800359872
0042800359889
0042800359896
0042800417527
0042800437983
0042800437990
0042800474919
0042800476456
0042800477163
0042800477248
0042800477255
0042800491794
0042800492098
0042800494795
0042800494856
0042800495761
0042800495778
0042800495884
0042800495891
0042800496317
0042800499363
0042800718211
0042800721686
0042800721723
0042808350932
0042897660240
0042997330333
0042997740330
0043000004890
0043000046234
0043000051061
0043000057896
0043000068458
0043000204375
0043119046811
0043119060626
0043143005259
0043182005401
0043192100134
0043192100141
0043192100325
0043192100349
0043192100370
0043192104019
0043192201015
0043192210024
0043192223017
0043192231012
0043192610404
0043192610503
0043192610909
0043192700129
0043192700136
0043192700150
0043192700167
0043192701423
0043192702628
0043192801109
0043192801147
0043192810019
0043200614073
0043301000171
0043301611117
0043427005218
0043427008143
0043646954122
0043695075120
0043695075205
0043695186918
0043695231533
0043695433265
0043695457384
0043695612547
0043695658408
0043695819892
0043757000077
0043832000923
0043832122397
0043832123592
0043832127453
0043832241258
0043832245249
0043832265667
0043832445014
0044000007522
0044000007737
0044000012700
0044000024901
0044000025298
0044000025427
0044000028473
0044000028596
0044000030735
0044000031015
0044000032715
0044000033903
0044000033941
0044000034122
0044000035518
0044000035815
0044000040109
0044000040499
0044000042608
0044000044671
0044000047368
0044000050108
0044000050450
0044000050467
0044000052492
0044000053093
0044000053109
0044000053871
0044000054205
0044000055417
0044000055448
0044000056667
0044000056674
0044000056919
0044000059576
0044000078386
0044000080105
0044000080594
0044000081430
0044000081751
0044000081836
0044000081867
0044000081911
0044000082147
0044000083779
0044000084790
0044000084813
0044000085063
0044000085087
0044000085148
0044000085193
0044000085452
0044000085599
0044000085643
0044000085698
0044000086046
0044000086145
0044000086923
0044000086992
0044082534220
0044082934211
0044100165146
0044100165313
0044100165368
0044100165542
0044100240942
0044100244247
0044100442803
0044100601583
0044100605772
0044100709296
0044100709319
0044100709326
0044115008148
0044115103416
0044115103447
0044200860088
0044261490446
0044261490743
0044261590474
0044261591877
0044261732577
0044261760778
0044261775079
0044276018765
0044276044801
0044276080199
0044300120839
0044325120845
0044325250108
0044355900257
0044400137102
0044400152501
0044400158404
0044400158503
0044500002270
0044500003185
0044500004052
0044500052855
0044500073287
0044500201659
0044500329803
0044500412154
0044500989243
0044700006733
0044700027738
0044700030394
0044700033425
0044700063453
0044700072806
0044700073537
0044700094433
0044700094938
0044700101568
0044700103425
0044700104163
0044700104705
0044700104712
0044738209519
0044785000046
0044785000053
0044800770664
0044935100008
0044935100015
0044962006106
0044962801527
0045027168326
0045084223020
0045084229473
0045243001476
0045251002120
0045251003127
0045255115130
0045255129588
0045255146189
0045449123415
0045674040006
0045674340076
0045674340175
0045674517218
0045674528429
0045674530385
0045674530477
0045674530484
0045674530651
0045674530675
0045674530712
0045674530729
0045674530736
0045674530859
0045735000185
0045735001717
0046000101477
0046000101613
0046000111155
0046000116358
0046000135359
0046000136370
0046000139920
0046000287317
0046015174381
0046015174497
0046015179645
0046100006948
0046100007037
0046100007181
0046100009741
0046100009758
0046100019023
0046100019122
0046100339404
0046100356845
0046100357620
0046100357644
0046100357903
0046100359129
0046100400944
0046100411056
0046100800829
0046100810132
0046158204273
0046158313937
0046212517943
0046247295427
0046457110121
0046457117168
0046457322609
0046567001111
0046567003252
0046567005409
0046567011967
0046567020785
0046567025680
0046567025690
0046567030654
0046567032122
0046567033112
0046567040394
0046567044699
0046567046136
0046567601267
0046675000105
0046675000204
0046675000303
0046675000761
0046675000785
0046675000822
0046675000839
0046675000846
0046675000884
0046675000945
0046675000969
0046675001133
0046675013150
0046675013242
0046675013266
0046675013303
0046675013365
0046675013556
0046675013709
0046675026990
0046675027850
0046675027867
0046675031116
0046675031154
0046675031239
0046675031246
0046675031253
0046675031413
0046675031420
0046675031727
0046704049600
0046704620656
0046704620755
0046828213154
0046872870242
0047039003251
0047300101181
0047300902016
0047300902320
0047325023123
0047325908505
0047325909120
0047416029706
0047416051820
0047416051967
0047416052964
0047469051723
0047495751000
0047500008921
0047500011686
0047500014090
0047500016353
0047500018531
0047500019576
0047500020749
0047500021043
0047646000353
0047677483101
0047677485259
0047677485310
0047677500143
0047717003009
0047800516409
0047834064099
0047861000053
0047861102436
0047861111261
0047900506386
0048000003805
0048000003959
0048000007971
0048000011930
0048000070876
0048000511911
0048000700841
0048001003972
0048001007185
0048001017658
0048001219854
0048001263178
0048001263185
0048001703070
0048001703209
0048014004157
0048107193928
0048107194314
0048107213824
0048107214036
0048107215545
0048107225759
0048107225780
0048107254926
0048107255503
0048121108045
0048121135416
0048121135461
0048121181017
0048121184032
0048121189044
0048121216566
0048121216757
0048121216764
0048121216948
0048121221003
0048121226022
0048121226220
0048121229023
0048121251000
0048121253288
0048121277062
0048121304065
0048121901028
0048121901066
0048121959395
0048121959401
0048121959456
0048121959470
0048121959487
0048121959500
0048121959517
0048176401306
0048176840426
0048176846022
0048313028069
0048499112293
0048500006726
0048500008638
0048500017760
0048500020135
0048500020357
0048500021545
0048500202296
0048500202784
0048500207758
0048500304143
0048500309223
0048564001521
0048564600038
0048696000560
0048696002014
0048800037147
0048800038205
0049000041217
0049000047127
0049000049947
0049000053746
0049000057997
0049000067927
0049000079654
0049000557695
0049000557756
0049000560916
0049000561142
0049000561371
0049000561661
0049000561692
0049000561883
0049022042384
0049022042391
0049022140813
0049022140899
0049022665569
0049022955592
0049200904862
0049387100118
0049387200207
0049508250647
0049508250777
0049508253037
0049521160152
0049521160183
0049521163818
0049578313228
0049600000171
0049600903557
0049646203475
0049705004890
0049705015544
0049705018026
0049705044179
0049705068212
0049705105351
0049705113066
0049705113127
0049705310182
0049705538357
0049705538418
0049705544907
0049705544945
0049705572252
0049705610824
0049705667132
0049721352944
0049733090476
0049800079656
0049800092297
0049800142299
0049800218017
0049800321250
0049800627680
0049900001625
0049900272681
0050000009237
0050000105311
0050000142910
0050000242702
0050000274444
0050000279296
0050000296583
0050000329199
0050000369386
0050000450435
0050000470525
0050000513604
0050000560240
0050000609307
0050000622511
0050000724512
0050000730506
0050000732715
0050000764082
0050046016008
0050088008016
0050093634125
0050200003288
0050255236006
0050400105201
0050400107205
0050400205093
0050400205444
0050400207370
0050400739543
0050400739819
0050400740174
0050400740235
0050400740532
0050400764040
0050428029336
0050428055687
0050428059791
0050428072714
0050428073834
0050428083697
0050428087749
0050428109687
0050428305690
0050428380109
0050428429969
0050428476284
0050428485958
0050428508336
0050428522349
0050428531785
0050428541494
0050428564394
0050428654767
0050500002288
0050696007098
0050700000671
0050700206080
0050700206103
0050702520450
0050702530022
0050754003086
0050754108026
0051000000040
0051000013675
0051000065018
0051000075024
0051000075468
0051000124746
0051000191144
0051000191151
0051000208262
0051000252838
0051000270122
0051000287342
0051000291141
0051000291929
0051000292339
0051000292421
0051179113169
0051328715251
0051497437992
0051500037997
0051500038017
0051500069684
0051500130285
0051500230930
0051500442005
0051500481172
0051500516508
0051500736890
0051500747544
0051500823606
0051500825709
0051511070068
0051511072345
0051511742194
0051721001067
0051721001081
0051721001098
0051721002286
0051721003658
0051721003665
0051721003672
0051721003702
0051721003719
0051721004013
0051721004020
0051721007137
0051756020064
0051756022068
0051787010355
0051787012106
0051900000515
0051900150050
0051900400261
0051900400735
0051900801129
0051900807428
0051907148555
0051933051270
0051933055346
0051933191259
0051933191457
0051933191556
0051933191754
0051933191853
0051933260900
0051933267909
0051933316959
0051933340527
0051933340534
0051933340541
0051933341920
0051933341937
0051933341944
0051933342880
0051933342897
0051933344136
0051933344563
0051933344570
0051933345867
0051933345874
0051933346239
0051933347328
0051933347335
0051933356368
0051933356405
0051933356757
0051933360945
0051933370623
0051933443754
0051933443952
0051933627307
0051933627802
0051933659971
0051933665866
0051934024167
0051943051758
0051943273419
0051943273464
0051943285245
0051943287010
0051943287027
0051943287768
0051943311333
0052000001679
0052000013276
0052000042276
0052000055542
0052000056020
0052000058222
0052000061963
0052000063400
0052000063981
0052000065862
0052000067347
0052000067750
0052000067774
0052000067835
0052000068047
0052000068146
0052000068160
0052000068214
0052000068245
0052000101102
0052000104073
0052000207880
0052000241211
0052000241235
0052000325553
0052066000036
0052066000050
0052066000432
0052066004010
0052092023245
0052100010878
0052100015576
0052100018997
0052100022963
0052100025759
0052100028248
0052100033679
0052100035062
0052100043234
0052100051383
0052100052762
0052100058559
0052100070674
0052100968421
0052159000424
0052159000509
0052159002039
0052159002121
0052159006051
0052159040024
0052159040055
0052159531027
0052159531034
0052159531072
0052159532000
0052159532017
0052159532635
0052159700102
0052159701055
0052159701086
0052159701093
0052159701215
0052159701277
0052159701284
0052159701291
0052159701321
0052159701703
0052159702083
0052159702113
0052159702496
0052159702502
0052159702526
0052159702533
0052159702892
0052159702915
0052159702946
0052159702960
0052159702977
0052159703042
0052159703059
0052159703479
0052159704759
0052159705473
0052159705497
0052200011324
0052200011362
0052200041314
0052287001164
0052287001201
0052287002161
0052287064848
0052287087199
0052287200277
0052294008965
0052391850610
0052417000104
0052417000197
0052417000241
0052417002146
0052439010655
0052500058036
0052500082987
0052500084172
0052500084981
0052500086510
0052500087128
0052545000014
0052548504908
0052548507503
0052548514358
0052548524036
0052548535674
0052548550363
0052548560737
0052548561505
0052548581299
0052548593858
0052548593995
0052548610388
0052548659271
0052548659288
0052548679668
0052548701147
0052594000454
0052603054683
0052603054690
0052603064347
0052603067126
0052603287067
0052603289948
0052745727919
0052851053551
0053000006787
0053000038788
0053000048855
0053000053408
0053000053644
0053000063827
0053000071624
0053351900574
0053540959765
0053600000079
0053600000086
0053600000345
0053600000437
0053600000529
0053600000581
0053600000611
0053600000628
0053600000697
0053600000727
0053600000925
0053600000932
0053600000949
0053600001700
0053600001779
0053600001786
0053600001793
0053600001809
0053600001816
0053600001823
0053600001854
0053600001892
0053600001908
0053600001922
0053600002202
0053600002219
0053600002400
0053600002455
0053600002462
0053600002479
0053600101318
0053600106528
0053600106535
0053600106559
0053600106566
0053600106603
0053600700696
0053600766616
0053637040062
0053691599940
0053800041919
0053800851006
0053900022269
0054100001603
0054100029034
0054100030009
0054100030504
0054100041098
0054156111011
0054319000060
0054347441507
0054400003253
0054467050382
0054467502591
0054500193335
0054627210038
0054627210083
0054627210267
0054800425778
0055104001002
0055270832271
0055270851753
0055270953594
0055270956427
0055270961292
0055358350024
0055415184685
0055653031710
0055653120605
0055653659051
0055653659358
0055653660606
0055685023059
0055742357967
0055742517491
0055742565065
0055742571189
0055823085758
0055991040658
0055991040665
0055991040801
0055991041600
0055991044007
0055991044021
0055991049811
0055991049859
0056090930000
0056409129798
0056409427344
0056412700014
0056595004718
0056653160004
0056719900001
0056725704549
0057000013059
0057042914978
0057174821047
0057391000027
0057483000409
0057483190032
0057483525636
0057483525643
0057836900127
0057836920965
0058354000917
0058449172000
0058449181002
0058449231875
0058449251095
0058449590668
0058449708018
0058449771692
0058449771708
0058449870128
0058500000648
0059119207893
0059608004651
0059635008608
0059635707501
0059635707754
0059635720326
0059638003044
0059638003211
0059642000503
0059642003443
0059642006352
0059642010083
0059642350028
0059642921570
0059642932491
0059644204176
0059654520013
0059724103887
0059749897877
0059749936309
0059749953719
0060249006768
0060383003975
0060383023157
0060383064280
0060383097592
0060383126063
0060383136024
0060383805357
0060410037539
0060410074176
0060569009630
0060788003599
0060930912248
0061162118415
0062020024015
0062110955496
0062229089174
0062240024796
0062240024840
0062639296452
0063100005917
0063100065485
0063100426804
0063100481957
0063209185800
0063350016251
0063400111400
0064042103389
0064042558080
0064100150492
0064144021277
0064144080304
0064144100804
0064170091633
0064170100878
0064359833344
0064388200032
0064563686897
0065633279575
0065776635474
0065822411823
0066560930140
0066701011912
0066857108047
0067275007813
0067312002085
0067312002269
0067312005000
0067312005048
0067312005888
0067446303997
0068100903843
0068100903867
0068110760788
0068116107488
0068116107808
0068116107815
0068116108386
0068116108393
0068200472003
0068274000522
0068297100025
0068437389105
0068544081371
0068721210177
0068721378846
0068826701150
0068826703547
0068826714944
0068826715842
0068867029066
0069459000566
0070038302100
0070038311461
0070038321026
0070038331421
0070038337805
0070038338901
0070038350842
0070038353140
0070038475552
0070038580737
0070038591160
0070038591481
0070038593768
0070038593829
0070038595489
0070038600596
0070038602934
0070038603009
0070038610335
0070038615842
0070038617587
0070038621874
0070038622383
0070038628484
0070038639558
0070038639985
0070038640028
0070038640035
0070038640042
0070038648758
0070038649588
0070038657163
0070038661238
0070038661429
0070038664529
0070038665748
0070038667520
0070038667568
0070038670148
0070055018121
0070074624815
0070074647999
0070074678467
0070074681740
0070074692708
0070077004560
0070077810710
0070077811281
0070100018144
0070100018601
0070100046031
0070100048394
0070100060099
0070104151113
0070114011377
0070114011384
0070129290545
0070129290774
0070133006995
0070152191819
0070152401031
0070152601042
0070153290443
0070162958709
0070162958716
0070162958761
0070162959782
0070163920255
0070163972407
0070163988699
0070200010482
0070200010642
0070200011304
0070200060258
0070200110014
0070200110069
0070200504226
0070200522022
0070200550377
0070200550384
0070200550391
0070200581029
0070200581098
0070200581111
0070200581173
0070200581180
0070200581197
0070200812109
0070200812994
0070200870475
0070210012698
0070210092775
0070210098647
0070210098654
0070221007188
0070221007201
0070221008369
0070221009731
0070221009946
0070221009960
0070222026553
0070222028465
0070222749995
0070227601809
0070234007458
0070247134110
0070253000607
0070253002601
0070253015229
0070253015847
0070253106309
0070253106422
0070253109065
0070253161124
0070253223709
0070253223785
0070253227141
0070253263941
0070253266676
0070253268755
0070253269905
0070253280061
0070253282416
0070253285271
0070253297106
0070253298066
0070253298219
0070253298226
0070253465130
0070253465178
0070253467974
0070253469763
0070253498015
0070253501180
0070253509940
0070253511103
0070253640131
0070253640186
0070253640216
0070253640339
0070253642128
0070253642142
0070253751004
0070253752056
0070253752094
0070253752117
0070253752124
0070253752131
0070253752162
0070253752179
0070253752186
0070253999437
0070255430030
0070272620701
0070277290985
0070277299247
0070281000112
0070283021399
0070287002257
0070287002264
0070287002981
0070287003780
0070287010542
0070287010559
0070287110792
0070287111270
0070287111652
0070287111669
0070287111676
0070287541176
0070287549905
0070287631662
0070287631860
0070303022009
0070303030011
0070303055168
0070309000278
0070320705275
0070322106469
0070322106476
0070328010791
0070353502025
0070399105334
0070404009046
0070411026111
0070411033485
0070411611553
0070411615438
0070422317406
0070430110068
0070430110075
0070459005536
0070459005550
0070459005598
0070459009237
0070459425808
0070459851232
0070462001334
0070462013139
0070462014938
0070462431407
0070462433098
0070470001272
0070470004389
0070470005966
0070470006413
0070470006512
0070470006543
0070470104119
0070470106144
0070470118550
0070470137681
0070470137766
0070470137773
0070470138497
0070470138763
0070470139425
0070470139449
0070470145297
0070470147161
0070470151113
0070470152233
0070470153643
0070470154022
0070470154756
0070470155531
0070470158297
0070470158624
0070470158648
0070470158655
0070470174921
0070470174938
0070470177250
0070470182261
0070470185118
0070470224091
0070470224114
0070470225128
0070470227320
0070470227474
0070470230061
0070470230313
0070470230719
0070470232263
0070470232546
0070470233345
0070470234168
0070470278193
0070470278315
0070470403953
0070470408545
0070470409634
0070470433332
0070470435794
0070470441092
0070470443379
0070470446141
0070470455785
0070470457260
0070470459158
0070470496481
0070470504841
0070470510521
0070470510538
0070470996196
0070474100209
0070480002283
0070480009022
0070490003065
0070491212831
0070491803954
0070494668987
0070506042163
0070506072412
0070516900064
0070540000006
0070540000051
0070545352001
0070552001732
0070552006072
0070552007000
0070552301207
0070552303119
0070552305052
0070552305267
0070552400269
0070552401006
0070552401044
0070552401099
0070552402393
0070552402416
0070552404144
0070552404151
0070552404168
0070552404175
0070552406094
0070552501133
0070552502536
0070552503052
0070552504219
0070552504271
0070552602021
0070552602083
0070552602281
0070552604483
0070552604506
0070552694316
0070552701007
0070552801240
0070552801288
0070552904163
0070556246641
0070560837453
0070560970709
0070560978361
0070560978712
0070575040497
0070575040817
0070600000274
0070617006184
0070617006399
0070617490211
0070640002481
0070640012374
0070640019298
0070640020119
0070640020133
0070640023004
0070640023493
0070640024537
0070640024650
0070640024698
0070640024995
0070640025237
0070640025756
0070640025787
0070640303045
0070640310708
0070640314461
0070650800367
0070650800770
0070655947302
0070662027011
0070662406038
0070670000822
0070670001317
0070670001331
0070670001348
0070670001461
0070670001478
0070670001485
0070670001492
0070670001737
0070670001751
0070670005100
0070670007289
0070670009825
0070670601081
0070670601098
0070678002361
0070678126012
0070678126036
0070678126050
0070678520575
0070678563640
0070678564104
0070678564128
0070678564135
0070678564142
0070678596013
0070678596037
0070690275941
0070702122034
0070718000982
0070723136904
0070733126940
0070733438067
0070733778965
0070734000027
0070734070372
0070734529689
0070734545979
0070734549892
0070740103477
0070784000022
0070784000039
0070784000114
0070784000121
0070784000602
0070784002057
0070784004938
0070784007861
0070784011028
0070784016320
0070784022628
0070784022741
0070784022765
0070784022819
0070784023045
0070784023083
0070784023120
0070784023144
0070784023229
0070784023281
0070784023304
0070784023328
0070784023434
0070784023588
0070784023618
0070784023625
0070784023670
0070784023922
0070784023960
0070784023977
0070784024967
0070784032108
0070784032122
0070784060101
0070784112626
0070784258508
0070784258560
0070784289304
0070784296036
0070784428680
0070784452890
0070784452906
0070784453323
0070784471983
0070796200984
0070796211140
0070796330544
0070796600234
0070796611414
0070796611421
0070796800016
0070800037209
0070800041701
0070800182138
0070800227952
0070800233755
0070800746842
0070800822683
0070800906192
0070801103026
0070821000565
0070821203041
0070821300122
0070821301099
0070821301105
0070821303338
0070821303369
0070821303376
0070821303420
0070821304014
0070821304045
0070821312330
0070821683331
0070821705880
0070842302006
0070844005028
0070844005301
0070844500608
0070844500615
0070844705560
0070847006145
0070847015260
0070847029045
0070847029120
0070847891963
0070847899617
0070847899778
0070847900207
0070847900269
0070847900856
0070852000169
0070852618005
0070852991412
0070852991429
0070852991450
0070852993478
0070852993492
0070870000110
0070870000349
0070870000400
0070870000417
0070870000615
0070870000677
0070870003012
0070870003715
0070870004057
0070870004453
0070870510954
0070875005134
0070893028450
0070896771124
0070919067227
0070920005201
0070926020376
0070934990807
0070934995505
0070934999046
0070949101458
0070952000083
0070953703167
0070953780007
0070970000096
0070970471858
0070970472923
0070970476846
0070970541773
0070970542374
0070970544330
0070970546365
0070970548475
0070970549717
0070970549960
0070970570513
0070970912191
0070980812115
0070980812139
0070980812146
0070980812153
0070980812160
0070980812177
0070980812184
0070980812191
0070981080643
0071007158414
0071007323508
0071010000403
0071010000465
0071010100042
0071010100356
0071010114582
0071010114711
0071010114919
0071010120262
0071010121061
0071010126189
0071010139608
0071010200056
0071010200117
0071010200162
0071010200179
0071010200186
0071010206263
0071010209011
0071010301524
0071010310687
0071010326190
0071010380048
0071010400159
0071010416648
0071010800157
0071012000647
0071012400195
0071022100542
0071022193070
0071022315533
0071025002645
0071025002690
0071025002720
0071025004434
0071025006223
0071025010039
0071025015294
0071025015775
0071025016086
0071025016154
0071025052633
0071025057201
0071025057218
0071025157949
0071025158403
0071025158441
0071025158540
0071025158595
0071025615555
0071025615562
0071025617122
0071043004010
0071043004041
0071043007851
0071043009336
0071043009343
0071043009350
0071043009817
0071043009886
0071052058059
0071068011260
0071072003077
0071072012109
0071072030547
0071072030561
0071072803233
0071072804919
0071078112438
0071078752481
0071096000229
0071096000243
0071100212464
0071100212471
0071100212488
0071100480498
0071104302086
0071109991155
0071117001129
0071117004816
0071117020175
0071117021233
0071117021257
0071117023411
0071117144833
0071117193169
0071117193220
0071140001615
0071140006146
0071146002524
0071146005334
0071146005884
0071146008359
0071146009066
0071146009479
0071146009974
0071146010802
0071146010819
0071146011380
0071146102316
0071159354528
0071169712004
0071169714039
0071174082086
0071202006008
0071202006206
0071202006220
0071202006237
0071202064268
0071202064299
0071202161189
0071202171201
0071203088140
0071214040083
0071214160057
0071214161573
0071214161580
0071214161603
0071214161757
0071214162136
0071230333008
0071240008651
0071240011866
0071240700012
0071258073658
0071279108087
0071279123004
0071279221038
0071279251059
0071279261126
0071279265018
0071279271002
0071279271033
0071279271224
0071279275048
0071279281001
0071279301013
0071279301082
0071279302270
0071279302379
0071279302447
0071279302461
0071279407357
0071279407371
0071279785059
0071300410264
0071301055358
0071301063766
0071301068525
0071302043316
0071302053155
0071302065264
0071305055248
0071305055262
0071305064516
0071305064523
0071305065032
0071305065049
0071314000475
0071314000888
0071314002240
0071314003186
0071314003315
0071314003322
0071314003513
0071314003520
0071314003537
0071314003711
0071314003803
0071314007146
0071314007207
0071314008570
0071314008662
0071314008754
0071314018753
0071314018821
0071314020152
0071314028721
0071314028783
0071314033374
0071314033787
0071314038737
0071314038768
0071314042703
0071314042710
0071314042727
0071314042734
0071314042758
0071314042765
0071314042772
0071314042789
0071314043052
0071314043410
0071314043427
0071314043434
0071314043489
0071314043588
0071314043786
0071314043854
0071314043915
0071314044257
0071314045292
0071314045391
0071314045421
0071314045438
0071314045452
0071314046152
0071314046176
0071314046183
0071314046190
0071314046206
0071314046527
0071314047128
0071314048866
0071314048873
0071314049795
0071314049818
0071314051248
0071314054201
0071314056151
0071314056168
0071314056175
0071314056182
0071314056199
0071314056205
0071314056212
0071314056229
0071314056236
0071314056243
0071314056885
0071314058315
0071314058360
0071314058384
0071314058827
0071314058964
0071314058971
0071314059008
0071314059015
0071314059114
0071314059121
0071314060059
0071314060134
0071314060141
0071314060189
0071314060752
0071314060769
0071314060776
0071314061346
0071314063692
0071314069205
0071314069366
0071314069441
0071314076012
0071314076050
0071314105149
0071315001211
0071315008777
0071315008852
0071315008913
0071315009606
0071315036053
0071315048797
0071315048803
0071315048810
0071315050509
0071315050516
0071315050523
0071315050530
0071315050547
0071315050554
0071315067323
0071315210873
0071315211351
0071315211788
0071319000050
0071319000159
0071319000272
0071319000289
0071319000296
0071319000425
0071319000456
0071319000500
0071319000531
0071319000685
0071319000920
0071319000975
0071319000982
0071319001378
0071319001392
0071319002436
0071319002450
0071330023175
0071330024172
0071330601458
0071330601687
0071330603414
0071330604886
0071421106152
0071421106862
0071429010789
0071429012677
0071430000168
0071430000298
0071430000915
0071430001059
0071430001943
0071430002285
0071430009642
0071430009659
0071430010730
0071430011355
0071430846162
0071443010048
0071443011007
0071464016401
0071464017767
0071464018498
0071464018818
0071464020576
0071464025403
0071464260606
0071475010566
0071475015011
0071476002010
0071476002027
0071476002034
0071476002041
0071476002058
0071476002089
0071476002133
0071476002195
0071476002201
0071476002218
0071476002638
0071479000020
0071479000129
0071479000501
0071494000203
0071494000210
0071494000234
0071505010856
0071505014366
0071505015295
0071512412131
0071518000059
0071518008093
0071524000272
0071524019960
0071524020249
0071524100521
0071524120000
0071524156139
0071524159208
0071524169856
0071524170210
0071537001808
0071537003765
0071537042511
0071537111514
0071567661195
0071567955843
0071567980074
0071567980098
0071567986960
0071567992084
0071567993746
0071570006280
0071570016418
0071570018511
0071570020019
0071580100183
0071580301894
0071580301917
0071593127818
0071600016029
0071600020897
0071600021139
0071600024512
0071600028411
0071615901570
0071628105064
0071628106061
0071628121040
0071628476997
0071628823210
0071656002533
0071673001069
0071673001120
0071673003353
0071673004459
0071673010955
0071673010986
0071673020800
0071673027502
0071673036252
0071673036351
0071698012439
0071700352225
0071700367328
0071700377327
0071700382321
0071700392320
0071700402326
0071700448829
0071700473326
0071700477829
0071700479823
0071700480829
0071700565953
0071715002122
0071720049723
0071720077696
0071720305010
0071728049381
0071730004149
0071757030138
0071757719798
0071779002168
0071779051326
0071801453029
0071817000385
0071818724501
0071818738003
0071828002279
0071840300124
0071840300148
0071851000303
0071866005249
0071866005317
0071873228983
0071873474922
0071879124913
0071899037262
0071899081357
0071921008277
0071921142087
0071921199548
0071921203740
0071921206161
0071921206703
0071921259488
0071921295516
0071921299880
0071921361525
0071921863753
0071921869380
0071921971854
0071923722713
0071923761811
0071923771933
0071955107014
0071955107199
0071962100701
0071962172449
0071962232419
0071962344808
0071990001049
0071998001911
0072030000282
0072030025209
0072030025735
0072030958392
0072030959924
0072030959979
0072030960395
0072030960517
0072030960555
0072036000064
0072036000071
0072036042149
0072036050274
0072036050625
0072036090300
0072036150370
0072036170125
0072036240163
0072036240231
0072036240255
0072036280329
0072036280558
0072036410252
0072036410757
0072036411877
0072036570369
0072036570390
0072036570406
0072036570413
0072036570420
0072036570437
0072036580603
0072036590305
0072036590350
0072036590435
0072036706973
0072036706980
0072036709509
0072036710277
0072036712097
0072036712424
0072036713568
0072036715418
0072036715432
0072036715449
0072036715456
0072036715463
0072036715470
0072036716439
0072036724793
0072036726360
0072036730282
0072036733733
0072036737854
0072036742797
0072036875075
0072036892331
0072036900203
0072036900227
0072036900258
0072036900265
0072036900272
0072036954602
0072036959720
0072036976581
0072036978509
0072036982148
0072036983848
0072036983855
0072036983893
0072036986856
0072036986870
0072036986887
0072036986894
0072058634247
0072060002829
0072060004496
0072060006704
0072060007091
0072080002601
0072084004700
0072092124247
0072092612126
0072106211826
0072108010021
0072108161044
0072108201320
0072108201344
0072180501240
0072180501431
0072180566324
0072180631930
0072180633422
0072180741547
0072180749093
0072196081378
0072196085505
0072201103255
0072201103354
0072201103385
0072201103484
0072201103613
0072201203948
0072201216078
0072201218003
0072202000010
0072202000027
0072202100017
0072202100024
0072202100031
0072220000771
0072220001181
0072220001686
0072220002225
0072220002300
0072220002614
0072220002812
0072220003017
0072220004298
0072220004465
0072220004502
0072220004557
0072220004595
0072220004656
0072220004663
0072220005110
0072220005202
0072220008265
0072220008296
0072220008333
0072220008364
0072220008449
0072220008456
0072220008463
0072220008838
0072220008920
0072220008951
0072220009774
0072220009996
0072220010091
0072220010107
0072220010244
0072220099898
0072220099911
0072220099959
0072220100044
0072220100174
0072220100693
0072220100785
0072220100808
0072220101218
0072220101430
0072220101447
0072220101454
0072220101669
0072220101768
0072220102093
0072220102109
0072220102178
0072220110425
0072220110432
0072220110456
0072220110463
0072220110470
0072220110487
0072220110579
0072220150377
0072220220582
0072220220629
0072220350050
0072220701272
0072220701296
0072220801460
0072220805710
0072220806496
0072220900170
0072220900248
0072220900255
0072220900309
0072220900712
0072220900736
0072220900934
0072220900996
0072220901184
0072248266609
0072248355075
0072248710249
0072250001625
0072250001632
0072250004336
0072250006927
0072250008112
0072250009027
0072250009263
0072250009782
0072250010108
0072250010153
0072250011112
0072250011129
0072250011136
0072250011174
0072250011198
0072250011259
0072250011303
0072250011310
0072250011341
0072250011402
0072250011440
0072250011457
0072250011488
0072250011655
0072250011693
0072250011846
0072250011952
0072250012171
0072250013154
0072250013161
0072250013178
0072250013185
0072250013208
0072250013215
0072250013222
0072250013239
0072250013253
0072250013260
0072250013277
0072250013284
0072250013291
0072250013307
0072250013314
0072250013376
0072250013673
0072250013772
0072250015271
0072250015707
0072250015745
0072250017619
0072250020602
0072250020787
0072250021463
0072250021470
0072250023658
0072250023733
0072250023740
0072250024136
0072250024280
0072250024488
0072250024570
0072250024730
0072250025324
0072250029100
0072250029513
0072250029629
0072250029742
0072250030878
0072250037174
0072250037310
0072250039390
0072250041133
0072250044356
0072250045490
0072250045506
0072250051767
0072250051774
0072250064903
0072250065016
0072250065207
0072250065306
0072250065405
0072250065702
0072250065801
0072250077040
0072250077095
0072250084208
0072250087117
0072250087124
0072250087131
0072250442213
0072250912310
0072250914765
0072250915014
0072273136052
0072273137172
0072273490925
0072275200102
0072290000640
0072290004525
0072290012520
0072320700526
0072320750033
0072322003946
0072322546054
0072322553151
0072322565000
0072343000511
0072368104614
0072368104720
0072368393810
0072368510071
0072368510675
0072368903620
0072392007233
0072392010424
0072392010479
0072392010776
0072392337958
0072392949755
0072400006999
0072400019104
0072400060472
0072400800016
0072400997693
0072412010182
0072427000390
0072427001434
0072431009037
0072431050091
0072431201523
0072431208478
0072431208485
0072457331112
0072457660113
0072463000224
0072463000613
0072470003829
0072470005779
0072470006035
0072486009297
0072488987111
0072488987357
0072488987555
0072554000119
0072554000140
0072554000218
0072554111464
0072554111563
0072554715310
0072554811296
0072554814570
0072587004016
0072600005945
0072600036697
0072600042353
0072600068599
0072600083653
0072600095045
0072609042217
0072609058638
0072609060648
0072609736710
0072610001012
0072610002019
0072610003078
0072610004112
0072655000964
0072655008946
0072655009783
0072655040106
0072655042346
0072655115569
0072655409279
0072659207086
0072659358696
0072659614617
0072659624081
0072700000697
0072700000901
0072700000918
0072700002080
0072700003124
0072700007139
0072700007771
0072700054591
0072700056083
0072700100779
0072700100809
0072700101004
0072700102001
0072700102742
0072700104524
0072700400046
0072714008993
0072714009723
0072714009747
0072730261266
0072730262034
0072730294462
0072730313101
0072730313163
0072730341890
0072730344259
0072730344891
0072730345027
0072730345065
0072730345072
0072730346024
0072730620520
0072736034000
0072736034420
0072745001758
0072745042249
0072745068614
0072745543265
0072745806483
0072745807046
0072745812460
0072745823893
0072745834578
0072745834929
0072745846472
0072759006558
0072759008392
0072789310205
0072799037222
0072799038243
0072799933500
0072799937676
0072810340935
0072820017025
0072820017063
0072820171208
0072830005531
0072830023054
0072830033084
0072830033169
0072830081436
0072830103152
0072830400008
0072830400060
0072830400077
0072830400114
0072830400183
0072830400237
0072830400244
0072830403115
0072830403177
0072830403283
0072830410076
0072830420075
0072830430074
0072830440028
0072830440066
0072830440073
0072830440097
0072830441315
0072830441322
0072830441346
0072830441353
0072830441377
0072830443050
0072830443067
0072830443074
0072830443081
0072830444163
0072830901567
0072869530103
0072869723024
0072869752819
0072878148610
0072878265782
0072878290784
0072878368957
0072878495332
0072878505246
0072878621441
0072904007027
0072934692484
0072940113157
0072940113225
0072945350496
0072945350557
0072945601499
0072945611351
0072945612211
0072945612297
0072945612310
0072945612389
0072945690059
0072945733657
0072945761469
0072945763012
0072945766105
0072945766129
0072945766167
0072992042009
0072992053227
0072999444035
0072999803535
0073007107140
0073007108246
0073007108260
0073007186480
0073007289396
0073007864753
0073040116758
0073042450447
0073105920573
0073105920580
0073124003219
0073124008924
0073124008979
0073124098932
0073130006334
0073130025526
0073130026110
0073130352004
0073130352165
0073130733209
0073130960841
0073132025760
0073132025777
0073132031006
0073132031044
0073132031068
0073132031082
0073132031150
0073132031273
0073132739254
0073132959010
0073138200505
0073140048621
0073140048638
0073141155106
0073170223432
0073170470003
0073170555502
0073170650122
0073170776228
0073170800374
0073176115151
0073202509114
0073202510219
0073202894531
0073202894630
0073209020292
0073210011791
0073214001262
0073214004614
0073214004621
0073214007394
0073214009435
0073230000508
0073230000744
0073230001567
0073296026634
0073296038866
0073296100310
0073296101638
0073296117608
0073296117615
0073296117622
0073296117639
0073296117646
0073296117653
0073296275049
0073296275056
0073296275063
0073296276053
0073296276060
0073299120032
0073321034580
0073366207123
0073390008048
0073390009144
0073390010553
0073390010829
0073390013332
0073390055547
0073402102207
0073402108001
0073402108100
0073402108605
0073402112459
0073402112503
0073402112800
0073402113005
0073402113104
0073402113203
0073402113302
0073402115009
0073402115207
0073402115436
0073402115702
0073402115801
0073402117003
0073402117102
0073402117201
0073402220406
0073402222004
0073402229003
0073402229409
0073402232003
0073402237404
0073402237503
0073402239002
0073402471006
0073402471068
0073402475127
0073402780009
0073405101757
0073405102914
0073410003558
0073410003817
0073410003855
0073410005002
0073410012918
0073410013090
0073410013519
0073410013540
0073410013656
0073410013748
0073410021507
0073410025246
0073410025543
0073410025659
0073410025703
0073410025758
0073410025765
0073410025772
0073410025901
0073410026205
0073410026212
0073410026540
0073410028025
0073410028032
0073410028049
0073410032107
0073410081754
0073410113547
0073410115312
0073410115374
0073410115473
0073410115480
0073410134184
0073410134405
0073410135051
0073410135068
0073410135433
0073410135464
0073410135587
0073410135792
0073410135815
0073410138311
0073410138359
0073410138397
0073410139592
0073410139806
0073410161425
0073410161456
0073410163016
0073410163320
0073410163412
0073410955826
0073410955833
0073410955864
0073410955888
0073410955925
0073410955963
0073410956021
0073410956106
0073410956243
0073410956304
0073410956328
0073410956779
0073410957189
0073410958094
0073410958926
0073410959275
0073416020337
0073416135307
0073416135345
0073416504707
0073416553002
0073416555600
0073416579309
0073420201005
0073420778149
0073435000068
0073435000112
0073435000372
0073435001287
0073435002253
0073435003021
0073435070184
0073435070191
0073435093305
0073461000162
0073472001134
0073472001141
0073472001639
0073472001707
0073472001738
0073472001745
0073472001769
0073472001776
0073472001929
0073472001936
0073472002629
0073474010042
0073490125126
0073490132117
0073490132131
0073490158025
0073497006039
0073497600312
0073504900015
0073510800026
0073510800033
0073562004007
0073575221026
0073608035569
0073630012347
0073630014266
0073668543370
0073701371595
0073711045455
0073711045486
0073711112256
0073711121807
0073711121852
0073711128011
0073711139949
0073711170607
0073711176005
0073711234576
0073711310256
0073711316104
0073711316128
0073711332777
0073711385124
0073711387968
0073711387975
0073711388989
0073711388996
0073711415517
0073711415524
0073711415548
0073711415555
0073711415579
0073711425530
0073711510359
0073711510953
0073711526398
0073711530418
0073711800214
0073711800238
0073731002971
0073731071359
0073731071489
0073731091043
0073731091050
0073731140024
0073731150030
0073744010581
0073800010777
0073866561053
0073890087123
0073899552509
0073945000022
0073945000077
0073994010102
0074016015266
0074027001258
0074027077390
0074030005779
0074030069351
0074030608642
0074030622686
0074030653109
0074117000703
0074117882019
0074175000707
0074175000790
0074175000905
0074175000929
0074175000950
0074175001346
0074175002534
0074175002879
0074175002930
0074175003708
0074175006921
0074175007713
0074175009199
0074175009212
0074175009229
0074175009397
0074175017330
0074175020071
0074175040017
0074175088002
0074175440121
0074175445454
0074175446222
0074175446550
0074175464202
0074175464301
0074175464356
0074175464516
0074175465032
0074175484002
0074175502003
0074175505769
0074175611637
0074175681814
0074175723101
0074203100614
0074203104612
0074203675037
0074203675044
0074203675075
0074203828020
0074234924012
0074234925132
0074234951124
0074234981121
0074234981138
0074234981152
0074234991120
0074265010920
0074265023012
0074305001000
0074305047022
0074312785740
0074323002256
0074323002270
0074323002287
0074323002348
0074323017960
0074323029062
0074323054477
0074323080735
0074323080742
0074323086607
0074323091571
0074323092165
0074323092318
0074323095135
0074323095159
0074323095357
0074323099751
0074323732290
0074326003793
0074333684282
0074338024038
0074410011499
0074410352417
0074410352592
0074410396497
0074410580339
0074410651060
0074410741822
0074410787295
0074410821067
0074426001040
0074426020065
0074483710503
0074524625049
0074570155668
0074570173198
0074570267026
0074570306053
0074570655625
0074570814916
0074570844050
0074570857173
0074570948246
0074574870765
0074584062105
0074584279992
0074601005085
0074609072775
0074641009494
0074653640302
0074680000834
0074680000841
0074680000865
0074680001145
0074680008816
0074680087019
0074682000375
0074682105377
0074682107272
0074690015200
0074690071978
0074690201320
0074706000428
0074706000619
0074706040240
0074706065014
0074706065038
0074706065175
0074706065335
0074706065601
0074706065618
0074706069432
0074706095011
0074706095608
0074714084083
0074714084212
0074714084229
0074714085905
0074714085912
0074714086636
0074714088241
0074734156449
0074780000055
0074780377522
0074780446815
0074780643184
0074780763226
0074780777346
0074806000601
0074807057086
0074865286725
0074865340151
0074873163254
0074873253214
0074880020014
0074880040227
0074880068733
0074882010600
0074892706659
0074952120147
0074956250550
0074958003376
0075002208327
0075002700005
0075013160164
0075013203069
0075077275705
0075090880719
0075094002315
0075119130023
0075119130054
0075119140213
0075119140244
0075119140268
0075119140282
0075119140619
0075119145805
0075119145874
0075119145898
0075119442508
0075128000164
0075131027660
0075135010163
0075172079420
0075185000022
0075185005034
0075185005249
0075192001173
0075192006819
0075196001032
0075196001094
0075199001336
0075199001411
0075199010451
0075199010635
0075199010642
0075199010659
0075199011304
0075199011991
0075199017023
0075199018075
0075199018082
0075199019409
0075199020177
0075199028302
0075199028326
0075199062405
0075199062412
0075199062429
0075199062443
0075200007258
0075209826089
0075243108745
0075243204126
0075270001668
0075270467488
0075278006061
0075278150030
0075278951460
0075295001124
0075295001131
0075295001155
0075342002227
0075361014003
0075365012166
0075365061867
0075365063007
0075365063021
0075365063038
0075365817716
0075370000103
0075370001261
0075370001384
0075370005023
0075370005290
0075370005467
0075370005993
0075370006617
0075370008826
0075370150020
0075383772554
0075391022023
0075391071588
0075450000399
0075450010350
0075450010367
0075450010374
0075450012804
0075450017533
0075450018448
0075450018653
0075450023695
0075450027195
0075450034790
0075450035391
0075450035605
0075450039474
0075450039504
0075450044096
0075450046304
0075450059649
0075450060942
0075450062403
0075450062526
0075450067828
0075450071788
0075450075649
0075450076387
0075450076790
0075450083760
0075450083770
0075450084320
0075450085200
0075450086065
0075450086119
0075450086317
0075450088090
0075450089332
0075450089387
0075450091502
0075450091892
0075450091908
0075450093704
0075450093773
0075450094435
0075450094848
0075450095869
0075450097368
0075450098068
0075450098105
0075450098112
0075450098129
0075450098167
0075450098358
0075450098594
0075450101379
0075450101386
0075450122435
0075450122763
0075450122916
0075450123494
0075450126068
0075450126075
0075450126167
0075450127041
0075450129175
0075450132793
0075450133882
0075450134063
0075450134070
0075450134094
0075450134117
0075450134124
0075450134131
0075450134148
0075450134179
0075450134186
0075450134193
0075450134209
0075450137132
0075450137576
0075450137583
0075450137637
0075450137651
0075450146011
0075450152890
0075450169416
0075450172058
0075450172065
0075450172072
0075450172126
0075450172966
0075450172997
0075450173000
0075450200782
0075450200872
0075450227567
0075450228526
0075450228533
0075450229295
0075450229301
0075450229318
0075450235180
0075450239164
0075450253382
0075450282399
0075450525014
0075450557879
0075450806113
0075450814668
0075450816334
0075450819854
0075450840698
0075450846188
0075450901780
0075457572028
0075501232304
0075505615851
0075551111208
0075551111215
0075551111222
0075551111246
0075551333488
0075551411032
0075551412503
0075558693530
0075626713252
0075669100071
0075669100088
0075669101986
0075669102280
0075669102990
0075669105625
0075669106226
0075669106936
0075669107230
0075669108312
0075669109319
0075669109616
0075669110117
0075669110599
0075669112418
0075669113606
0075669115051
0075669115082
0075669115471
0075669115549
0075669115648
0075669116577
0075669121007
0075669121014
0075669121076
0075669176359
0075669176656
0075669197002
0075706146536
0075706151127
0075706191055
0075706304837
0075706305841
0075756051507
0075810001080
0075856000849
0075856001051
0075880512035
0075900002256
0075900015393
0075900310016
0075901382050
0075925100043
0075925285009
0075925301051
0075925301099
0075925301143
0075925301723
0075925304182
0075925305608
0075925306285
0075925401225
0075925401263
0075925401348
0075925401362
0075925500010
0075925500164
0075925604763
0076020005042
0076033351730
0076033352065
0076050170284
0076050840217
0076057001390
0076057001505
0076057002069
0076057002250
0076057002366
0076057002434
0076057003059
0076057003165
0076057003400
0076057003479
0076057003493
0076057004056
0076057004063
0076057004285
0076057004391
0076057004421
0076057005923
0076057005947
0076057005961
0076057006104
0076057007101
0076057007118
0076057016370
0076057021596
0076064002045
0076067006859
0076114304419
0076122301035
0076132130120
0076150007121
0076150011302
0076150200102
0076150232110
0076150232219
0076183163733
0076185000036
0076185000043
0076185000067
0076185000098
0076185000203
0076185000227
0076185000418
0076185000456
0076185001019
0076185001064
0076185001071
0076185001101
0076185001156
0076185001255
0076185001507
0076295011403
0076301001817
0076301753587
0076310080100
0076310440188
0076310440560
0076310444063
0076314608638
0076320000167
0076323007088
0076338428151
0076397001074
0076397003283
0076397010106
0076397030050
0076397030074
0076397035659
0076397035703
0076397035758
0076397043081
0076397105604
0076397202075
0076397202181
0076410094250
0076410906171
0076446409899
0076489170657
0076489170664
0076489170718
0076489170725
0076489170787
0076489929460
0076580004882
0076592109988
0076592188136
0076592333086
0076592805033
0076598131884
0076677541047
0076740070061
0076740070412
0076740113881
0076793006499
0076793300139
0076793300405
0076793401003
0076800006634
0076800006641
0076800006665
0076800006689
0076800006696
0076800006894
0076800006986
0076800006993
0076808006421
0076808006742
0076808007343
0076808009644
0076808012484
0076808012729
0076808012835
0076811044625
0076840001026
0076840003938
0076840004522
0076840100569
0076840101344
0076840220243
0076840220250
0076840224012
0076840280544
0076840280551
0076845250160
0076862111116
0076879015728
0076924569251
0076924569299
0076983400311
0076991001012
0077013011309
0077013011316
0077013011729
0077013616061
0077013616108
0077034012354
0077034013337
0077034018028
0077034084474
0077034086249
0077034086287
0077034089219
0077079000712
0077079004024
0077083407255
0077093000101
0077093001009
0077172667706
0077186740051
0077260003409
0077260044020
0077260082343
0077260093103
0077260105493
0077260117380
0077260119643
0077290918209
0077290922138
0077385123457
0077385123464
0077391710047
0077400124636
0077400124735
0077400128634
0077400431222
0077449506059
0077507000598
0077507000826
0077507001618
0077507005036
0077507182546
0077521321051
0077544489400
0077567004505
0077589400361
0077633043384
0077633044367
0077633045654
0077633045708
0077633330019
0077633750145
0077633750152
0077633750169
0077633750183
0077633750251
0077633750268
0077633750282
0077633750343
0077633750398
0077633750404
0077633750466
0077633750725
0077633751036
0077633751043
0077644901123
0077661008133
0077661143254
0077718999285
0077741223500
0077741508331
0077745254791
0077745271682
0077745274805
0077745276793
0077745276991
0077745277035
0077745291871
0077745294667
0077745296517
0077745298665
0077765276025
0077782000832
0077782000887
0077782003260
0077782003963
0077782004885
0077782007930
0077782021615
0077782023961
0077782029888
0077782685053
0077827005518
0077832031762
0077865001855
0077865002012
0077865010031
0077865010222
0077890002223
0077890023044
0077890082768
0077890106440
0077890166802
0077890166925
0077890174043
0077890180044
0077890241158
0077890246764
0077890246795
0077890255988
0077890262184
0077890271391
0077890272404
0077890280379
0077890291931
0077890292044
0077890313220
0077890316276
0077890319581
0077890327487
0077890328996
0077890329030
0077890329122
0077890333556
0077890335482
0077890336144
0077890337493
0077890338292
0077890338674
0077890338766
0077890341087
0077890342213
0077890343074
0077890343111
0077890346426
0077890349892
0077890352106
0077890352120
0077890352137
0077890352403
0077890352434
0077890353974
0077890354650
0077890354674
0077890354681
0077890354704
0077890354735
0077890354742
0077890354766
0077890354988
0077890356814
0077890360224
0077890362686
0077890362716
0077890364963
0077890366752
0077890367735
0077890368176
0077890368848
0077890369029
0077890369630
0077890370629
0077890370810
0077890370902
0077890371213
0077890371220
0077890371237
0077890373187
0077890373217
0077890373651
0077890373712
0077890380642
0077890381601
0077890383063
0077890383070
0077890387405
0077890387849
0077890389577
0077890390511
0077890390917
0077890391150
0077890392683
0077890393956
0077890394007
0077890395738
0077890395769
0077890395806
0077890395905
0077890396056
0077890396278
0077890396384
0077890397008
0077890397275
0077890400654
0077890400708
0077890403952
0077890403969
0077890404003
0077890404553
0077890404560
0077890404614
0077890405161
0077890405185
0077890406830
0077890406854
0077890408254
0077890410370
0077890411193
0077890412053
0077890414095
0077890416075
0077890416679
0077890421352
0077890425398
0077890425671
0077890425718
0077890427040
0077890434109
0077890434420
0077890434611
0077890437469
0077890443101
0077890445563
0077890445570
0077890445921
0077890450079
0077890451595
0077890451786
0077890452028
0077890463741
0077890463925
0077890464120
0077890466223
0077890466827
0077890467251
0077890467343
0077890472323
0077890476215
0077890476352
0077890478752
0077890482810
0077890483138
0077890483244
0077890484807
0077890489314
0077890490136
0077890491935
0077890493137
0077890499320
0077890500088
0077890502297
0077890511213
0077890511640
0077890512210
0077890517864
0077890518878
0077890519769
0077890521854
0077890522585
0077890523599
0077890527955
0077890531105
0077890533888
0077890536704
0077890537619
0077890539200
0077890541906
0077890543337
0077890549261
0077890549438
0077890554623
0077890561782
0077890563601
0077890564523
0077890567272
0077890571194
0077890574539
0077890574713
0077890580127
0077890582794
0077890587409
0077890587614
0077890587775
0077890588659
0077890589144
0077890589717
0077890589762
0077890589786
0077890590058
0077890594605
0077890594629
0077890597149
0077890597156
0077890597163
0077890599037
0077890604762
0077890608340
0077890615522
0077890617700
0077890620168
0077890669068
0077890778067
0077890821305
0077890946978
0077900000188
0077900001345
0077900002137
0077900002151
0077900002717
0077900003097
0077900003103
0077900003127
0077900003295
0077900003349
0077900003417
0077900003431
0077900003462
0077900003493
0077900003509
0077900003516
0077900117534
0077900195464
0077900310966
0077900310980
0077900471292
0077900471407
0077900471711
0077900536151
0077901001122
0077901004901
0077901087010
0077901320742
0077916222543
0077948009020
0077958562911
0077958694414
0077975088227
0077975093450
0077975095171
0077975095645
0077975096949
0077975099896
0078000002041
0078000004083
0078000013283
0078000013719
0078000035421
0078000035582
0078000038750
0078000082746
0078000098167
0078000116465
0078000395068
0078000680164
0078255001523
0078255002995
0078271640430
0078271640577
0078296009205
0078296009243
0078296009267
0078296012007
0078296105396
0078296106003
0078296106058
0078296116798
0078296158408
0078296158507
0078296164003
0078296568566
0078314250008
0078354311134
0078354313770
0078354323236
0078354632093
0078354703939
0078354715314
0078354719442
0078354719459
0078355500506
0078355510505
0078355530008
0078355540007
0078355540106
0078355541004
0078355541059
0078355542001
0078355570042
0078355570080
0078355570127
0078355570172
0078355570325
0078355570363
0078355570387
0078355580010
0078355600398
0078355700005
0078355700012
0078355700029
0078355700036
0078355900023
0078355900054
0078355900061
0078355900085
0078355900108
0078355900115
0078355900122
0078355900139
0078355900146
0078385125052
0078414000114
0078414404493
0078469212548
0078642101768
0078642400014
0078642400021
0078700002006
0078700009142
0078700013552
0078700014412
0078700014917
0078700016263
0078700017994
0078700275042
0078700800121
0078700801579
0078700801661
0078700801692
0078700801777
0078700801784
0078700802668
0078700802675
0078700802729
0078700802736
0078700802910
0078700804419
0078705113004
0078705151006
0078705151013
0078716120046
0078742000169
0078742000459
0078742006765
0078742007083
0078742007960
0078742007984
0078742007991
0078742009766
0078742009780
0078742010359
0078742011318
0078742013817
0078742014432
0078742015125
0078742016764
0078742018362
0078742020549
0078742020990
0078742021027
0078742021263
0078742021522
0078742022147
0078742025490
0078742026282
0078742026664
0078742029726
0078742029825
0078742032467
0078742033013
0078742033020
0078742034669
0078742035925
0078742036380
0078742036687
0078742036694
0078742036700
0078742036717
0078742046112
0078742047430
0078742047447
0078742047461
0078742050065
0078742050089
0078742050096
0078742050409
0078742050423
0078742050430
0078742051130
0078742051536
0078742051543
0078742051567
0078742051574
0078742051611
0078742052069
0078742052649
0078742052656
0078742052663
0078742052700
0078742052717
0078742052724
0078742054261
0078742055473
0078742055664
0078742055671
0078742056579
0078742056623
0078742059235
0078742062747
0078742064567
0078742064574
0078742064581
0078742064666
0078742064673
0078742064918
0078742065410
0078742066578
0078742067483
0078742067612
0078742067889
0078742067971
0078742067995
0078742068022
0078742068039
0078742072647
0078742072722
0078742072869
0078742073873
0078742074481
0078742076195
0078742076218
0078742080673
0078742080703
0078742081755
0078742081762
0078742081779
0078742082554
0078742083193
0078742085852
0078742088587
0078742096421
0078742097008
0078742099422
0078742099866
0078742100197
0078742100210
0078742100227
0078742100302
0078742105123
0078742108964
0078742111605
0078742113579
0078742113739
0078742120614
0078742121710
0078742121918
0078742122083
0078742122298
0078742122519
0078742123158
0078742124414
0078742125152
0078742126050
0078742126982
0078742127316
0078742132303
0078742132501
0078742132877
0078742132884
0078742133140
0078742133799
0078742134567
0078742135823
0078742143354
0078742143408
0078742144160
0078742144177
0078742144221
0078742147055
0078742148014
0078742148687
0078742150512
0078742152370
0078742158020
0078742158051
0078742159997
0078742163550
0078742169026
0078742169958
0078742179278
0078742181479
0078742189451
0078742194790
0078742194813
0078742196183
0078742218908
0078742220741
0078742222769
0078742229140
0078742229294
0078742229591
0078742231228
0078742231259
0078742232478
0078742235974
0078742236063
0078742236520
0078742236568
0078742236612
0078742237435
0078742240503
0078742241234
0078742241685
0078742245720
0078742246000
0078742248295
0078742248578
0078742248714
0078742248837
0078742252032
0078742254852
0078742269641
0078742277301
0078742280325
0078742285337
0078742285344
0078742285351
0078742285429
0078742285481
0078742285511
0078742294858
0078742295077
0078742316161
0078742323039
0078742330464
0078742330686
0078742330723
0078742330969
0078742333090
0078742349121
0078742354804
0078742358697
0078742358734
0078742358864
0078742359304
0078742359724
0078742362557
0078742364070
0078742366715
0078742370019
0078742371115
0078742371269
0078742371351
0078742371481
0078742372402
0078742372976
0078742373799
0078742374529
0078742429809
0078742431017
0078742433721
0078742456126
0078742986517
0078749026322
0078800113626
0078800113640
0078800113657
0078800113671
0078800115309
0078800115316
0078800115323
0078800116863
0078821100346
0078821100353
0078821100643
0078821100896
0078821101008
0078821101114
0078821101121
0078821101749
0078821101923
0078821101930
0078821103002
0078821200350
0078821200480
0078821200671
0078821200862
0078821200879
0078821201500
0078821201869
0078821202460
0078821290009
0078821290016
0078821290023
0078858520476
0078858521008
0078872802169
0078883111106
0078883111212
0078895120509
0078895121612
0078895121896
0078895122046
0078895148893
0078895152036
0078895741018
0078907450358
0078907450365
0078976133305
0078976142987
0078976143793
0078976622274
0078985600522
0079161919391
0079200039516
0079200073763
0079200079895
0079200080433
0079200083342
0079200085407
0079200149369
0079200168490
0079200173067
0079200183172
0079200296506
0079200370183
0079200426736
0079200615574
0079200931599
0079228453042
0079296901018
0079296901025
0079296901032
0079341007115
0079341007184
0079341013864
0079341020831
0079341060080
0079344003602
0079357368270
0079426241007
0079462009722
0079492041754
0079519111033
0079531827660
0079581184089
0079581187097
0079581995104
0079581995210
0079581995241
0079606010409
0079621005404
0079621005411
0079694007022
0079694007039
0079694225051
0079694302400
0079706022050
0079729101046
0079729101053
0079783488053
0079792060028
0079792062015
0079792062022
0079792062039
0079800011318
0079800049724
0079821000421
0079879308036
0079879308043
0079879308470
0079893003658
0079893003665
0079893003672
0079893003689
0079893003696
0079893003924
0079893050904
0079893050911
0079893050935
0079893093185
0079893093192
0079893093208
0079893093222
0079893093239
0079893110578
0079893111582
0079893112268
0079893112275
0079893114293
0079893114309
0079893114330
0079893114361
0079893114378
0079893114385
0079893114392
0079893114750
0079893114811
0079893116112
0079893116150
0079893116501
0079893117003
0079893117010
0079893117034
0079893121529
0079893122977
0079893160580
0079893162577
0079893164175
0079893164762
0079893166360
0079893166445
0079893166773
0079893183565
0079893183572
0079893311173
0079893356242
0079893390413
0079893401706
0079893402444
0079893402451
0079893402468
0079893402482
0079893402604
0079893402819
0079893402987
0079893406244
0079893406251
0079893407654
0079893407982
0079893409108
0079893411552
0079893411569
0079893412894
0079893413198
0079893414218
0079893513164
0079893601410
0079893710242
0079893710259
0079893710570
0079893710587
0079893800318
0079900005576
0079911026058
0080000495426
0080000519184
0080000519207
0080000522467
0080062007216
0080093100108
0080423460001
0080444513045
0080475004000
0080475004055
0080686008088
0080868002637
0080868002644
0080868008028
0081014091079
0081073006380
0081308015576
0081312100022
0081312200623
0081312200630
0081312200647
0081312200654
0081312300002
0081312300019
0081312300026
0081312300033
0081312300057
0081312300224
0081312306325
0081312306356
0081312429925
0081363007509
0081363882106
0081455802139
0081511049825
0081643501048
0081652041498
0081652086970
0081652199014
0081652205876
0081652290964
0081851832095
0081851832101
0081864000825
0081864160345
0081864160550
0081900000093
0081953971098
0082086750048
0082202002753
0082242017985
0082318210173
0082391000029
0082592234155
0082666000136
0082666450030
0082718182049
0082718930046
0082718930077
0082876003040
0082876009103
0082988010028
0082988040087
0083046155385
0083057130067
0083057130074
0083057133204
0083057133211
0083057150355
0083057160354
0083057163027
0083057200005
0083057321007
0083322014603
0083322014610
0083322015310
0083322015327
0083322015334
0083322015341
0083322015358
0083322015365
0083322015372
0083322015457
0083322015464
0083322015471
0083322015488
0083322015495
0083322015808
0083322015822
0083322019110
0083322019127
0083322019134
0083322026842
0083322026859
0083322092199
0083322092205
0083322092229
0083322092465
0083322100863
0083322100870
0083322100887
0083322100894
0083322100900
0083322100917
0083322100924
0083322100931
0083322101730
0083322103314
0083656020257
0083703701498
0083724600305
0083737143653
0083737157285
0083737201049
0083791272931
0083832048617
0083832048815
0083832048914
0083832049010
0083832049218
0083832051013
0083832052010
0083832052911
0083832053611
0084114112484
0084114126566
0084213011626
0084253225465
0084253269612
0084253269629
0084253269636
0084253269643
0084253269650
0084253269704
0084253269711
0084253269728
0084253294485
0084253970013
0084253970020
0084253970037
0084253970044
0084253970051
0084368007802
0084368007819
0084380958540
0084587019013
0084617011017
0084617140366
0084617140397
0084617281335
0084643200102
0084800001085
0084800001108
0084872201604
0084909002013
0085000037416
0085002292912
0085164000271
0085239000717
0085239004333
0085239004449
0085239004661
0085239004913
0085239006016
0085239008225
0085239010556
0085239010792
0085239011287
0085239013779
0085239015407
0085239015520
0085239015537
0085239016756
0085239017395
0085239017401
0085239018101
0085239018132
0085239019023
0085239020029
0085239020036
0085239020951
0085239021996
0085239023556
0085239023990
0085239025116
0085239029411
0085239029466
0085239029961
0085239030028
0085239030585
0085239030929
0085239030950
0085239031070
0085239031438
0085239032206
0085239032305
0085239032428
0085239033371
0085239033500
0085239034095
0085239035849
0085239036624
0085239037027
0085239038079
0085239038512
0085239038536
0085239038642
0085239038659
0085239038710
0085239038741
0085239038758
0085239038871
0085239038925
0085239038956
0085239040225
0085239041222
0085239041581
0085239041598
0085239041697
0085239041758
0085239044865
0085239045039
0085239045053
0085239045152
0085239045237
0085239046555
0085239047736
0085239047873
0085239047996
0085239048764
0085239048832
0085239048863
0085239049297
0085239049631
0085239051696
0085239052990
0085239053027
0085239053201
0085239057186
0085239066218
0085239073490
0085239073575
0085239076187
0085239080009
0085239083215
0085239093122
0085239096109
0085239099728
0085239099896
0085239099964
0085239100110
0085239100134
0085239100141
0085239101964
0085239104743
0085239105122
0085239110294
0085239120026
0085239120088
0085239120835
0085239121283
0085239121573
0085239125403
0085239127407
0085239127414
0085239129210
0085239130032
0085239130049
0085239130612
0085239131220
0085239133118
0085239136515
0085239142011
0085239156193
0085239156216
0085239162910
0085239162941
0085239164440
0085239165591
0085239167250
0085239173954
0085239189412
0085239189443
0085239189559
0085239200018
0085239202005
0085239209561
0085239211342
0085239233108
0085239284124
0085239284155
0085239284261
0085239284377
0085239284681
0085239284728
0085239291320
0085239300114
0085239317648
0085239358481
0085239359914
0085239372852
0085239410028
0085239410066
0085239410509
0085239410813
0085239411391
0085239430132
0085239430309
0085239430965
0085239431030
0085239432402
0085239455104
0085239511398
0085239546031
0085239548097
0085239555101
0085239630617
0085239630624
0085239630631
0085239630648
0085239630655
0085239633014
0085239633021
0085239633038
0085239701331
0085239718308
0085239718315
0085239718339
0085239718346
0085239718360
0085239804902
0085239804919
0085239906316
0085239915677
0085239921746
0085239921753
0085239922491
0085239922590
0085239923931
0085239931219
0085239931349
0085239932360
0085239936894
0085239941218
0085239941225
0085239941232
0085239943489
0085239948729
0085239981771
0085239981795
0085239982624
0085239991411
0085239992500
0085239993101
0085239994993
0085239998168
0085239999714
0085264311000
0085264341007
0085696010168
0085696010991
0085762002400
0085762011013
0085894007601
0085917920399
0085968001108
0085996005024
0085996005031
0086106182970
0086341605166
0086478714908
0086479200318
0086600001012
0086600222042
0086600700137
0086600703473
0086700681749
0086700682111
0086700689585
0086733100156
0086742777806
0086742777905
0086742777950
0086824426257
0086854006184
0086854040744
0086854044476
0086854045190
0086854059708
0086854059753
0086854059760
0086854059791
0086854060186
0086854060193
0086854060209
0086854060216
0086854060223
0086854060247
0086854061749
0086854062623
0086854074077
0086854076903
0087076213312
0087076214371
0087076214401
0087076214821
0087076216474
0087076412388
0087076454548
0087076456405
0087076819453
0087427439804
0087427443627
0087565234002
0087600101146
0087684011652
0087694004996
0087703164925
0087848064005
0087848230035
0087848230042
0087848230516
0087872686037
0088183092241
0088194340041
0088194340102
0088194700616
0088194701453
0088194702214
0088194702221
0088194702443
0088194703204
0088231405870
0088231426837
0088313001990
0088313004540
0088313010336
0088313062946
0088313262025
0088365000453
0088468680118
0088702000399
0088724159907
0088724168893
0088857019772
0089036212700
0089036242653
0089036300186
0089036312707
0089036312806
0089036321310
0089036321396
0089036468008
0089094025656
0089094026363
0089094026479
0089094036621
0089094036669
0089094036751
0089094036850
0089107100498
0089125105302
0089125210303
0089156801280
0089382113416
0089382116363
0089382118008
0089382118060
0089397103631
0089674005733
0089674041526
0089674087210
0089686062007
0089686440430
0089812566997
0089826300464
0089836183774
0089836221186
0089836230614
0089875001349
0089947807101
0089991164366
0089991842103
0090146552860
0090208301139
0090341232321
0090478001104
0090478006949
0090478008981
0090478009001
0090478216263
0090478216805
0090478321103
0090478331300
0091037260994
0091037722799
0091296269219
0091296269318
0091296269608
0091296269714
0091372014375
0091464778604
0091945001443
0091945006509
0091945051028
0091945051042
0091945051059
0091945052117
0091945104328
0091945677778
0091945893079
0091945917058
0092145335970
0092145335994
0092145336014
0092145336038
0092145336052
0092202002692
0092202002722
0092202002760
0092202002777
0092202002784
0092202002791
0092202002807
0092227540124
0092227555081
0092227559072
0092227565080
0092227575072
0092227727990
0092227741125
0092227755481
0092227767095
0092227787123
0092227825122
0092227832465
0092227848091
0092227853323
0092227853408
0092227886123
0092227961127
0092227968997
0092234001229
0092234001298
0092474181309
0092719376101
0092825015819
0092825092926
0092825099451
0092825100928
0092825102335
0092825107859
0092825107866
0092825108290
0092825111610
0092825244813
0093215150431
0093936072913
0093936169507
0093966002263
0093966002287
0093966005592
0093966005936
0093966005943
0093966005950
0093966005967
0093966007961
0093966010145
0093966010404
0093966010732
0093966010749
0093966010756
0094184015974
0094184018586
0094262413432
0094306007818
0094321880571
0094321884746
0094321885897
0094331121015
0094379111061
0094379111160
0094379202264
0094776124367
0094776144471
0094776233298
0094922122445
0094922181824
0094922255211
0094922273307
0094922498281
0094922555403
0094922639318
0094922995384
0095188995910
0095225600135
0095225849282
0095856019665
0095864800415
0096152603459
0096619000043
0096619010257
0096619034857
0096619105557
0096619177875
0096619277797
0096619370030
0096619692224
0096619873258
0096619885657
0096619950287
0096784102610
0096784169200
0096784169804
0096784170008
0096784269108
0096784321912
0096784322117
0096784460215
0096784460611
0096784460819
0096784660103
0097209101126
0097209101713
0097342000096
0097437389716
0097549132156
0097643084047
0097643090345
0098009777733
0098100100423
0098100101192
0098100101277
0098100101444
0098100101482
0098100101543
0098100101642
0098100101659
0098163001200
0098163016136
0098163016150
0098163016174
0098163016181
0098163016204
0098304100373
0098304200196
0098304300346
0098304340205
0098304340229
0098308002963
0098308243816
0098308244097
0098449012197
0098487101457
0098487101464
0098487954251
0098487955814
0098487958761
0098487960214
0099336002062
0099336004462
0099336005308
0099336005315
0099447210646
0099482100681
0099482100698
0099482137113
0099482137144
0099482137151
0099482137168
0099482137199
0099482137205
0099482137274
0099482137281
0099482137298
0099482137304
0099482137311
0099482137366
0099482286262
0099482404949
0099482412432
0099482413484
0099482414054
0099482414900
0099482415198
0099482417284
0099482420697
0099482420901
0099482421380
0099482421403
0099482430948
0099482430955
0099482430962
0099482430979
0099482430986
0099482431396
0099482431440
0099482432119
0099482435813
0099482436179
0099482436315
0099482436759
0099482437053
0099482437442
0099482439149
0099482439286
0099482439804
0099482441784
0099482442125
0099482442934
0099482443184
0099482443535
0099482443726
0099482444082
0099482446673
0099482446765
0099482446826
0099482448264
0099482449537
0099482449551
0099482449599
0099482449636
0099482449650
0099482450397
0099482450755
0099482450908
0099482450922
0099482451059
0099482452957
0099482453336
0099482453343
0099482453893
0099482454913
0099482454920
0099482454937
0099482454944
0099482454968
0099482454975
0099482454999
0099482455002
0099482455019
0099482455026
0099482455842
0099482455866
0099482455880
0099482455897
0099482455910
0099482455927
0099482455941
0099482455958
0099482455965
0099482455989
0099482455996
0099482456009
0099482456016
0099482456023
0099482456047
0099482457143
0099482457150
0099482459734
0099482460471
0099482460839
0099482461959
0099482461966
0099482461973
0099482461980
0099482461997
0099482462000
0099482462017
0099482462024
0099482463045
0099482463328
0099482463878
0099482465568
0099482466213
0099482466381
0099482467166
0099482469344
0099482470722
0099482472290
0099482473358
0099482474157
0099482474386
0099482474492
0099482474522
0099482476083
0099482476090
0099482476106
0099482476168
0099482476816
0099482476854
0099482478117
0099482478148
0099482479305
0099482483708
0099482483777
0099482485337
0099482491017
0099482491086
0099482493370
0099482493516
0099482493851
0099482500160
0099482505905
0099482506438
0099482508098
0099482509675
0099482512903
0099482516772
0099482518219
0099482520632
0099482524326
0099482525705
0099482526344
0099482526467
0099482527051
0099482527471
0099482527969
0099482528065
0099482528751
0099482529055
0099482529406
0099482530006
0099482530204
0099482531966
0099482531980
0099482532420
0099482532536
0099482532697
0099482534455
0099482534912
0099482534998
0099482535209
0099482535421
0099482535476
0099482536480
0099482537623
0099482537982
0099482538378
0099482538460
0099482539832
0099482540616
0099482540661
0099482541040
0099482772710
0099900612451
0099900720385
0100040101368
0115878291228
0120216666958
0131899421604
0152227004801
0180127000128
0180127000258
0180187000045
0180626000216
0181216000623
0181536000167
0181536000372
0181945000161
0181945000802
0181945000888
0182136000021
0182285001153
0182741000737
0184419004962
0184460000166
0184706000042
0185814001396
0185889000225
0186852001270
0187471000019
0188280000016
0190569123118
0190569304586
0190569522256
0190569522317
0190569619192
0190569653691
0190569679738
0190912100759
0191011002043
0191414014261
0191414018054
0191552974328
0191907933758
0191907936551
0191907944860
0191907947465
0191907973280
0191907975581
0191907982220
0191907982893
0191907982916
0191907993035
0191907993158
0192484067461
0192484109123
0192484122269
0192699000680
0192699001052
0192699001175
0192699001588
0193476001685
0193476001944
0193476002750
0193476005034
0193908008374
0193908008411
0193908008428
0193908008442
0193908008459
0193908008589
0193937000813
0193937000820
0193937001353
0193968050757
0193968072537
0193968093174
0193968099985
0193968178710
0193968301132
0193968301156
0193968303433
0193968320249
0193968333478
0193968333713
0193968356064
0193968387204
0193968387655
0193968409029
0193968411787
0193968419721
0193968422929
0193968456672
0193968459338
0193968463823
0193968465315
0193968478872
0193968481711
0193968481728
0193968487898
0193968491840
0193968501891
0193968501907
0193968502003
0193968502034
0193968502447
0193968504199
0193968508241
0193968509897
0193968510220
0193968510695
0193968520687
0193968524920
0193968528058
0193968528706
0193968534585
0193968539719
0193968544218
0193968548100
0193968556587
0193968557966
0193968559717
0193968560409
0193968562816
0193968562854
0193968564582
0193968570378
0193968571139
0193968603694
0193968901813
0193968901899
0193968902667
0194261010004
0194261010165
0194283101452
0194306782637
0194346004263
0194346020355
0194346050116
0194346050765
0194346050833
0194346050871
0194346053759
0194346064953
0194346067107
0194346067183
0194346097708
0194346097715
0194346098156
0194346098897
0194346112043
0194346114979
0194346122271
0194346135363
0194346135677
0194346174799
0194346174904
0194346175741
0194346178056
0194346188840
0194346189069
0194346192410
0194346192885
0194346192915
0194346192977
0194346194636
0194346198481
0194346198818
0194346203550
0194346208142
0194346208289
0194346208302
0194346209934
0194346209941
0194346210015
0194346210053
0194346210961
0194346219117
0194346263516
0194346263561
0194346267422
0194346268610
0194346268634
0194346268740
0194346270637
0194346270903
0194346271023
0194346271191
0194346271429
0194346271641
0194346271924
0194346272112
0194346272235
0194346272259
0194346278077
0194346320387
0194346374410
0194346374434
0194346374441
0194346375394
0194346376117
0194346377442
0194346378555
0194346388158
0194346388899
0194346389353
0194346390410
0194346390762
0194346391332
0194346391349
0194346391394
0194346393671
0194346407774
0194346416080
0194346416769
0194346416981
0194346442614
0194346442638
0194346442805
0194346447206
0194346458011
0194346458028
0194346469758
0194346469826
0194346473724
0194346473908
0194346473960
0194346478699
0194346478910
0194346478965
0194346484423
0194346484447
0194346487509
0194346487523
0194346492121
0194346495177
0194346498017
0194346513062
0194346521692
0194346521708
0194346525577
0194346525621
0194346526369
0194346526406
0194346526413
0194346526536
0194346526567
0194346539871
0194346539888
0194346566792
0194346570805
0194346602063
0194346617739
0194346624133
0195464776568
0195515012546
0195515023924
0195515024693
0195515033930
0195515034340
0195515036689
0195515038003
0195515038058
0195515039048
0195515104364
0195602034307
0195602132256
0195602143863
0195602839711
0195602840823
0195893088966
0195893171088
0195893229321
0195893247233
0195893329007
0195893480678
0195893803620
0196411000392
0196633798237
0196633799784
0196633801340
0196633808073
0196633808820
0196633809063
0196633809155
0196633809865
0196633809933
0196633815651
0196633818232
0196633818522
0196633818553
0196633820181
0196633821102
0196633831415
0196633831422
0196633831439
0196633831446
0196633839329
0196633845795
0196633846181
0196633849465
0196633860927
0196633883797
0196633884183
0196633912398
0196633945235
0196633966315
0196671004031
0196761356545
0196761392161
0196761470395
0196761492007
0196761501600
0196761501952
0196761508043
0196852095506
0196852355181
0196852731572
0196852839421
0197644167029
0197644330164
0197644739080
0197644860265
0197854378192
0197857000090
0197870009100
0197870009506
0197870014623
0197870022956
0197870024783
0197870048192
0197870048734
0197870052106
0197870052908
0197870091389
0197870095806
0197870118864
0197870146911
0197870159652
0197870159874
0197870167077
0197870179919
0197870185965
0197870188454
0197870188461
0197870188560
0197870228822
0197870253060
0197874001629
0197874002183
0197911010058
0198038542644
0198168139479
0198168162637
0198168218860
0198168232170
0198168297926
0198168323526
0198168571293
0198168596937
0198168618936
0198168787557
0198168802830
0198168805466
0198168828168
0198168912614
0198168934173
0198168959220
0198306025183
0198386134027
0198420641740
0198420641962
0198420648916
0198420649081
0198420649593
0198420651367
0198420651893
0198420915186
0198523000192
0198715063233
0198715071016
0198715162837
0198715196894
0198715412260
0198715421446
0198715467048
0198715793963
0198715808957
0198715847345
0199284237339
0199284269774
0199284296558
0199284457454
0199284616141
0199284691155
0199284704862
0199284758964
0199284778092
0199752123454
0199874314525
0199874968094
0200004604246
0200063503979
0200166701623
0200166801477
0200181604244
0200566701629
0200566801473
0200761701622
0200991002490
0205420105049
0205437411522
0205905509997
0205909509993
0207944005997
0207944006994
0209019008490
0209040006991
0209375606095
0211002206493
0211102105993
0211545116310
0211652105993
0212068406346
0212978902693
0213065804999
0214070908993
0215012509995
0215061602999
0215906016851
0215906316999
0216181202991
0218578000005
0218661000004
0220128112861
0222169206981
0223123007217
0223301000009
0224520002508
0224819008709
0225771005799
0226399714742
0226485203990
0226523713863
0228133205943
0228615104467
0228617804488
0229275003527
0230449804994
0230471330737
0230471833245
0230478804996
0231247000007
0231300523177
0232354013973
0233965816335
0235215203995
0236084014071
0236130014116
0239496504857
0240249518328
0241282104691
0242123511708
0242247708688
0243217029246
0243725004490
0247073520589
0247492013075
0247500615420
0247500617295
0247735624167
0252101704930
0252385920538
0252469108630
0252802113253
0253349510338
0255002000002
0255047003969
0255150816494
0255247703980
0255304703984
0260949709918
0261152515471
0262328804047
0262334505433
0262972109673
0263474505871
0263855505926
0268014404003
0271830705001
0279259001797
0279259002497
0279284307994
0281810000000
0282810505597
0285279005493
0289111304492
0298560908991
0299465000001
0300258900078
0310539977552
0322654002408
0328055175048
0329481122927
0341074330090
0366232027146
0366320378589
0370030622023
0380002455344
0383960502914
0396202000369
0400000017709
0400000017723
0400000023618
0400009877908
0400050559822
0400359421967
0402153840005
0402153880001
0402154450005
0402154500007
0402154610003
0402154710000
0411010983908
0414970903304
0417261001903
0420000079637
0440000051006
0440060402473
0440327066738
0443678713146
0477088059839
0477088070759
0486731040117
0492122200039
0492310003206
0492681100016
0492860300732
0499007553792
0499008143244
0501304400522
0506075100077
0544276530552
0591016154561
0600350116200
0600350116934
0600350116941
0600350116965
0601570575006
0601673809206
0601920007506
0602050014268
0602050103832
0602503442600
0602503443706
0602503444109
0602569000028
0602652171192
0602652201127
0602652204029
0602652207013
0602652242052
0602652264009
0602652286872
0602652417030
0602652670572
0602652673818
0602652673955
0602652673993
0602652674020
0602652674037
0602652674051
0602652674075
0602652674495
0602652674501
0602652674549
0602652675782
0602652675805
0602693853972
0602693854016
0602813370037
0602813370082
0602813370105
0602813370150
0602813370242
0602813373014
0602813410023
0603028799927
0603253867163
0603253867170
0603346000125
0603741002182
0603812022019
0603812022026
0604183111203
0604215901314
0604700219054
0604774293028
0604867999806
0604913000210
0604913004911
0604913005345
0604913005574
0604913005598
0604913006342
0604947194916
0605388186799
0605393010201
0606274316832
0606274331200
0606476040153
0606476050558
0606541601470
0606541843313
0606991010624
0606991014752
0606991015292
0606991020128
0606991069165
0606991071021
0606991071045
0606991071083
0606991071106
0606991071120
0606991071205
0606991071236
0606991131312
0606991131343
0606991131374
0606991131435
0606991131459
0606991131701
0606995001598
0606995002281
0607615243107
0607766901116
0607880032116
0607880032130
0607880034448
0607880036251
0607880040661
0607880040678
0607880102529
0607880301069
0607880301755
0607926002738
0608291006918
0608539303410
0608819795423
0609231000010
0609263620644
0609454643636
0609492722317
0609788489405
0610074987284
0610358991921
0610546451909
0610680050013
0610696072856
0611091890106
0611190491679
0611193219218
0611247381779
0611247382929
0611247402719
0611269002751
0611269003628
0611269003642
0611269003727
0611269003802
0611269003864
0611269174526
0611401001918
0611443340310
0611625100008
0611625102071
0611625102118
0611625102255
0611625102279
0611625102286
0611625102347
0611625102415
0611665888003
0611962002003
0612227122757
0612781101168
0612900511137
0613008715564
0613008724191
0613008742768
0613008756659
0613008771393
0613008773014
0613008774110
0613008775858
0613103024059
0613196051376
0613522021004
0613911110012
0613911110029
0613911150032
0614074001575
0614074001629
0614156061541
0614156063040
0614583624081
0614906207953
0615433330732
0615764003534
0616003737555
0616029067421
0616112031537
0616112681503
0616112866740
0616241128559
0616316630284
0616594506066
0616859215412
0616929999075
0616973811651
0617201661642
0617215927512
0617375932579
0617375932609
0617389831769
0618341333628
0618518197848
0619128662025
0619309000620
0619309000637
0619309000668
0619309000675
0619309700018
0619801760466
0620133000502
0620133001950
0620133002209
0620221200012
0620221200036
0620221200401
0620221200944
0620221290051
0620514006765
0620514011783
0620698100044
0620698885019
0620698885026
0620698885118
0620698885125
0620698887068
0620811144115
0620811144146
0620811144153
0620811970011
0623237000201
0623237000263
0624827610732
0625405104278
0626394398808
0626608000015
0627404030169
0627733002400
0627735016443
0627843237037
0627843538363
0628011501073
0628055033219
0628055758532
0628055758808
0628110137029
0628242841276
0628250511420
0628250842906
0628250924596
0628308140107
0628308141081
0628425090064
0628451439653
0628451452072
0628451868620
0628504480656
0628514001407
0628553012099
0628553021497
0628553021664
0628553028014
0628553037924
0628553060113
0628553060137
0628553060151
0628553060168
0628553060175
0628586559462
0628619666624
0628619881157
0628678704077
0628891607001
0628942370823
0629118550117
0629307015847
0630003100959
0631257121301
0631656346657
0631656717365
0631656717433
0631656717723
0631656717730
0631782000430
0631782000690
0632108201142
0632351000257
0632351000271
0632351000523
0632432001012
0632674320445
0632674401007
0632674731258
0632674731333
0632674731340
0632674731357
0632674762412
0632674762443
0633422477718
0633456113187
0633622555698
0634365000063
0634418523501
0634418525352
0634418526120
0634418526809
0634418526816
0634483886402
0634654607959
0634654607966
0635000047313
0635104170191
0635302303308
0635381000099
0635381000235
0635381000358
0635381000365
0635381000396
0635381004318
0635381007203
0635381030041
0635381036043
0636046703645
0636755453527
0636817122651
0637480002271
0637480003599
0637480004251
0637480004978
0637480004992
0637480005296
0637480005319
0637480005968
0637480006040
0637480006064
0637480006088
0637480006163
0637480009492
0637480010559
0637480091626
0637480091633
0637960000094
0637960000360
0637984880023
0638102629869
0638102660350
0638267947150
0638882000544
0638882000704
0638882000926
0638882125773
0639123020253
0639123890689
0639123891563
0639138877088
0639192803207
0639246040473
0639277990051
0639511523427
0639713519808
0639713519846
0639713992014
0640410514881
0640445002247
0640445003022
0641227750813
0641548121712
0641548122009
0641668070318
0642461215854
0642461220803
0642461313246
0642461921465
0643130310009
0643345999983
0643639161102
0643781323946
0643795548748
0643795549080
0643843716624
0643843716884
0643843718277
0643843780038
0643843801788
0643843801870
0643843801900
0643843802006
0643843802334
0643843802907
0643843802945
0643843802952
0643843802983
0643843803393
0643843803416
0643864221916
0644209004164
0644209004737
0644209022991
0644209307784
0644209412709
0644209414550
0644209420193
0644209425075
0644216323791
0644225727443
0644225758713
0645230000040
0645230058836
0645230058874
0645230510792
0645230512529
0646670311024
0646670311734
0646670312892
0646670312953
0646670314452
0646670315992
0646670317040
0646670317385
0646670317712
0646670462634
0646670462689
0646670463273
0646670468445
0646670510441
0646670510496
0646670510502
0646670511646
0646670512254
0646670513251
0646670513701
0646670513817
0646670513862
0646670513893
0646670514753
0646670516214
0646670516443
0646670516702
0646670517815
0646670518607
0646670518706
0646670518720
0646670518737
0646670519048
0646670519826
0646670522130
0646670522802
0646670522925
0646670523458
0646670524325
0646670524349
0646670525162
0646670526701
0646670526824
0646670528200
0646670529481
0646670529511
0646670529535
0646670529870
0646670530685
0646670531514
0646670531521
0646670532337
0646670532511
0646670532542
0646670534300
0646670534829
0646670535048
0646670535338
0646670535482
0646670535680
0646670536328
0646670536892
0646670537837
0646670681189
0646670681240
0646670681875
0647086001257
0647086011225
0647086011553
0647086011560
0647613000388
0647613009428
0647669165048
0647669165055
0647671000221
0647671606522
0648194500366
0648436300051
0648436300532
0648436310715
0648649256985
0649241893998
0649241929116
0649241929130
0649632000837
0649742000376
0649815000029
0649908213756
0649908280901
0650947023008
0651433231662
0651433262109
0651433663005
0652003101217
0652003101224
0652003101231
0652003101248
0652003101293
0652729710540
0652729710762
0652802106666
0652878014605
0653341673817
0654367206003
0654844823280
0654844833289
0654844843288
0654844853287
0654844863286
0654858703912
0654858705893
0654954224960
0654954224977
0655273001232
0655778358244
0655852000236
0655852001714
0655956001078
0656600017605
0656846570490
0657082001052
0657082001519
0657082001670
0657082001717
0657082001915
0657082002035
0657082003049
0657082003056
0657082018593
0657082026307
0657082026314
0657082026321
0657082026369
0657082026376
0657082026390
0657082027038
0657082029070
0657082029094
0657082030557
0657082034159
0657082060967
0657082068055
0657082082303
0657467481356
0657484200466
0657484400071
0657484400095
0657484401009
0657522041518
0657522045196
0657522045202
0657522045318
0657522098079
0657522099038
0657846468336
0657846468473
0657846468749
0657846556057
0657846982627
0657977098006
0657977098020
0657977098600
0657977099027
0657978500270
0658010113700
0658238518004
0658276202996
0658533151555
0658533151609
0658564255284
0658564413981
0658564503989
0660646000415
0660646001221
0660646001351
0660646001573
0660646001665
0660756010045
0660845744585
0661042411256
0661172023312
0661440001400
0661524001067
0661524701141
0662010100103
0662010100202
0662010100400
0662010100509
0662425021512
0664054005703
0664054005727
0664054005765
0664150120188
0664158721950
0664164101524
0664164101555
0664164101562
0664164101852
0664372600024
0664372600048
0664372600055
0664372600062
0664372600079
0664372600086
0664372600215
0664541000013
0664541000037
0664541000082
0664541000099
0665291007208
0665591000725
0665596099908
0665649620691
0666618000889
0667859570056
0667978571941
0669191721486
0669387006939
0669556010019
0669556010460
0669556030833
0669556040191
0669556063541
0669809200518
0669809200532
0669809200877
0669809201430
0669809201546
0669809201966
0669809202703
0669809204004
0670171121226
0670433093100
0670433093209
0670488000290
0670534530986
0671521400305
0671521401203
0671521470520
0671521471312
0671635701237
0671635701398
0671635704368
0671635704535
0671635705716
0671635706515
0671635706591
0671635706782
0671635708014
0671635708830
0671635709004
0671635709646
0671635710017
0671891472322
0671891474760
0672774000021
0673259307222
0673316010577
0673316096212
0673316096403
0673497002026
0673803080120
0673803502622
0673803502653
0673803502820
0674438521323
0675625201004
0675625202001
0675625203008
0675625204005
0675625375033
0675625385278
0675625653292
0675674925630
0675823000041
0677210094626
0677210094848
0677684403948
0678003754970
0678108171016
0678523036150
0678523036174
0678523036273
0678523375471
0678963100237
0679339000939
0679844103514
0679844103569
0679844104467
0680201833852
0681131003582
0681131017954
0681131018098
0681131068802
0681131068819
0681131078627
0681131078641
0681131078658
0681131078665
0681131078696
0681131078702
0681131078719
0681131090865
0681131090896
0681131090902
0681131097802
0681131097864
0681131112307
0681131122184
0681131122849
0681131123556
0681131123563
0681131123570
0681131123587
0681131123600
0681131123617
0681131136228
0681131136235
0681131139106
0681131139366
0681131139373
0681131139656
0681131148146
0681131151160
0681131221740
0681131221764
0681131225021
0681131242189
0681131249454
0681131278140
0681131282222
0681131282321
0681131282475
0681131286541
0681131288446
0681131295833
0681131305129
0681131305440
0681131354646
0681131395502
0681131437295
0681131532099
0681147043947
0681170160192
0682082010445
0682082060228
0682430400096
0682471001016
0682471001092
0682471001733
0682906890642
0682906890666
0683404932308
0683629410087
0683715002103
0684753005453
0684765134226
0685051998225
0685450116640
0685457059186
0685666008579
0685864300550
0686207005248
0686207005255
0686207801727
0686234142626
0686700039399
0686700092783
0686700101294
0686700101348
0686700101515
0686700670080
0686731002010
0687068100080
0687068100097
0687211000014
0687211000021
0687211000052
0687456112107
0687456223742
0687456295350
0687456295534
0687456928319
0687456928944
0687652165075
0687652200103
0687652200158
0687652200172
0687652200509
0687652200776
0687652200783
0687652600606
0687652600613
0687652600620
0687910008038
0687910008076
0687910008250
0688267006043
0688267006906
0688267007132
0688267007262
0688267008771
0688267010965
0688267012945
0688267013096
0688267013577
0688267014819
0688267019029
0688267019289
0688267020469
0688267020896
0688267026287
0688267026331
0688267026904
0688267026911
0688267029035
0688267029042
0688267029059
0688267031878
0688267034824
0688267035838
0688267036484
0688267039102
0688267045615
0688267047015
0688267052293
0688267052309
0688267054426
0688267057113
0688267060175
0688267062377
0688267063572
0688267065316
0688267070082
0688267070518
0688267071997
0688267072048
0688267072727
0688267073274
0688267075339
0688267075544
0688267078729
0688267080234
0688267080944
0688267091186
0688267094033
0688267094125
0688267094231
0688267094255
0688267094262
0688267094309
0688267094798
0688267094859
0688267095061
0688267096921
0688267096990
0688267097126
0688267097676
0688267099779
0688267112461
0688267122217
0688267122224
0688267123467
0688267123948
0688267124518
0688267125461
0688267125706
0688267128240
0688267128400
0688267130960
0688267131288
0688267133336
0688267133985
0688267137730
0688267138232
0688267141720
0688267142673
0688267143380
0688267143977
0688267143984
0688267143991
0688267144004
0688267144486
0688267144509
0688267144547
0688267146022
0688267146039
0688267146077
0688267146084
0688267146121
0688267146138
0688267146145
0688267146312
0688267146329
0688267146336
0688267146343
0688267146350
0688267146367
0688267146374
0688267146381
0688267146398
0688267146404
0688267146411
0688267146428
0688267146435
0688267146442
0688267146664
0688267149443
0688267149450
0688267149467
0688267149474
0688267149573
0688267149580
0688267149740
0688267149757
0688267149825
0688267152399
0688267155598
0688267155611
0688267155666
0688267156137
0688267158322
0688267159183
0688267159190
0688267159213
0688267159725
0688267160103
0688267160110
0688267165719
0688267166846
0688267166853
0688267166860
0688267166877
0688267166891
0688267169977
0688267175480
0688267177507
0688267178542
0688267184437
0688267188985
0688267189906
0688267194320
0688267530289
0688267534782
0688267538308
0688267538964
0688267541308
0688267544101
0688267545504
0688267549427
0688267549632
0688267549908
0688267553158
0688267556623
0688267559846
0688267563034
0688267569265
0688267570001
0688267572630
0688267572647
0688267572654
0688267573460
0688267574047
0688267574115
0688267574672
0688267574849
0688267576539
0688267578328
0688267579479
0688267580550
0688267582851
0688267583896
0688267584084
0688267585524
0688267586378
0688267591228
0688267591891
0688267593574
0688267593796
0688267594267
0688267594854
0688267595448
0688267596407
0688267596414
0688267596643
0688267597619
0688339923223
0688339923506
0688339923582
0688339924350
0688339924992
0688339927009
0688339927214
0688339929058
0688339929201
0688339929409
0688962008106
0689259006348
0689323652303
0689466139693
0689544072140
0689544080039
0689544080244
0689544080336
0689544081104
0689544081258
0689544081432
0689544081449
0689544081500
0689544081579
0689544081609
0689544081630
0689544081739
0689544081746
0689544081760
0689544081784
0689544081791
0689544081906
0689544081937
0689544081975
0689544081999
0689544082118
0689544082200
0689544082217
0689544082231
0689544082248
0689544082347
0689544082811
0689544083719
0689544088028
0689544088035
0689544088042
0689544088059
0689544088066
0689544088073
0689544088080
0689544088097
0689893002003
0690209200105
0690819408243
0690819770128
0690819771125
0690819773129
0690819774126
0690819776120
0690819780127
0690819781124
0691035413998
0691355892237
0691355894736
0691430005590
0691535509016
0691835919324
0692623018175
0692752100123
0692752108822
0692752223297
0693749015338
0693868500302
0694070032124
0695119120604
0695119120871
0695119121007
0695119130146
0695119133000
0695318003081
0696550332373
0696685200370
0696859150159
0696859646889
0697068520436
0697068520467
0697658101038
0697658691058
0697658691171
0697941813440
0697941813716
0697941860529
0698433000959
0698433000966
0698433001130
0698433001246
0698639051014
0698997806080
0698997806615
0698997807155
0698997807438
0698997807841
0698997809296
0698997809302
0698997809326
0698997809470
0698997809517
0698997809647
0698997809944
0698997809999
0698997810001
0698997810049
0700115277754
0700465735706
0700580409902
0700598705485
0700598705492
0700598705508
0700598705515
0700598705669
0701010203206
0701228245654
0701228290111
0701228290135
0701243011166
0701254240203
0701809300123
0701990000420
0702230010100
0702554301120
0702564195108
0703170720364
0703355932841
0703447011867
0703447011874
0703510511515
0703510511522
0703741000185
0703741000628
0704051287372
0704051702035
0704051705104
0704276008332
0704550279168
0704639660047
0704639911002
0704863001012
0704863001036
0704863030012
0704863227238
0704863227344
0705016600700
0705016600809
0705016601127
0705105359403
0705105359502
0705105512952
0705105540658
0705105541051
0705105541457
0705105541754
0705105541853
0705105542157
0705105542256
0705105542553
0705105543055
0705105543253
0705105543451
0705105543659
0705105543857
0705105544052
0705105671956
0705105762234
0705105928951
0705105929057
0705118300058
0705118401229
0705118500304
0705194120199
0705599012174
0705599012655
0705599013881
0705599017834
0705599018176
0705599020261
0705599020698
0705599020735
0705599020797
0705599020810
0705599021008
0705769550130
0705875100243
0706245010117
0706502321109
0706502322113
0706574975767
0707082720016
0707178105031
0707178105413
0707207800708
0707330511557
0707415014034
0707415015017
0707415025085
0707425009075
0707517000027
0707517004360
0707595401358
0708107429945
0708107489949
0708107499948
0708107683224
0708107929964
0708163213052
0708163260995
0708163261237
0708163261374
0708163261503
0708163261510
0708163261527
0708163261534
0708163261626
0708163261695
0708163972157
0708163981050
0708411000335
0708820001541
0708820005372
0708820009318
0708820011878
0708820016392
0708820026056
0708820026520
0708820044906
0708820046610
0708820046740
0708820079977
0708820088061
0708820126565
0708820126589
0708820160309
0708820187511
0708820207400
0708820229433
0708820233645
0708820248779
0708820275522
0708820289703
0708820298958
0708820305946
0708820329546
0708820342873
0708820342880
0708820342897
0708820342927
0708820342958
0708820342996
0708820343016
0708820343023
0708820391444
0708820406872
0708820412897
0708820414099
0708820414143
0708820414150
0708820414167
0708820414983
0708820414990
0708820415010
0708820415089
0708820415126
0708820415133
0708820418226
0708820422476
0708820422681
0708820423640
0708820423657
0708820424364
0708820427730
0708820427785
0708820427792
0708820427808
0708820427815
0708820427839
0708820427846
0708820427860
0708820427877
0708820427891
0708820427907
0708820427938
0708820427945
0708820427969
0708820427976
0708820427983
0708820428041
0708820428058
0708820428065
0708820428072
0708820436510
0708820485402
0708820489417
0708820489431
0708820489448
0708820489479
0708820495401
0708820495609
0708820502994
0708820518698
0708820577046
0708820652798
0708820701861
0708820708686
0708820708693
0708820729704
0708820729728
0708820729735
0708820737020
0708820737051
0708820737068
0708820748316
0708820748323
0708820748330
0708820748347
0708820779402
0708820874107
0708820890312
0708820977341
0708820989177
0708820989191
0708875005211
0708875005303
0708875005600
0708953628141
0708953628158
0709275460143
0709275460181
0709275480523
0709275480691
0709275481599
0709275481605
0709351891427
0709870878435
0709893002008
0709893003005
0709893010003
0709893013202
0709893020316
0709972801218
0710069101364
0710069127401
0710069312616
0710178790930
0710228338853
0710228340863
0710779117808
0710779770362
0711090750224
0711381002964
0711381023129
0711381313947
0711381317501
0711381322529
0711381325537
0711381325995
0711381329900
0711381335369
0711464019377
0711464507133
0711464507430
0711535500919
0711535501619
0711535501626
0711535504443
0711535506164
0711535506690
0711535506706
0711535506720
0711535506737
0711535507086
0711535507093
0711535509431
0711535509448
0711535509455
0711575002008
0711747012101
0711978040096
0712073968919
0712073968971
0712199088942
0712199318209
0712462001142
0713109160017
0713278001043
0713733032728
0713733032797
0713733054584
0713733054591
0713733073653
0713733081658
0713733086219
0713733106948
0713733106955
0713733106962
0713733107266
0713733112130
0713733116138
0713733120241
0713733131209
0713733163248
0713733164139
0713733172646
0713733190220
0713733190237
0713733207539
0713733207553
0713733211291
0713733221207
0713733221252
0713733224338
0713733229876
0713733233477
0713733251437
0713733254137
0713733272360
0713733272445
0713733273343
0713733290237
0713733291293
0713733315401
0713733317153
0713733327046
0713733340595
0713733340601
0713733340625
0713733340670
0713733340717
0713733340922
0713733340939
0713733354110
0713733359313
0713733389020
0713733421430
0713733466660
0713733467414
0713733537872
0713733538503
0713733572033
0713733574372
0713733610377
0713733620499
0713733626682
0713733634106
0713733675598
0713733701105
0713733706490
0713733706506
0713733706513
0713733742146
0713733763615
0713733780551
0713733784399
0713733796217
0713733796316
0713733798303
0713733801287
0713733801300
0713733801348
0713733803380
0713733817998
0713733876049
0713733881821
0713733883887
0713733903370
0713733913836
0713733949019
0713733950848
0713733973717
0713757667036
0713757667135
0713789000757
0713985634336
0714373000016
0714373030020
0714444005193
0714935000034
0715141212365
0715141514933
0715166162010
0715364100081
0715595100379
0716184112179
0716519002106
0716519013089
0716519041068
0717019968688
0717221290058
0717524716385
0717524775023
0717524775139
0717524775146
0717544121824
0717544124115
0717544124344
0717544130826
0717544136160
0717544203315
0717544203339
0717544205418
0717544205425
0717544205432
0717544207344
0717544211006
0717544211013
0717544211020
0717544211037
0717544211051
0717544211068
0717544211075
0717544211099
0717544211105
0717544211112
0717544211143
0717544211167
0717544211174
0717544211181
0717544211303
0717544310006
0717725000597
0717854105217
0717854105255
0717854151023
0717854152099
0717854160049
0717854663090
0717854663120
0717887211015
0717887240213
0717887250748
0717887290010
0717887290041
0717887290058
0717887291079
0717887651262
0717887652313
0717889290041
0718122100750
0718122206766
0718122357262
0718240000369
0718240000383
0718240000390
0718240004275
0718240119016
0718604000318
0718738546331
0718738546348
0719166400202
0719283068118
0719283092663
0719283126795
0719283126924
0719283147660
0719283150097
0719283151919
0719283151957
0719283191106
0719283212290
0719283220677
0719283263001
0719283267832
0719283288622
0719283290465
0719283290892
0719283290908
0719283392275
0719283481429
0719283481436
0719283483607
0719283491640
0719283491657
0719283491664
0719283491671
0719283491688
0719283507242
0719283507273
0719283519160
0719283535986
0719283592767
0719283595690
0719283595706
0719283595713
0719283661081
0719283736888
0719283739056
0719283739070
0719283835444
0719283837493
0719283905871
0719283956507
0719283985088
0720008000078
0720053521313
0720227158963
0720379504502
0720379505318
0720456423047
0720495315112
0720516020261
0720516021909
0720579147912
0721134700184
0721134700276
0721134700290
0721557422908
0721707000031
0721762513903
0721762513934
0721762513941
0721762513958
0721762513972
0722252069597
0722252071453
0722252148520
0722252160300
0722252161017
0722252203106
0722252230768
0722252233035
0722252261427
0722252325839
0722252618726
0722252641854
0722252922014
0722267690298
0722273000333
0722413115903
0722515270043
0722515913773
0722515914343
0722515930053
0722596000218
0722648712755
0722776230015
0723055032085
0723055032092
0723055032344
0723055032351
0723055032368
0723055032559
0723055034065
0723055035284
0723055050607
0723055050652
0723055050683
0723055050690
0723246181035
0723246286389
0723830411494
0724235026085
0724500367608
0724500367639
0724500367714
0724500371858
0724609302999
0724836500106
0725226003504
0725341192138
0725341431138
0725341716129
0725439105170
0725439105200
0725439105217
0725439105248
0725439107044
0725439110662
0725439110679
0725439114547
0725439300810
0725439301091
0725439803953
0725439804035
0725439806022
0725439810913
0725439811255
0725439811569
0725439812108
0725439812122
0725439812139
0725439813181
0725439941358
0725439942119
0725439942126
0725439942133
0725439955867
0725439957427
0725439957434
0725439957441
0725439957458
0725439958301
0725439958318
0725439977944
0725439978248
0725439978279
0725439978293
0725439979986
0725439979993
0725439980005
0725439980012
0725439980036
0725439980043
0725439980050
0725439980067
0725439980074
0725439980081
0725439980098
0725439980111
0725439980128
0725439980135
0725439980142
0725439980159
0725439980166
0725439980173
0725439980180
0725439980197
0725439980203
0725439980210
0725439980227
0725439980340
0725439980357
0725439981149
0725439981828
0725439982450
0725439984850
0725439985093
0725439987783
0725439996082
0725439997997
0725439999298
0725963004413
0726191015141
0726191027779
0726191069052
0726191069236
0726191111300
0726191111317
0726191176156
0726191254786
0726486000043
0726486000074
0726486000111
0726486000203
0726486000258
0726486000265
0726486000302
0726486000425
0726486000487
0726529969313
0727452000111
0727452001064
0727452104055
0727888401834
0727915127898
0727915196481
0728119098878
0728119432009
0728119450034
0728119515078
0728119515917
0728229015598
0728229201052
0728229914501
0728614797535
0729630500109
0729776713449
0729955561915
0729955563001
0729955563612
0729955568556
0729955570450
0729955572942
0729955574786
0730076221008
0730399009017
0730555003132
0731126102162
0731149356702
0731149611740
0731493030402
0731493030808
0731495111208
0731888010743
0731888012204
0731888016608
0732153141018
0732328100130
0732328100178
0732328100215
0732328100222
0732328100246
0732328100406
0732328100437
0732328100444
0732328100475
0732328100710
0732328300073
0732388036677
0732388139354
0732388439034
0732388991242
0732388991440
0732388991549
0732494002610
0732535921030
0732869292011
0732869911547
0732869930517
0732869931262
0732869931279
0733142802484
0733147202074
0733147204696
0733147204979
0733147205020
0733147239209
0733147239308
0733147239322
0733147239346
0733147239421
0733163001378
0733163001507
0733163001576
0733163001583
0733163001743
0733411177756
0733590672769
0733599025139
0733599125020
0733726805009
0733739058379
0733894114019
0734189016728
0734756000075
0734756003014
0734850091092
0735022001000
0735022005008
0735022007002
0735039717079
0735257031834
0735282372551
0735504020208
0735504075031
0736211200747
0736211291042
0736211342072
0736211663245
0736211663344
0736211765284
0736211953230
0736211953339
0736393510030
0736436501902
0736547329266
0736547566357
0736613110002
0736613480211
0736613480297
0736613480303
0736613631026
0736613631231
0736798000037
0736798901891
0736876000065
0736921000576
0736921300416
0736924182842
0737094014285
0737094020347
0737094205607
0737094219796
0737094221799
0737094241100
0737094243630
0737123134823
0737186947750
0737349001817
0737349002333
0737384001285
0737384001698
0737384062545
0737410022642
0737539194022
0737539200082
0737552870439
0737666038930
0737666096329
0737666106264
0738283955372
0738337006609
0738337056758
0738337882548
0738337887925
0738337888199
0738337889899
0738529070135
0738545080019
0738676715026
0738777020036
0738777080030
0738777170137
0738824062439
0738912022314
0738912022420
0738912022703
0738912022727
0738960197316
0738960197378
0738960197446
0738960250226
0738985220709
0738985221638
0738985223984
0738985224110
0739063472508
0739223001753
0739446400470
0739510002821
0739661500153
0739661700126
0739666000092
0739748072917
0740016996811
0740121222010
0740143513028
0740699001758
0740985224717
0741391973886
0741391978324
0741431001012
0741431008431
0741643008180
0741643008373
0741643022591
0741643038936
0741643039940
0741643043589
0741643046917
0741643452015
0741643452022
0741643452077
0741643452114
0741643452138
0741643452152
0741643452725
0741861074150
0742036066147
0742259064050
0742287003021
0742287003069
0742287005179
0742287005810
0742287700739
0742287700753
0742309826942
0742365004209
0742365007651
0742365007774
0742365007781
0742365007798
0742365102431
0742365102448
0742365132155
0742365132209
0742365132254
0742365132308
0742365265037
0742392757222
0742557712011
0742676105138
0742676168034
0742692815004
0742753326791
0742753347291
0742753348458
0742753348465
0742753348670
0742753348694
0742753766030
0742832051330
0742893000063
0742906058593
0742906105679
0742906125004
0742906125011
0742906125028
0742906125080
0742906410025
0742906410049
0742906410087
0743234001596
0743234002180
0743659128052
0743672013014
0743709000994
0743819309017
0744109248627
0744234810126
0744473000159
0744473000173
0744473000357
0744473490233
0744473909018
0744473909025
0744473909032
0744473909049
0744473909155
0744473911028
0744473911035
0744473911042
0744473911103
0744473911127
0744473911158
0744473912100
0744473914029
0744473914043
0744473915125
0745042000440
0745114878083
0745978295132
0745998906223
0746104130020
0746104130051
0746104140104
0746104140111
0746104140128
0746104140135
0746104140180
0746143002197
0746590010189
0747479001601
0747479101998
0747479102124
0747479400220
0747599322990
0747599323843
0747599401596
0747599419836
0747599436765
0747599602115
0747599607646
0747804008190
0747804019035
0748162615020
0748162621021
0748252027795
0748252078667
0748252613707
0748252681102
0748485401713
0748485700052
0748703106048
0748703309364
0748753916499
0748927023190
0748927051308
0748927055726
0748927068948
0748927070897
0748927071689
0749017304212
0749017332819
0749017373416
0749047390063
0749512771007
0749512771069
0749512771083
0749531978791
0749601012035
0749601012080
0749826000459
0749826001463
0749826002057
0749826002064
0749826003061
0749826138015
0749826548357
0750054578528
0750088701206
0750088701350
0750088701404
0750088702104
0750088702500
0750088780010
0750088780027
0750088780034
0750088780041
0750088780201
0750144060384
0750732094203
0750830800003
0750894611577
0751675121254
0751936001004
0752046152327
0752830079199
0752830348288
0752830864467
0752907603876
0753081006002
0753182099224
0753182823638
0753182823690
0753214710981
0753214711384
0753214741442
0753469000141
0753519473253
0753519475776
0753519477015
0753519477183
0753519477237
0753656701400
0753656711898
0753656720807
0753656720838
0754177506024
0754177830792
0754177849145
0754307880024
0754321115348
0754351219689
0754351220265
0754351220692
0754643005037
0754643005068
0754643101098
0754686002741
0754807050873
0754807199077
0755355005056
0755355111108
0755440000812
0755571947253
0755571947383
0755763008007
0755763008250
0755795190411
0755795252805
0755795254212
0755795375078
0755795375139
0755795375733
0755795392013
0755795655132
0755795655170
0755795657006
0755795680028
0755795700115
0755795700641
0755795701013
0755795702072
0755795730006
0755795730013
0755795758277
0755795857284
0756702131305
0756702132517
0756702133156
0756778334334
0756778343220
0756781000899
0756959960123
0756963160151
0756963170242
0756963180036
0757129000120
0757129000144
0757129000229
0757381002061
0757528009175
0757528046026
0757528049546
0757528049607
0757783531183
0757783531367
0757953773689
0757953998266
0758104002245
0758414456783
0758543130004
0758543305006
0758543310000
0758543405003
0758543410007
0758543470001
0758843071892
0758843123621
0758843916292
0759035902017
0759465004466
0759465007740
0759686001619
0760064124127
0760236074922
0760236083160
0760236083320
0760236116011
0760236124184
0760236124313
0760236125280
0760236125297
0760236289838
0760236373605
0760236483700
0760236520542
0760236520559
0760236520603
0760236668114
0760295004243
0760295004298
0760295004526
0760366000396
0760366000525
0760366500636
0760672620363
0760672620745
0760695334469
0760948000103
0760948100131
0761657901019
0761657904164
0761720071328
0761898631683
0761898632802
0761898654637
0761898654651
0762111054579
0762111074744
0762111118165
0762111219947
0762111267191
0762111352477
0762111619099
0762111619129
0762111885548
0762155120155
0762357000965
0762357000972
0762357022325
0762357025050
0762357366665
0762357384447
0762357403001
0762357990327
0762497209969
0762612112426
0762612551201
0763441101384
0763441300213
0763528307036
0763946225042
0763946225127
0763946225134
0764014000547
0764014387525
0764014643126
0764218652351
0764549041220
0765171855520
0765171899555
0765670032101
0765888127774
0766297111859
0766536009787
0766536025305
0766536043521
0766536071623
0766630910057
0767226001654
0767226442310
0767226443294
0767301140582
0767301140643
0767301140964
0767301140995
0767707001920
0767778051251
0768183003538
0768183003835
0768990000201
0769087001019
0769087003037
0769087003051
0769087003266
0769087003747
0769087004782
0769828942083
0769933855759
0770118709033
0770118709040
0770118709095
0770118760010
0770118760027
0770118760034
0770118760041
0770333032268
0770734820549
0770734821669
0770981031026
0770981031071
0770981031200
0770981041070
0770981051987
0770981063478
0770981100517
0770981310756
0770981810027
0771163010600
0772291019954
0773200718326
0775225020248
0776011611527
0776343689508
0776343900146
0777744000169
0777744000220
0777762001025
0777762001292
0777762001308
0777762001315
0777762001506
0779566110828
0780244211508
0780526299347
0780526310264
0780961001277
0780961430176
0780982001003
0780982006008
0780982009009
0780994797925
0780994982840
0780994982871
0781159036910
0781231004400
0781347711049
0781421001066
0781421001523
0781421001806
0781421170045
0781421170052
0781421524275
0781421524336
0781421524855
0781486100025
0781624006783
0781624007872
0781718645904
0782028000872
0782045100043
0782301236943
0782733000075
0782733000099
0782758202386
0782796020980
0782796020997
0782796028009
0782796028016
0782796028030
0782796028047
0782796028061
0783385962797
0783583440493
0784028100002
0784428000063
0784830000828
0784830000989
0784830004406
0784830100726
0785018087242
0785034051524
0785249546075
0785331757129
0785391701575
0785654261020
0785654561878
0786081005003
0786162003027
0786162411884
0786516760079
0786560000161
0786560540438
0786791005072
0786832614218
0786832820428
0786832820435
0786832900236
0787359100086
0787359100109
0787359103131
0787359103742
0787359103749
0787359103759
0787359171710
0787359176838
0787359177767
0787359190025
0787359736100
0787421738681
0787545005287
0787545005294
0787692230044
0787692230051
0787692832279
0787692833665
0787692835430
0787692870028
0787721600039
0787790711551
0788022006254
0788236308007
0788236412285
0788236814607
0788236814683
0788434106146
0788434107433
0788434113502
0788434115827
0788434200745
0788709990029
0788709990043
0788767030255
0788821035141
0788889916048
0789415113191
0789580881123
0789592712477
0789707720144
0789785500140
0790223101843
0790429213746
0790429232303
0790429232877
0790429233829
0790429236585
0791241509697
0791545270941
0791559150000
0791660408244
0791669198978
0791922084871
0791922621052
0792338718190
0792851354936
0793099103102
0793099104048
0793283753731
0793573000156
0793573014597
0793573014764
0793573014887
0793573293725
0793573909947
0793617000982
0793674810500
0793674820578
0794213000130
0794504291704
0794504401950
0794504406696
0794504669718
0794522906000
0794522910007
0794711003695
0794711014677
0794711014998
0794711015186
0794711015209
0794716912107
0794890220524
0795130036950
0795130041756
0795130043309
0795706000972
0795709010022
0795709010039
0795709010046
0795709010060
0795709010077
0795709010084
0795709010121
0795709010145
0795709010152
0795709010176
0795709010190
0795709020014
0795709020021
0795709030051
0795709030099
0795709040012
0795709060010
0795709060034
0795709060065
0795709060508
0795709065114
0795709065121
0795709065138
0795709065145
0795709070019
0795709075113
0795709080117
0795709080124
0795709080131
0795709080148
0795709080155
0795709089011
0795709089028
0795709089035
0795709089042
0795709090017
0795709090031
0795709090048
0795709090055
0795709090062
0795709090079
0795709095111
0795709095128
0795709095135
0795709095142
0795944295123
0796252100024
0796252100222
0796252100239
0796252110337
0796252121241
0796252121258
0796252121265
0796252300158
0796252300509
0796252880032
0796252880247
0796500003565
0796999002001
0797258000332
0797258006815
0797589001039
0797734166705
0797734166729
0797734166767
0797734166859
0797734166880
0797734166897
0797734166910
0797734166941
0797734166958
0797734166972
0797734167276
0797734167474
0797734167481
0797734168006
0797734168044
0797734168105
0797945810053
0797945810107
0797945810152
0797945810305
0797945810350
0797945810459
0798304000511
0798304003598
0798304032246
0798304032253
0798525160124
0798782321115
0799210434025
0799210900018
0800091000244
0800345007661
0801541517275
0802413000857
0802630159116
0802630159819
0802630160617
0802630160815
0802763010896
0802763161604
0803488000018
0803810241027
0803810241041
0803813102332
0804467085699
0804467232758
0804531113204
0804531115307
0804531216202
0804551757563
0804879393481
0804879487654
0804879541042
0805509001356
0805509001882
0805509020524
0805509085059
0805974204306
0806735103043
0806795601657
0807176172070
0807176540428
0807176540435
0807176540527
0807176540565
0807176540633
0807176541142
0807176703281
0807176713983
0807176714126
0807176714133
0807176714324
0807176715079
0807176862421
0807176862438
0807274002613
0808330000550
0810001561604
0810003420213
0810003420275
0810003461087
0810003512192
0810003512260
0810003512802
0810003512918
0810003515544
0810003515551
0810003516602
0810003780959
0810003781833
0810003781932
0810003782397
0810005134408
0810005134637
0810006872729
0810006872743
0810011190382
0810012620468
0810013080445
0810014530710
0810014530796
0810014671338
0810014672113
0810014675404
0810014676098
0810014678962
0810014679143
0810016280248
0810018832049
0810019373374
0810019600777
0810019604485
0810020723229
0810020723366
0810020723519
0810020723540
0810020935851
0810021672038
0810021672328
0810021672335
0810021672540
0810021672762
0810021672809
0810021672823
0810021672878
0810023545071
0810023546009
0810023546016
0810023548089
0810024401987
0810028290532
0810028540422
0810028540538
0810029770576
0810029770583
0810030517283
0810030518051
0810031480289
0810031480470
0810032300913
0810032300999
0810032301033
0810032301262
0810034841575
0810034841841
0810034842640
0810035110793
0810035972469
0810035972476
0810035972483
0810035972551
0810035972636
0810035972698
0810035972704
0810035972827
0810036563079
0810038160016
0810038690643
0810041030351
0810041590114
0810041590152
0810041590930
0810044570915
0810044575644
0810044575651
0810044575880
0810047632733
0810047632788
0810048160426
0810049182847
0810049189600
0810050500005
0810051010947
0810051806809
0810055540488
0810057291395
0810057291418
0810057291425
0810057291593
0810057555411
0810057652080
0810059620414
0810062520138
0810062520176
0810062520411
0810062520459
0810062520787
0810062521296
0810062521548
0810062521920
0810062522187
0810062522316
0810062522385
0810062522415
0810062522910
0810062522972
0810062523016
0810062523115
0810062810178
0810062810550
0810063711603
0810063711849
0810063712471
0810063712884
0810063712891
0810063712907
0810063921415
0810067726771
0810067727518
0810067727983
0810067729703
0810067729741
0810070875183
0810076291215
0810076291505
0810076291512
0810076291680
0810076291864
0810076770871
0810076770925
0810076770949
0810077061251
0810078780014
0810083070933
0810084400647
0810085410126
0810088860485
0810088860614
0810088860720
0810088860744
0810089956132
0810089956361
0810089956767
0810089957344
0810090511702
0810090511870
0810090750217
0810090750873
0810090750934
0810090751030
0810090751184
0810090751283
0810090751399
0810090751429
0810090751481
0810090751559
0810090751788
0810090751795
0810090751818
0810090752358
0810090752402
0810090752440
0810090752617
0810090990842
0810090991191
0810090991542
0810090991559
0810090991702
0810090992365
0810090992440
0810091780992
0810091781913
0810091782057
0810091782095
0810091782279
0810092630685
0810092630814
0810092630838
0810092630852
0810092630920
0810092630968
0810092680062
0810093780716
0810093782482
0810093782505
0810093782512
0810093782734
0810093782864
0810093783304
0810093784486
0810093784523
0810093784585
0810093784691
0810093784950
0810093785032
0810093785070
0810093785339
0810093785544
0810093785872
0810095633157
0810095637964
0810095661877
0810098574341
0810098575669
0810098575683
0810098575706
0810098576642
0810098576758
0810099200713
0810100035327
0810100920968
0810101782169
0810104460835
0810104460842
0810104460934
0810104461337
0810104461566
0810104461757
0810104461801
0810104461962
0810104461986
0810104462327
0810104462334
0810104462716
0810104462778
0810104462785
0810104623476
0810105746020
0810110791169
0810111890328
0810111890373
0810111890380
0810111890403
0810113510194
0810113511450
0810113511467
0810113511474
0810113511764
0810113832715
0810113833224
0810113833248
0810113833309
0810113920801
0810114061404
0810114061442
0810114061633
0810115240198
0810115241140
0810115241577
0810116126309
0810116126828
0810116129362
0810116129980
0810117960346
0810119680273
0810119680433
0810120480930
0810120481821
0810121056684
0810122080978
0810122081203
0810122991038
0810124603663
0810124751210
0810124751234
0810124751241
0810125971143
0810125971587
0810125973086
0810125973314
0810125973628
0810125974731
0810126660893
0810127890435
0810128370219
0810128520539
0810128528917
0810130080830
0810130429028
0810130680108
0810130680146
0810131952785
0810131953515
0810132860096
0810134440067
0810137320168
0810137320274
0810137321431
0810137321721
0810137321943
0810137461397
0810137461410
0810137461571
0810137462042
0810137462059
0810139572626
0810139573050
0810140674609
0810141130005
0810141130067
0810141130814
0810141130913
0810143105667
0810143510805
0810143510843
0810143511185
0810143511383
0810143511390
0810143511406
0810143511505
0810143511772
0810143511840
0810143511864
0810143511949
0810143512212
0810143512427
0810143512717
0810143513431
0810143513813
0810151511221
0810151512044
0810151650326
0810153930228
0810155482473
0810155483166
0810155484217
0810155484347
0810155485320
0810156050565
0810158941380
0810159830133
0810159830218
0810159830348
0810159830560
0810159830638
0810159831024
0810159831048
0810159831345
0810159832281
0810159832311
0810159832410
0810159832434
0810159832687
0810159832762
0810159833707
0810159833714
0810159834940
0810159835299
0810162080426
0810162230388
0810162230661
0810163740190
0810163740527
0810164380197
0810164380241
0810164380586
0810164580160
0810164580207
0810165011472
0810165011625
0810165011861
0810165015913
0810165016996
0810165017245
0810165018785
0810165019409
0810168580111
0810168580234
0810169601099
0810169601105
0810169601396
0810169603369
0810169603703
0810172557642
0810172558977
0810172559301
0810172600072
0810172671041
0810172671423
0810172790025
0810175041650
0810175041698
0810175150673
0810175151014
0810179086695
0810179852696
0810182791050
0810183490020
0810183490167
0810183490174
0810183490587
0810185360192
0810187450068
0810187830075
0810192260133
0810192260324
0810192260812
0810193920777
0810193920944
0810195670007
0810197740029
0810197740203
0810197740395
0810201281173
0810202730014
0810203040303
0810203630054
0810203840699
0810204850000
0810204850017
0810204850116
0810205280134
0810208390342
0810264024984
0810264026773
0810264026810
0810264027145
0810264028357
0810264028678
0810291008766
0810291009312
0810291009695
0810358035049
0810387020450
0810387020726
0810471032338
0810493030046
0810509005099
0810509005105
0810509005112
0810509005129
0810511010135
0810511010661
0810571032207
0810589030011
0810589030271
0810589031643
0810589031667
0810589031728
0810589031759
0810589032404
0810589032428
0810589032442
0810589032459
0810589464601
0810607024398
0810732022863
0810732022986
0810757010074
0810757010166
0810757010814
0810757011965
0810815021042
0810815027983
0810882011588
0810904013699
0810913010108
0810934031298
0810979001195
0810981021136
0810981021907
0810981022416
0810981022751
0811111032138
0811112031499
0811130034199
0811130034335
0811130034427
0811130034779
0811130034793
0811130034816
0811130034908
0811130034922
0811242030003
0811340021415
0811355030006
0811371131114
0811371132111
0811371151075
0811371152072
0811371153079
0811371154076
0811371155073
0811371156070
0811374035587
0811374039684
0811374039981
0811406020604
0811438032057
0811441030217
0811452033931
0811497001476
0811497021009
0811497021023
0811657030391
0811662021643
0811662021674
0811663029150
0811669020052
0811669020212
0811669020441
0811669020755
0811669022605
0811670032570
0811836023305
0811892025893
0811951020890
0811961023263
0812092030014
0812110000258
0812161010480
0812161010732
0812169002876
0812169002913
0812190020764
0812224009390
0812349029747
0812397016515
0812448034109
0812504020381
0812541030466
0812541030602
0812541030749
0812541030794
0812541030855
0812603010009
0812603019781
0812603021807
0812603021838
0812668020258
0812679022036
0812689021555
0812820020010
0812820020041
0812820020140
0812828010440
0812986015745
0812988021539
0813002020101
0813002020187
0813002020354
0813002020484
0813002020521
0813002020606
0813002020651
0813039021942
0813039021966
0813085604045
0813090000000
0813121024240
0813121024264
0813121024295
0813121024332
0813121024578
0813121024660
0813187010003
0813238001448
0813305010083
0813305011554
0813305011561
0813305011882
0813305011981
0813305011998
0813305012001
0813305012148
0813305012278
0813305012629
0813305012872
0813305012889
0813305012902
0813305012919
0813305012940
0813305012957
0813305013022
0813305013084
0813305013121
0813305013138
0813305013268
0813305013275
0813305013305
0813305013312
0813305013343
0813305013527
0813305013916
0813305013961
0813330020026
0813377022199
0813377026388
0813377026494
0813377027415
0813636021017
0813636023394
0813636023745
0813636024605
0813694022469
0813694023480
0813694023909
0813700020014
0813715013346
0813868020093
0813868020468
0813926002931
0813926004591
0813958009939
0814102020015
0814102020022
0814102020039
0814102020060
0814221020095
0814305010004
0814305010097
0814305010257
0814305010264
0814305010547
0814305011445
0814305011452
0814305011476
0814305011506
0814305011605
0814305011650
0814305011667
0814305011674
0814305011728
0814305012046
0814305012053
0814305012077
0814305012084
0814343027613
0814353021137
0814453021648
0814453021907
0814465011941
0814496020813
0814558022502
0814558023011
0814558023042
0814633018192
0814722021751
0814801010553
0814856011055
0814866020382
0815044020927
0815055010849
0815055010856
0815055011327
0815074020515
0815074023783
0815074023837
0815074024148
0815093022187
0815099020194
0815099022525
0815099022532
0815099022549
0815099022556
0815099022570
0815099022587
0815099022594
0815108020580
0815154020183
0815154027380
0815196016366
0815196016373
0815216018752
0815296021826
0815360011753
0815367010148
0815369010528
0815369011549
0815369012317
0815369014113
0815369014649
0815421011036
0815421013214
0815421014402
0815441011672
0815442000118
0815473010995
0815473011039
0815473011046
0815473011138
0815473011145
0815473011213
0815473011220
0815473011657
0815473011688
0815473011824
0815473011848
0815473011862
0815473011992
0815473012029
0815473013538
0815473013606
0815473014405
0815473014610
0815473014627
0815473014634
0815473014641
0815473014658
0815473014665
0815473014672
0815473014689
0815473014696
0815473014702
0815473014726
0815473014733
0815473014740
0815473014757
0815473014771
0815473014788
0815473014795
0815473014818
0815473014825
0815473014832
0815473014849
0815473014863
0815473014887
0815473014894
0815473014917
0815473014931
0815473014948
0815473014962
0815473014979
0815473014986
0815473015259
0815473015266
0815473015402
0815473015419
0815473015440
0815473015464
0815473015471
0815473015488
0815473015495
0815473015501
0815473015525
0815473015532
0815473015556
0815473015563
0815473015570
0815473015709
0815473015716
0815473015723
0815473015730
0815473015747
0815473015754
0815473015761
0815473015778
0815473015815
0815473015822
0815473015952
0815473015969
0815473016065
0815473016089
0815473016119
0815473016126
0815473016133
0815473016140
0815473016157
0815473016164
0815473016232
0815473016249
0815473016256
0815473016263
0815473016270
0815677022022
0815700020056
0815700020063
0815709024031
0815709024369
0815709024840
0815796020121
0815800020963
0815800025135
0815863020054
0815863021662
0815887010901
0815909020017
0815909020031
0815909020048
0815909020055
0815909020062
0815909020079
0815909020093
0815909020659
0815909020871
0815909021267
0815909021526
0815909021830
0815944001064
0816012010766
0816012015389
0816012018953
0816284020074
0816374020250
0816401020000
0816401022165
0816401023711
0816401025678
0816401027535
0816401027542
0816493010033
0816524019967
0816554020032
0816554020322
0816615012228
0816697020661
0816697021248
0816697021415
0816743001231
0816743001248
0816743001255
0816743001262
0816743001286
0816743001347
0816743001354
0816743001361
0816897023127
0816897024629
0816925022542
0816925023563
0816929000331
0816929000355
0816979010076
0816983021013
0816983021020
0817017010614
0817017010621
0817047024285
0817047024469
0817047024957
0817095017086
0817095017819
0817095019509
0817165021630
0817169019985
0817252011407
0817252011414
0817252011421
0817252012053
0817335042151
0817350010012
0817350010043
0817350010210
0817506012280
0817582253003
0817585010122
0817596020547
0817598001766
0817670010129
0817719021581
0817719022458
0817944010121
0818094000253
0818246021327
0818290010063
0818290010070
0818290010087
0818290010117
0818290010148
0818290010209
0818290010247
0818290010254
0818290010261
0818290010643
0818290010650
0818290010674
0818290010681
0818290010698
0818290010704
0818290010711
0818290010742
0818290010780
0818290010803
0818290010865
0818290011053
0818290011428
0818290011510
0818290011688
0818290012265
0818290012470
0818290012487
0818290012494
0818290012586
0818290012609
0818290013071
0818290013101
0818290013125
0818290013132
0818290013156
0818290013163
0818290013187
0818290013484
0818290013545
0818290013552
0818290013569
0818290013606
0818290013613
0818290013620
0818290013637
0818290013644
0818290013736
0818290013750
0818290013842
0818290013866
0818290013897
0818290013903
0818290013910
0818290013927
0818290013934
0818290013941
0818290013996
0818290014009
0818290014146
0818290014184
0818290014191
0818290014207
0818290014276
0818290014313
0818290014467
0818290014474
0818290014481
0818290014498
0818290014504
0818290014511
0818290014528
0818290014535
0818290014764
0818290014771
0818290014788
0818290014849
0818290014917
0818290014979
0818290014993
0818290015013
0818290015532
0818290015709
0818290015778
0818290015891
0818290015976
0818290015983
0818290016027
0818290016409
0818290016560
0818290016607
0818290016669
0818290016904
0818290017017
0818290017574
0818290017680
0818290019103
0818290019608
0818290019615
0818290019639
0818290019738
0818290019875
0818408013078
0818411002083
0818411002113
0818446010725
0818490014434
0818512017030
0818512017047
0818512017054
0818512017139
0818512017153
0818512018792
0818541000904
0818541008740
0818562021780
0818562022312
0818562022350
0818562023234
0818562023357
0818562024088
0818562024286
0818617023608
0818617026036
0818617026784
0818703014183
0818745002148
0818780014243
0818780017671
0818972022742
0819005011610
0819019021148
0819046001328
0819215023755
0819215024219
0819388014055
0819389024336
0819393020577
0819393020874
0819393021505
0819393021987
0819393022014
0819393022052
0819525010834
0819525011039
0819529003627
0819538000051
0819573011340
0819573011364
0819573016123
0819620022190
0819733000313
0819898010820
0819944010866
0819962021158
0820581048471
0820581048495
0820581578275
0820581578282
0820678207804
0823056500115
0823630000079
0824206001278
0824295134345
0824295136806
0824295136899
0824295141220
0824862006983
0824862008161
0824862020132
0825014000033
0825120008152
0825120010292
0825530106103
0825625700070
0825779010667
0825779020017
0826088166168
0826088332105
0826088412104
0826088422059
0826088601324
0826105000062
0826168617054
0826766139958
0826766139965
0826766140312
0826766140329
0826766140336
0826766140343
0826766140350
0826766141302
0826766141319
0826766258017
0826766258048
0826794000398
0826846132022
0826846132084
0826846138017
0826846145091
0826846231008
0826846236072
0826846237000
0826846237031
0827309006232
0827486101300
0827615000979
0827912073324
0828093003469
0828404781000
0828430018101
0828686007188
0829262000647
0829262005611
0829262006106
0829262006229
0829262006809
0829354102075
0829354103904
0829354104178
0829354104321
0829462501012
0829462501029
0829462501036
0829462501043
0829462502019
0829462502026
0829462502033
0829462502040
0829515310257
0829515310295
0829515310363
0829515310431
0829515322465
0829515322892
0829515325084
0829515325145
0829515326937
0829515397128
0829696001258
0829696002712
0829793001922
0829793011136
0829793054164
0829793061612
0829793071413
0829905001260
0829905001444
0830028001112
0830028002386
0830108000103
0830108000394
0830108000400
0830108944629
0830238000332
0830238002091
0830238006082
0830712003125
0830757008147
0831011100478
0831011100485
0831011100522
0831201002223
0831490060102
0832460011308
0832460555543
0832924001319
0832924005270
0833151006900
0833404000365
0833404000624
0833626005407
0833911000384
0833911002104
0833911003538
0833911003965
0834266006922
0834706001869
0835143013088
0835204007018
0835228000064
0835228000194
0835228006318
0835228006455
0835228006479
0835481002164
0835481002195
0835481002201
0835481004076
0835481004090
0835481006162
0835481006209
0835481006223
0835595002517
0835841000199
0835841003824
0835841005200
0835841005354
0835841008225
0835882008185
0836093001057
0836093011551
0836110002074
0837152004712
0837152004811
0837246002488
0837246003300
0837579111284
0838154000023
0838452006970
0838766002095
0838766004778
0838766005355
0838766006567
0838766006581
0838766008769
0838766011103
0838766011127
0838766066516
0838766080024
0838766080710
0838766111100
0838913001223
0838913001742
0838913002121
0838927502235
0838948000062
0838948000215
0838948000888
0838948000895
0838948001137
0838948004756
0838948007542
0838948010344
0840024302113
0840024302557
0840031402806
0840031402820
0840055101075
0840055101105
0840093500915
0840143700289
0840202208244
0840202208473
0840202270296
0840202286204
0840224600958
0840229302123
0840229303434
0840229304677
0840229305612
0840229306145
0840229306428
0840229307111
0840229307197
0840229307364
0840266300014
0840266332473
0840290700330
0840344601538
0840344601576
0840357815526
0840357817438
0840370901046
0840370901169
0840370901343
0840370901565
0840370901572
0840370901763
0840370901800
0840370901824
0840370901848
0840370901855
0840370902593
0840370902777
0840370903040
0840379101362
0840392300438
0840392300674
0840423100266
0840423100464
0840442200541
0840442200589
0840442200978
0840442201128
0840469110045
0840473400156
0840473400170
0840473400194
0840473400255
0840473400361
0840473400378
0840495300045
0840495300076
0840495300106
0840515100006
0840515100037
0840598005380
0840762109814
0841330111246
0841330118641
0841455061808
0841905010318
0841905010615
0841937158200
0842096109119
0842096112546
0842096180828
0842096766886
0842234000124
0842379101908
0842379106873
0842379106880
0842379106958
0842379107078
0842379161599
0842379163166
0842379164569
0842379166013
0842379166310
0842379167973
0842379190490
0842379192555
0842379193019
0842379193262
0842379195433
0842379195488
0842379196744
0842515007194
0842515009525
0842535172919
0842535173510
0842535180808
0842535181119
0842552000028
0842595109368
0842595128475
0842595131536
0842595131628
0842595133431
0842595133608
0842595135879
0842595135916
0842595136449
0842595138269
0842595138511
0842595139266
0842595139310
0842595141351
0842595141375
0842605111428
0842798100780
0842798100797
0842798100858
0842798100872
0842798100964
0842798100971
0842798100988
0842798101152
0842798101732
0842798102050
0842798102081
0842798102296
0842798103453
0842798104085
0842798105686
0842798107536
0842798108311
0843237006045
0843364195025
0843562130385
0843562131337
0844746097845
0844911003596
0844911004555
0844911008669
0844911009055
0844911009239
0844911009246
0844911009659
0844911009826
0845172000287
0846203000115
0846226007849
0846533000038
0846548021752
0846548060133
0846548081213
0846548082654
0846548082852
0846548086539
0846548086553
0846675003874
0846675006660
0846675010360
0846836011953
0846897040022
0847280086009
0847280089383
0847280092550
0847280094523
0847280095322
0847534004650
0847644007459
0847644008845
0847644011340
0848737003099
0848737003105
0848737003112
0848737003129
0848737003822
0848737003846
0848737004928
0848737004935
0848737004942
0848737004959
0848737005116
0848737005123
0848737006472
0848737006489
0848860048158
0848860050250
0848860050281
0848860050830
0848860050861
0849327001006
0849327004458
0849327004540
0849327004939
0849327007107
0849429000556
0849429001898
0849429004592
0850000223851
0850000411166
0850000411821
0850000486737
0850000628311
0850000628502
0850000628724
0850000783249
0850000868038
0850001478502
0850001779029
0850001791311
0850001974653
0850002207316
0850002418248
0850002433357
0850002680102
0850002887853
0850003023243
0850003033365
0850003766744
0850003833262
0850003875729
0850003898612
0850003977553
0850004463369
0850004554104
0850004554685
0850004639603
0850004694251
0850004694275
0850004759066
0850004867662
0850004884515
0850004884850
0850005169277
0850005261216
0850005324720
0850005622208
0850005628019
0850005872689
0850006496020
0850006616992
0850006815517
0850006815876
0850006943005
0850006943272
0850006943708
0850007391270
0850007391805
0850007391928
0850007557294
0850007631024
0850007745158
0850007745233
0850007745301
0850007832742
0850008237904
0850008592003
0850008751486
0850008833298
0850008833564
0850009035738
0850009273697
0850009682055
0850010013633
0850010149721
0850010149745
0850010222196
0850010272269
0850010272351
0850010272436
0850010272528
0850010422930
0850010661834
0850010661957
0850010950143
0850010950181
0850010950532
0850010950761
0850011278192
0850011482544
0850011482551
0850011745328
0850011783207
0850011783412
0850011828328
0850011911655
0850011911839
0850011922255
0850012399360
0850012399773
0850013494835
0850013497188
0850013497591
0850013549948
0850013549962
0850013561001
0850013763160
0850013807017
0850014216368
0850014335175
0850014369736
0850014658106
0850014658236
0850014658342
0850014776480
0850015096143
0850015096174
0850015096341
0850015096358
0850015140020
0850015140181
0850015308024
0850015690105
0850015690273
0850015690723
0850015865305
0850015892295
0850016249203
0850016249449
0850016318169
0850016318558
0850016452566
0850016452610
0850016813527
0850016813541
0850016891174
0850016944122
0850016944214
0850017020269
0850017084056
0850017084100
0850017142367
0850017142824
0850017315259
0850017315358
0850017468740
0850017565999
0850017589759
0850017589766
0850017604391
0850017990067
0850018464871
0850018476522
0850018547574
0850018829946
0850019095104
0850019179767
0850019606140
0850019890365
0850020087136
0850020260829
0850020705405
0850020705849
0850020883530
0850021066277
0850021145057
0850021145149
0850021228231
0850021228941
0850021905378
0850021930127
0850022121012
0850022121340
0850022154171
0850022180019
0850022368424
0850022368431
0850022624544
0850022820908
0850023066497
0850023066510
0850023066541
0850023066565
0850023073051
0850023073105
0850023692559
0850023861634
0850023976093
0850024069046
0850024069053
0850024069176
0850024157408
0850024157477
0850024157484
0850024157491
0850024157507
0850024326026
0850024735453
0850024735644
0850024782174
0850024782587
0850024927063
0850024943032
0850025187459
0850025251440
0850025251839
0850025323017
0850025395236
0850025395403
0850025807296
0850026196030
0850026196320
0850026196580
0850026196719
0850026196726
0850026196818
0850026196931
0850026494631
0850026648294
0850026913538
0850027345925
0850027345949
0850027345970
0850027617121
0850027617480
0850027792637
0850027959498
0850027975412
0850027984193
0850027984711
0850027984827
0850028051535
0850028051726
0850028051948
0850028270547
0850028332511
0850028337073
0850028447741
0850028447765
0850028524039
0850029324720
0850029324799
0850029324980
0850029658191
0850029698012
0850029742548
0850029742739
0850029742975
0850029742982
0850029843030
0850029843313
0850029843320
0850029903826
0850030422057
0850030422064
0850030464224
0850030464323
0850030464330
0850030552181
0850031192010
0850031193451
0850031193482
0850031261617
0850031261730
0850031740389
0850031740839
0850031975361
0850031990487
0850031990562
0850031990586
0850031990647
0850031990678
0850032032674
0850032032681
0850032033091
0850032528733
0850032528986
0850032676090
0850032677448
0850032716055
0850032823265
0850033231083
0850033231090
0850033231106
0850033235562
0850033318586
0850033354027
0850033748314
0850033937084
0850033992182
0850034219196
0850034219783
0850034538303
0850034580289
0850034678009
0850034678320
0850034864327
0850035088128
0850035324196
0850035324257
0850035359839
0850035359921
0850035467237
0850035737385
0850035980330
0850036076261
0850036168065
0850036168096
0850036240310
0850036318279
0850036606000
0850036606123
0850036632511
0850036648581
0850036648611
0850036825449
0850036825791
0850036825876
0850037395187
0850037418749
0850037528028
0850038125554
0850038376093
0850038428648
0850038437282
0850038437886
0850038462079
0850038462086
0850038462109
0850039253010
0850039286100
0850039286643
0850039394027
0850039394102
0850039445989
0850039856150
0850039875045
0850040471540
0850040516562
0850040516647
0850040516715
0850040516722
0850040959482
0850041072883
0850041276052
0850041728049
0850041728193
0850041753072
0850041914220
0850041914329
0850041914497
0850041914510
0850042078051
0850042128381
0850042128633
0850042128664
0850042359006
0850042519103
0850042519141
0850042519387
0850042519486
0850042519493
0850042519677
0850042519691
0850042519868
0850042519998
0850042641965
0850042830215
0850043074267
0850043074274
0850043157212
0850043157380
0850043157410
0850043179269
0850043179702
0850043234111
0850043326199
0850043369028
0850043444886
0850043447528
0850043711759
0850043711773
0850043978367
0850043978701
0850044112074
0850044112715
0850044112937
0850044456284
0850044456772
0850044599523
0850044599653
0850044833474
0850044957231
0850044971077
0850044999316
0850045105280
0850045105389
0850045105396
0850045187118
0850045609306
0850045748241
0850046148064
0850046273087
0850046582226
0850046582301
0850046990045
0850047128317
0850047220424
0850047220813
0850047220844
0850047220875
0850047220912
0850047450401
0850047451361
0850047659248
0850047659620
0850047865984
0850047871312
0850048165595
0850048199033
0850048199040
0850048199057
0850048199064
0850048199163
0850048199217
0850048199224
0850048199231
0850048199248
0850048199255
0850048199279
0850048297517
0850048297531
0850048358188
0850048358270
0850048358492
0850048358508
0850048358577
0850048739000
0850049100281
0850049100427
0850049100434
0850049100441
0850049150293
0850049150392
0850049150965
0850049384209
0850049384773
0850049384797
0850049384988
0850049405683
0850049837552
0850050157007
0850050224662
0850050238850
0850050238874
0850050238904
0850050430278
0850050430483
0850050515036
0850050515081
0850050515098
0850050600084
0850051086078
0850051086085
0850051151059
0850051755264
0850052040147
0850052193034
0850052239510
0850052418632
0850052437152
0850052561192
0850052561994
0850052630171
0850052630287
0850052630294
0850052630317
0850052630379
0850052942052
0850052997038
0850052997595
0850052997601
0850053039720
0850053120145
0850053265037
0850053624063
0850053624391
0850053624940
0850053810435
0850053830099
0850053830167
0850053830174
0850053830211
0850053892066
0850053892073
0850053892332
0850053892370
0850054108920
0850054166500
0850054248084
0850054360045
0850054360595
0850054726773
0850054851000
0850054894182
0850054963017
0850055003033
0850055003064
0850055317277
0850055348509
0850055470002
0850055470224
0850055483057
0850055483064
0850055483071
0850055502222
0850055502314
0850055502505
0850055502598
0850055550278
0850055550407
0850055550612
0850055550711
0850055756182
0850055756496
0850055756526
0850055872004
0850055986015
0850055993839
0850056244114
0850056784306
0850056830201
0850057089158
0850057089233
0850057089240
0850057174106
0850057175202
0850057175325
0850057175615
0850057178623
0850057210132
0850057925623
0850058250144
0850058294148
0850058325361
0850058395029
0850059374054
0850059374078
0850059419106
0850059419571
0850059419670
0850059419793
0850059767818
0850059768273
0850059884027
0850059884065
0850059916018
0850060038044
0850060038051
0850060058301
0850060096013
0850060096112
0850060296390
0850060376276
0850060665103
0850060665851
0850060973017
0850060973086
0850060973093
0850061074003
0850061074010
0850061074027
0850061075147
0850061075178
0850061104007
0850061104113
0850061104205
0850061178138
0850061178442
0850061353832
0850061537133
0850061569011
0850061847072
0850061874399
0850061874542
0850061874559
0850061874566
0850061874641
0850061874757
0850061874795
0850062021068
0850062168008
0850062286108
0850062290037
0850062335028
0850062335608
0850062335752
0850062339033
0850062393110
0850062639096
0850062639430
0850062639621
0850062639638
0850062639652
0850062928145
0850062936287
0850062936331
0850062936355
0850063086028
0850063196055
0850063264037
0850063265065
0850063599030
0850063763004
0850063790383
0850063832038
0850064234190
0850064234268
0850064234275
0850064234411
0850064246254
0850064251043
0850064255102
0850064303186
0850064303605
0850064303629
0850064303636
0850064303704
0850064303957
0850064636062
0850064636079
0850064637014
0850064637045
0850064638608
0850064638622
0850064638639
0850064638714
0850064638776
0850064638813
0850064638837
0850064638981
0850064670011
0850064833621
0850064930146
0850064930160
0850064950212
0850064950403
0850064950557
0850064950700
0850064959086
0850064959222
0850064959246
0850064964042
0850065016177
0850065016191
0850065016207
0850065049243
0850065158099
0850065158112
0850065357416
0850065410340
0850065443041
0850065443102
0850065537061
0850065537238
0850065584065
0850065584072
0850065604152
0850065604206
0850065835143
0850066288276
0850066774472
0850066912140
0850066912157
0850066912287
0850066968130
0850067366027
0850067366034
0850067374442
0850067402015
0850067422211
0850067422228
0850067550099
0850067740056
0850067740605
0850067740612
0850068143009
0850068174041
0850068457014
0850068457038
0850068457144
0850068457731
0850068457755
0850068457779
0850068724048
0850069104610
0850069104672
0850069118242
0850069201135
0850069201241
0850069201272
0850069391027
0850069519940
0850069605728
0850069641214
0850069667009
0850069667122
0850069667467
0850069761097
0850069796013
0850070057417
0850070065016
0850070722025
0850070722155
0850070722186
0850070777063
0850071682045
0850071966008
0850071997019
0850072294063
0850072431239
0850072768625
0850073043059
0850073158180
0850073236031
0850073314180
0850073682005
0850073935064
0850074471080
0850074614227
0850074614296
0850074746089
0850074802198
0850074802228
0850075024049
0850075024056
0850075024087
0850075099269
0850075099726
0850075617081
0850075617104
0850075778119
0850075778133
0850076359461
0850076565466
0850077085000
0850077085031
0850077349003
0850077893018
0850078920041
0850078920096
0850078920218
0850079079038
0850079200012
0850079316058
0850079316119
0850079316126
0850079592247
0850079592254
0850079592292
0850080222027
0850080346068
0850080346099
0850080626009
0850080626078
0850080626184
0850080626290
0850081830115
0850082217038
0850083367008
0850106006037
0850106006044
0850106006051
0850171005157
0850171005164
0850171005195
0850173005797
0850205004491
0850250005009
0850250005016
0850314005068
0850357005018
0850357005049
0850379003153
0850388783121
0850388783312
0850388872078
0850388872597
0850397004231
0850397004538
0850403000097
0850408004007
0850408004113
0850408004120
0850408004137
0850408004199
0850416002521
0850451008892
0850460005509
0850461002040
0850461002057
0850529003101
0850530008027
0850532000487
0850532000517
0850532000524
0850551003230
0850563002047
0850563002443
0850565007712
0850581007246
0850643007313
0850647004028
0850647004042
0850647004127
0850668000504
0850712007718
0850732006173
0850732006753
0850773006804
0850773006811
0850775005058
0850775005065
0850775005072
0850775005089
0850775005270
0850803003032
0850804008869
0850822006946
0850840001039
0850859004106
0850864004016
0850870003652
0850885008796
0850941006254
0850975006312
0851015004367
0851035003395
0851040006480
0851040006657
0851087000267
0851100003527
0851100003534
0851100003725
0851110003166
0851139005332
0851167002303
0851178004112
0851186007037
0851238005066
0851238005684
0851403007154
0851424000042
0851461004270
0851463005008
0851463005015
0851463005022
0851463005039
0851463005053
0851463005060
0851463005084
0851463005091
0851463005114
0851463005329
0851492002030
0851510008105
0851542003529
0851554006013
0851562008252
0851570003119
0851587003133
0851587003515
0851587003621
0851587003782
0851639006051
0851650003022
0851694003767
0851694003804
0851697005041
0851697005058
0851697005072
0851702007381
0851702007534
0851716006165
0851721008680
0851724008199
0851724008960
0851755004085
0851769007164
0851770006293
0851770007092
0851770008556
0851770008563
0851770009317
0851770009966
0851784007446
0851784007491
0851856006469
0851856008586
0851856008890
0851903005001
0851903005018
0851903005025
0851921006660
0851932004013
0851944004070
0851953005044
0851980005024
0851980005208
0852025002206
0852043003032
0852089007230
0852089007360
0852089007650
0852089007803
0852095004582
0852160006008
0852160006305
0852244003015
0852261007201
0852261007256
0852261007485
0852262003325
0852262003387
0852279006012
0852279006043
0852291004430
0852291004447
0852366004136
0852369005093
0852390046614
0852392840180
0852392843846
0852399221494
0852455005983
0852457007435
0852467740612
0852472006017
0852487008648
0852500004763
0852500004923
0852512006007
0852512006014
0852512006045
0852512006069
0852512006076
0852512006106
0852512006120
0852512006137
0852537005344
0852537005689
0852537005696
0852537055356
0852626006009
0852636000035
0852636000134
0852636000165
0852636000202
0852636000271
0852636000462
0852675776243
0852697001095
0852698004187
0852700300610
0852704005177
0852727005116
0852730004014
0852743006487
0852749004180
0852749004401
0852764006206
0852764006220
0852795005018
0852913003315
0852913003773
0852929735040
0852945006001
0852945006391
0852953001036
0852955007494
0853009004414
0853016002137
0853021005062
0853026005739
0853034007213
0853034007428
0853056004528
0853056004801
0853056004856
0853056004955
0853056004962
0853068004004
0853103007519
0853152100025
0853152100308
0853152100384
0853152120320
0853169002824
0853204007524
0853218000122
0853218000238
0853218000979
0853231003285
0853231007092
0853234001011
0853240004211
0853240004273
0853247003255
0853263005349
0853305003463
0853311003594
0853330007122
0853345008152
0853365500025
0853378008129
0853378008174
0853378008631
0853378008655
0853454000016
0853454000207
0853471004387
0853511003066
0853547003047
0853552003575
0853555006610
0853584002027
0853584002034
0853584002058
0853584002072
0853584002096
0853585008417
0853600001041
0853647000762
0853687004355
0853694003082
0853694003099
0853694003242
0853712003988
0853712003995
0853753008324
0853762002870
0853787005177
0853807005859
0853807005972
0853814001561
0853817008888
0853824004101
0853826003881
0853826003898
0853879008079
0853883006665
0853883006689
0853894004155
0853894007699
0853907007548
0853922004799
0853922004829
0853923002121
0853923002169
0853923002220
0853923002299
0853923002398
0853923002435
0853923002534
0853923002633
0853923002688
0853923002732
0853923002794
0853923002800
0853923002817
0853923002848
0853927003797
0853927003810
0853964003129
0853982004159
0853988002258
0854021008473
0854021008671
0854021008701
0854021008749
0854030005265
0854050008529
0854050008741
0854050008895
0854074006372
0854074006549
0854086007909
0854088007297
0854125003039
0854125003220
0854134004010
0854134004027
0854134004034
0854137000439
0854143006548
0854143006562
0854143006579
0854198004605
0854198004766
0854263004004
0854263004028
0854263004035
0854263004042
0854263004059
0854263004066
0854263004073
0854263004080
0854263004097
0854263004110
0854263004134
0854263004141
0854263004158
0854263004165
0854263004172
0854263004189
0854282008373
0854282008571
0854313003704
0854317008057
0854317008217
0854349008087
0854392008188
0854416003137
0854442007000
0854442007260
0854446004029
0854560005018
0854616007010
0854693000553
0854708003357
0854708003647
0854719006019
0854719006033
0854719006040
0854723007897
0854724007704
0854724007728
0854724007735
0854751008224
0854791004026
0854835004968
0854934007358
0854950007837
0854966005018
0854977005939
0855019000981
0855019004057
0855019004286
0855023001028
0855023001042
0855025005529
0855025005536
0855025005598
0855036005167
0855057008055
0855083004106
0855083004182
0855088005009
0855088005016
0855088005023
0855088005030
0855088005047
0855088005054
0855088005085
0855088005108
0855088005115
0855088005122
0855088005139
0855088005146
0855088005153
0855088005160
0855088005177
0855088005184
0855088005207
0855088005221
0855088005283
0855088005290
0855095003043
0855095003050
0855095003067
0855095003111
0855095003135
0855095003227
0855095003296
0855095003302
0855095003326
0855097002105
0855109006114
0855109006664
0855109006688
0855109006817
0855124000012
0855124008582
0855139005378
0855188003912
0855206005133
0855206005812
0855218006012
0855218006029
0855218006081
0855235002028
0855298005455
0855312004983
0855324005459
0855324005596
0855336004068
0855353004041
0855370003003
0855433008044
0855440007061
0855499005278
0855499005322
0855504003374
0855504003381
0855513004003
0855513004010
0855564003062
0855569110543
0855569110550
0855569210786
0855569211820
0855596007014
0855596007533
0855616007871
0855711004232
0855724007602
0855752005007
0855767005009
0855767005016
0855842004262
0855845004313
0855858511983
0855868002310
0855868002334
0855919003358
0855930001586
0855930001623
0855971002269
0855971002276
0855985004204
0855990004794
0856014001713
0856036004006
0856072004169
0856072004428
0856088003156
0856091005000
0856091005017
0856091005024
0856091005031
0856091005048
0856091005086
0856091005093
0856091005109
0856106004103
0856170005136
0856174002193
0856174002278
0856174002292
0856261006653
0856264004519
0856360008381
0856360008657
0856366002291
0856399002213
0856402004012
0856403007180
0856414002259
0856481003029
0856492007399
0856516005356
0856564006558
0856584003346
0856584003469
0856584004411
0856584004589
0856584004855
0856617004067
0856622004519
0856624004159
0856624004333
0856624004470
0856624004487
0856624004555
0856648000106
0856648000380
0856663004707
0856663004806
0856664004478
0856701006960
0856711007254
0856720007696
0856744005005
0856750002012
0856750002029
0856750002142
0856750003019
0856750004085
0856769006964
0856785003930
0856802008108
0856802008801
0856823004004
0856859001237
0856875006056
0856911007245
0856942008068
0856962007409
0856973005111
0856990008409
0856998004113
0857003002001
0857003002032
0857003002070
0857055006002
0857055006040
0857063002010
0857077008701
0857127003342
0857127003625
0857128001569
0857128001750
0857131004014
0857167006808
0857176008121
0857251006164
0857253005340
0857287004234
0857287004241
0857287004258
0857290006102
0857290006188
0857290006386
0857290006676
0857290006706
0857290006782
0857308005042
0857468003032
0857468003070
0857468003087
0857468003094
0857468003131
0857468003155
0857468003162
0857468003179
0857468003193
0857468003209
0857484006772
0857484006956
0857488004347
0857488004446
0857494005147
0857494005253
0857522001806
0857527008978
0857549004927
0857613008080
0857631005009
0857631005016
0857631005023
0857631005030
0857631005054
0857631005061
0857631005078
0857640006172
0857682003047
0857682003122
0857683008089
0857690008249
0857690008713
0857722006182
0857756004031
0857768008263
0857768008355
0857776002970
0857777004171
0857777004768
0857777004928
0857795005020
0857822007706
0857851005049
0857858004175
0857876004171
0857900005266
0857900005860
0857910003047
0857916006110
0857916006141
0857916006547
0857925008457
0857925008464
0857925008709
0857938005825
0857946006197
0857965007113
0857965007625
0857965007755
0857978007025
0858010005030
0858010005047
0858010005078
0858010005993
0858010008108
0858016005232
0858082006003
0858102004736
0858102007065
0858102007102
0858113007207
0858117003328
0858126005054
0858135003874
0858135003904
0858195003081
0858201000103
0858201005016
0858221007090
0858236003209
0858246001844
0858298001328
0858344005546
0858344005898
0858348004095
0858436005614
0858436005638
0858442006193
0858476006015
0858491007561
0858494004000
0858520003021
0858595000505
0858638004019
0858640002553
0858646001833
0858660005183
0858673004609
0858690007010
0858690007119
0858690007461
0858751004002
0858751004019
0858751004026
0858751004033
0858751004057
0858751004064
0858751004118
0858751004125
0858841006015
0858852001443
0858895003329
0858900005119
0858914003149
0858959005832
0858966004026
0858982001405
0859082004020
0859091001430
0859118002051
0859138005209
0859143000602
0859146006991
0859162007248
0859166002508
0859174003597
0859174003757
0859174003771
0859267000007
0859453005854
0859480006404
0859553004115
0859553004757
0859564004005
0859564004012
0859594006529
0859638000094
0859665002047
0859665002122
0859665002450
0859665002467
0859665002658
0859686004501
0859750003768
0859764006960
0859774007698
0859774007773
0859776003063
0859776003131
0859776003148
0859776003179
0859776003209
0859776003216
0859776003223
0859776003230
0859776003247
0859776003261
0859888000035
0859922006832
0859980003194
0859982007046
0859982007138
0859987061289
0859988444289
0859994006693
0860000084628
0860000106214
0860000302197
0860000491273
0860000761055
0860000875578
0860001090574
0860001239980
0860001393903
0860001393934
0860001715729
0860001800562
0860001819410
0860002036922
0860002724133
0860002854151
0860003010709
0860003010747
0860003034194
0860003128435
0860003166147
0860003309650
0860003327302
0860003623497
0860003827352
0860004024408
0860004024422
0860004257103
0860004405870
0860004951612
0860004990345
0860005281909
0860005878499
0860006016326
0860006175047
0860006200466
0860006340384
0860006564131
0860006790240
0860006809812
0860006809836
0860006819552
0860006949433
0860006975890
0860007286971
0860007286988
0860007671456
0860007692000
0860008122186
0860008222343
0860008481153
0860008554932
0860008672322
0860008920720
0860008967114
0860009004689
0860009062238
0860009082854
0860009082885
0860009292406
0860009309975
0860009428812
0860009428874
0860009501799
0860009649545
0860009885813
0860009951457
0860009979314
0860010013618
0860010028643
0860010036952
0860010053850
0860010060209
0860010168950
0860010171127
0860010240533
0860010263525
0860010297155
0860010360736
0860010442302
0860010554814
0860010585900
0860010587072
0860010688304
0860010749036
0860010749050
0860011096634
0860011130567
0860011205517
0860011205524
0860011242475
0860011242482
0860011424628
0860011434924
0860011434986
0860011434993
0860011489825
0860011685807
0860011688518
0860011688525
0860011695974
0860011720157
0860011728801
0860011728818
0860011975625
0860011997122
0860012013920
0860012034635
0860012168224
0860012168248
0860012172740
0860012238057
0860012278251
0860012278299
0860012282500
0860012315635
0860012335688
0860012337767
0860012356737
0860012388806
0860012484225
0860012516407
0860012516421
0860012574483
0860012623006
0860012681693
0860012705108
0860012711413
0860012718511
0860012718535
0860012720071
0860012722518
0860012732210
0860012958658
0860013126902
0860013126964
0860013183325
0860013225230
0860013225261
0860013234409
0860013397227
0860013397258
0860013475413
0860013529536
0860013717902
0860013717919
0860013717926
0860013717964
0860013751111
0860013751630
0860013752941
0860013805814
0860013817862
0860013869274
0860013879303
0860013933142
0860013982614
0860013982621
0860013993559
0860013993580
0860013994648
0860014102370
0860014165726
0860014390234
0860014468735
0860014550522
0860014588204
0860014787508
0860014787515
0860015146809
0860149001708
0860219002413
0860270001387
0860361001715
0860477001043
0860507000404
0860738000211
0860955000308
0861426002609
0861426002623
0861440000346
0861506000464
0861552000005
0861715000309
0861782000103
0861850000004
0861945000209
0861991000208
0862069000113
0862069000137
0862069000151
0862205000458
0862413000202
0862413000226
0862722000009
0863209000154
0863268000317
0863316000344
0863441000004
0863441000028
0863441000073
0863601000202
0863902000215
0863944000471
0863996000221
0864075000156
0864094000007
0864377000007
0864377000014
0864377000052
0864377000069
0864377000076
0864377000083
0865044000481
0865233000223
0865494000109
0865494000147
0865590000485
0865730000054
0867044000133
0867126000402
0867393000037
0867467000437
0867481000147
0867907000126
0867937000394
0868307000112
0868543000006
0868543000013
0868543000044
0868728000364
0868835000059
0869014000044
0869084000104
0869745000146
0869745000160
0869774000100
0869774000124
0869969000106
0869969000113
0869969000120
0869969000137
0870001001845
0870375005005
0870625002655
0870625002716
0870625004949
0871459003016
0871459003030
0871459003047
0871791100206
0871950000514
0871950000682
0872181005941
0872198003510
0872227000046
0872410000150
0872410000877
0872410005469
0872447002097
0872629006202
0873204008222
0873292002034
0873617004705
0873778006129
0873799002483
0873934002026
0873934002101
0873976001254
0874084000474
0874474090139
0874474100029
0874492000929
0874659000205
0874659000243
0874659000656
0874659000663
0874659001004
0874659001073
0874659001394
0874659001967
0874659002544
0874659002629
0874659002780
0874659002841
0874659002896
0874875007255
0874896009160
0874918000311
0874918000441
0875045002377
0875045183762
0875208000707
0875343005162
0875343005322
0875343006305
0875386000605
0875386000643
0875386000650
0875386000667
0875754000145
0875754004457
0876012010418
0876045006679
0876144002787
0876314001350
0876634002143
0876681000468
0876681001892
0876681011068
0876941002409
0876941004946
0876941007039
0877168006027
0877448008635
0877448008772
0877693000446
0877693001702
0877921006547
0877971007174
0877971008195
0877971008508
0877977000094
0877977000377
0877977000513
0878782001368
0878941007842
0879026031011
0879147009067
0879452001428
0879452007192
0879890000793
0879890002605
0879890003602
0880124014462
0880173000614
0880911163892
0881245120247
0881334017120
0882379000146
0882391150034
0882469091306
0882965000468
0883038000071
0883038002402
0883038002501
0883038002525
0883038002532
0883061000604
0883298615640
0883350009318
0883350027749
0883426004605
0883655106293
0883655106309
0883655106316
0883655106323
0883655106330
0883655106392
0883655106415
0883655106422
0883655106439
0883655106514
0883655106538
0883655106545
0883655106552
0883712000168
0883978339149
0884038180510
0884038851908
0884038852240
0884394008039
0884623103191
0884623105577
0884623105904
0884623106260
0884623106277
0884623486232
0884789500506
0884789501374
0884853622684
0884912003218
0884912003911
0884912006714
0884912111814
0884912114600
0884912126153
0884912249296
0884912259363
0884912267160
0884912267177
0884912267184
0884912282736
0884912304285
0884912314246
0884912315250
0884912316721
0884912317087
0884912346285
0884912346513
0884912374592
0884912381835
0884912381859
0884912386564
0884912389480
0884912418418
0884912443656
0884912468338
0884912470690
0884912479495
0884912485311
0884912485533
0884912485540
0885229001997
0885469001535
0885616005447
0885709012246
0885709122822
0885709212172
0885963002045
0885963002083
0885963002090
0885963002120
0885963003219
0886002550534
0886002700151
0886263000069
0886926037753
0886926045833
0886926124255
0886926124262
0886926124330
0886926292671
0886926497656
0886926497694
0886926497700
0886926497755
0887422000494
0888109010508
0888109010522
0888109010539
0888109012182
0888109110444
0888109110970
0888109110987
0888109111854
0888109111885
0888109111977
0888109112219
0888109113124
0888109113742
0888109113858
0888109114114
0888109130374
0888109255640
0888109300029
0888127002585
0888292340017
0888313000302
0888313017362
0888559002306
0888670001974
0888670002841
0888670007228
0888670007266
0888670020395
0888670020418
0888670020449
0888670020715
0888670020869
0888670025130
0888670025383
0888670025581
0888670025956
0888670033999
0888670037560
0888670040072
0888670045589
0888670053140
0888670130803
0888670179710
0888670182994
0888670184998
0888670185094
0888670197080
0888670197158
0888670198049
0888670198995
0888670202081
0888670203972
0888849000227
0888849000531
0888849000616
0888849000692
0888849001798
0888849005420
0888849008759
0888849011148
0888849012213
0888849013371
0888849013401
0888849014460
0888849015146
0888849015252
0888849015368
0888849015689
0888849015849
0888849016068
0888849016556
0888849016723
0888849016921
0888849017126
0888849017157
0888849017645
0888849017713
0888849017799
0888849018376
0888849018543
0889356010754
0889380554538
0889392001617
0889392002355
0889398077531
0889497641503
0889497643019
0889497984433
0889568000871
0890126002978
0890237003154
0890237003161
0890237003192
0890360000327
0890360000334
0890360000464
0890360000853
0890376002032
0890444000106
0890444000809
0890476000105
0890476000808
0890476000822
0890476000938
0890476000969
0890817001471
0890911000837
0890975001368
0891071001016
0891071001078
0891071001153
0891071001290
0891071001429
0891071001443
0891071001450
0891071001481
0891071001511
0891325004152
0891373000014
0891373000137
0891373000175
0891373000182
0891373000755
0891373000809
0891373000830
0891597003655
0891617002224
0891627009916
0891830472118
0891886000006
0891886000136
0891886000532
0891886000624
0891886000631
0891886000686
0891886000754
0891886000839
0891886000860
0891886000907
0891886000921
0891886000969
0891953001646
0891972002051
0892144000691
0892144000752
0892234002116
0892245002099
0892453001143
0892453001600
0892453001617
0892453001747
0892691001097
0892691001431
0892809000127
0893190002387
0893190002615
0893190002622
0893222000831
0893425002007
0893425002014
0893425002021
0893536002033
0893536002897
0893594001405
0893648001467
0893648001481
0893869000034
0893869000812
0894184003014
0894310002171
0894357002301
0894697002160
0894697002795
0894700010038
0894700010076
0894700010090
0894700010175
0894700010311
0894700010342
0894700010441
0895072000450
0895156001663
0895184002014
0895203001301
0895203001578
0895334001072
0895444001801
0895538000017
0895768002652
0896139001380
0896180001094
0896211002168
0896211002182
0896211002748
0896211004063
0896211004377
0896211004384
0896254049250
0896578000210
0896650001647
0896743002902
0896859000366
0896958001028
0896958001141
0897034002724
0897053001050
0897363001016
0897530000934
0897658001813
0897856002452
0898134002058
0898134002157
0898195001403
0898248001091
0898248001190
0898248001459
0898248001466
0898248001527
0898248001534
0898248001596
0898248001619
0898248001633
0898248001657
0898248001671
0898392004740
0898514000490
0898544000354
0898588002680
0898667002037
0898785001325
0898785001349
0898785001356
0898785001431
0898792001011
0898999013510
0898999013817
0899033002002
0899033002040
0899033002095
0899039002068
0899039002150
0899101002101
0899101002118
0899174000899
0899207002067
0899207002081
0899221001299
0899375000179
0899532002008
0899541001009
0899541001016
0899541001054
0899541001146
0899684002406
0899711002010
0899734002417
0899916001153
0931732010039
0939578031874
0942100060051
0942497038251
0942497093076
0999482001288
1000003747024
1220000062528
1220000250147
1339779029561
